perm_index	perm_id	design_seed	jitter_amplitude	candidate_rep	target_entity	shuffled_from_entity	original_text_sha256	shuffled_text_sha256	original_n_chars	shuffled_n_chars	original_n_whitespace_tokens	shuffled_n_whitespace_tokens	char_abs_diff	token_abs_diff	char_abs_relative_diff	token_abs_relative_diff
0	length_balanced_00	2026100525	0.02	31	localentity:028d462217cb771c4875d196	localentity:6286353b35f2d03c954476a4	d942de671b2308a7ab59f39f18949c0f07f93b6768138c2720aacad06b3fbf8d	1a27139960ee752b6a8f6231ccd228040c70faf034a073556d99fd78d32c12cd	36	45	5	6	9	1	0.25	0.2
0	length_balanced_00	2026100525	0.02	31	localentity:07aa24afd39f643b44d67ee7	localentity:aac1641eb6476d7d3274844b	b6efa4d5ac11967babed26627536e32c9a19d562d5fa150f056f7744217939c6	274898f8f29c4a0ca79574c52ea2b0d2fa0041429dc5414d0cce4c18bef56274	55	52	6	6	3	0	0.05454545454545454	0.0
0	length_balanced_00	2026100525	0.02	31	localentity:1e21c490ec65c6aa8f1d84b7	localentity:5a14856655c54b0826e246b9	04fbfd8af617351d4fe1d73b91d535ac0aa620a8b2567da12b8bdfed27807444	5b3ca63f99a0ccbc2a14f63444f3c7ae71f39a43b1e7f1203bb072723970b2ce	68	69	7	7	1	0	0.014705882352941176	0.0
0	length_balanced_00	2026100525	0.02	31	localentity:272e9169628f3a6ba7420d76	localentity:ad9318e0877eeaae6a8bbcfd	93d04f2aa026899ac953748e356c886a68c42013012ba6f6eca775c25cae4a01	94100b5ed4a54caf7ceb9240fbf5fd03f3a48f3fae05ffdf6dd43e0d4a867adf	48	54	9	8	6	1	0.125	0.1111111111111111
0	length_balanced_00	2026100525	0.02	31	localentity:2b1b3658c6caa3941ee28882	localentity:7ded944e56e6a89265bc4eae	d942de671b2308a7ab59f39f18949c0f07f93b6768138c2720aacad06b3fbf8d	274898f8f29c4a0ca79574c52ea2b0d2fa0041429dc5414d0cce4c18bef56274	36	52	5	6	16	1	0.4444444444444444	0.2
0	length_balanced_00	2026100525	0.02	31	localentity:2e169a0857dc1d4f0315b724	localentity:36b6809cd394b93106bc4aaf	c80c4516676027fbb57a05c76f9efbebd7221038647165221af116aa69d65afb	2f633ad1cb4e3029dacc27a126a04e57fc0fe03da3b8baf559db189b0dd7f1cb	83	85	10	11	2	1	0.024096385542168676	0.1
0	length_balanced_00	2026100525	0.02	31	localentity:3310497069b0015d6d6866dc	localentity:50e3f15b00a2b0d9880bb228	81288f4bbd9799f7de93789ca60759f6382eb12b1942b0395d10fda06005e4d6	63ac7e4ab709c319d833c06d289a7fd7af9d840d58f651410e402e8d7842553c	171	174	20	18	3	2	0.017543859649122806	0.1
0	length_balanced_00	2026100525	0.02	31	localentity:36b6809cd394b93106bc4aaf	localentity:2e169a0857dc1d4f0315b724	2f633ad1cb4e3029dacc27a126a04e57fc0fe03da3b8baf559db189b0dd7f1cb	c80c4516676027fbb57a05c76f9efbebd7221038647165221af116aa69d65afb	85	83	11	10	2	1	0.023529411764705882	0.09090909090909091
0	length_balanced_00	2026100525	0.02	31	localentity:40b4083f36b311a7ee5ae78e	localentity:b4cfbd0ef230b997b022b207	59a0c61d78b8bf664c061fca507c003c8899e0328136e92de65b0f461cbcb040	b1c1241e17aca8ecd9ff64fa8a44e3cfa8b01e15ed834a54e2380c5ff0ef94bd	133	132	13	15	1	2	0.007518796992481203	0.15384615384615385
0	length_balanced_00	2026100525	0.02	31	localentity:454114ced8f67b52dae3185e	localentity:b4e7d8261502f18b0a9cbc87	35ded772a20b7fbb3c620927a1460f61856d06d496d88ea19d6c36c0188b0899	4845617182a06160ee3c7a095ce9a95bb8464c3b734de30ef1dd961e5f09ec21	101	97	11	11	4	0	0.039603960396039604	0.0
0	length_balanced_00	2026100525	0.02	31	localentity:462e44494ff027730349f96b	localentity:8bf1d242afa1e522b26081a6	1d8333f8fb7dcb825b9a1cd780cac90c433ce67e18341c63f77119b3cb86eba6	7341dff866fcad6c986ae9ab80a58d9627e36feb7e5dba6415fe8582414ab990	73	71	7	7	2	0	0.0273972602739726	0.0
0	length_balanced_00	2026100525	0.02	31	localentity:50e3f15b00a2b0d9880bb228	localentity:3310497069b0015d6d6866dc	63ac7e4ab709c319d833c06d289a7fd7af9d840d58f651410e402e8d7842553c	81288f4bbd9799f7de93789ca60759f6382eb12b1942b0395d10fda06005e4d6	174	171	18	20	3	2	0.017241379310344827	0.1111111111111111
0	length_balanced_00	2026100525	0.02	31	localentity:587893b0464eb19053263023	localentity:dc353cf1b082054fe3df3b93	1d8333f8fb7dcb825b9a1cd780cac90c433ce67e18341c63f77119b3cb86eba6	00f2a54a074be251c2b6a807bf2a2bed61ee2a07a14fd06ad752ca2605e7d49a	73	73	7	7	0	0	0.0	0.0
0	length_balanced_00	2026100525	0.02	31	localentity:5a14856655c54b0826e246b9	localentity:1e21c490ec65c6aa8f1d84b7	5b3ca63f99a0ccbc2a14f63444f3c7ae71f39a43b1e7f1203bb072723970b2ce	04fbfd8af617351d4fe1d73b91d535ac0aa620a8b2567da12b8bdfed27807444	69	68	7	7	1	0	0.014492753623188406	0.0
0	length_balanced_00	2026100525	0.02	31	localentity:5bf84d38d462be69ef4627e7	localentity:028d462217cb771c4875d196	274898f8f29c4a0ca79574c52ea2b0d2fa0041429dc5414d0cce4c18bef56274	d942de671b2308a7ab59f39f18949c0f07f93b6768138c2720aacad06b3fbf8d	52	36	6	5	16	1	0.3076923076923077	0.16666666666666666
0	length_balanced_00	2026100525	0.02	31	localentity:5ce728e1957de53bf9e827ff	localentity:d321ea3d68897e0102a9df19	53f9602d11058cd80e3f37ca3ae833affc28eacb99cf2f92726ca27666b1ddd6	55f3cd643eb9cfc1d63969b6f8834701d8783371fccecedac65b7b005d370208	61	63	7	8	2	1	0.03278688524590164	0.14285714285714285
0	length_balanced_00	2026100525	0.02	31	localentity:6286353b35f2d03c954476a4	localentity:fdb3569df605118d8a98eb43	1a27139960ee752b6a8f6231ccd228040c70faf034a073556d99fd78d32c12cd	d942de671b2308a7ab59f39f18949c0f07f93b6768138c2720aacad06b3fbf8d	45	36	6	5	9	1	0.2	0.16666666666666666
0	length_balanced_00	2026100525	0.02	31	localentity:6bfd4ac417754224d615e0fd	localentity:8b6ebc5c05ad29d84c76f634	851d8b37b1bb22190bdf7f01230f17635dd14eb362ae05346a7e8271647ffb6c	24130a414d9acc8b9e0212a9d40c7da3764d4cd6b31e33a1086a9d59ffaa6525	68	67	8	8	1	0	0.014705882352941176	0.0
0	length_balanced_00	2026100525	0.02	31	localentity:6cfed425bbe09fd2228dcdec	localentity:7059ad6b26889a2a5fb6d28f	ed0bb509307fea9c1b833c0d7e3e5313c42cfd669c9d19d24ccd9b810b63aa76	7b73e415b7f1ffcb51a675e9f9874718829e1b0b6e0f245c194826331a288fd7	177	181	19	19	4	0	0.022598870056497175	0.0
0	length_balanced_00	2026100525	0.02	31	localentity:6ea0c6e37fddf8fd506a9d36	localentity:587893b0464eb19053263023	7341dff866fcad6c986ae9ab80a58d9627e36feb7e5dba6415fe8582414ab990	1d8333f8fb7dcb825b9a1cd780cac90c433ce67e18341c63f77119b3cb86eba6	71	73	7	7	2	0	0.028169014084507043	0.0
0	length_balanced_00	2026100525	0.02	31	localentity:7059ad6b26889a2a5fb6d28f	localentity:6cfed425bbe09fd2228dcdec	7b73e415b7f1ffcb51a675e9f9874718829e1b0b6e0f245c194826331a288fd7	ed0bb509307fea9c1b833c0d7e3e5313c42cfd669c9d19d24ccd9b810b63aa76	181	177	19	19	4	0	0.022099447513812154	0.0
0	length_balanced_00	2026100525	0.02	31	localentity:7536111106ec557185a3073b	localentity:e63625c4cedf6c47f2eb071c	6a381588b792d00e10645c33e2b246c2e8dbdbaf80400df2172c5e1674f28860	274898f8f29c4a0ca79574c52ea2b0d2fa0041429dc5414d0cce4c18bef56274	50	52	6	6	2	0	0.04	0.0
0	length_balanced_00	2026100525	0.02	31	localentity:782fc52de3b3df027712c4dc	localentity:9e736491b40ad49317383122	a40fd3def1140ad1bba96fe4389be43be9b052881fae50983fd2a798f43aa022	612987ee6997aed8fa39c1a8322093b5e85bad732a7b3d74ead7dbeb7c3956a2	153	148	17	15	5	2	0.032679738562091505	0.11764705882352941
0	length_balanced_00	2026100525	0.02	31	localentity:792c35007fd6b835fd4d16c4	localentity:eb7bac7a626cb929ed6d43aa	d72295968fc84ec82aa3ab17c7cef3a38ed13483e6b557f6cf646e28957ba38a	35ded772a20b7fbb3c620927a1460f61856d06d496d88ea19d6c36c0188b0899	99	101	13	11	2	2	0.020202020202020204	0.15384615384615385
0	length_balanced_00	2026100525	0.02	31	localentity:7ded944e56e6a89265bc4eae	localentity:7536111106ec557185a3073b	274898f8f29c4a0ca79574c52ea2b0d2fa0041429dc5414d0cce4c18bef56274	6a381588b792d00e10645c33e2b246c2e8dbdbaf80400df2172c5e1674f28860	52	50	6	6	2	0	0.038461538461538464	0.0
0	length_balanced_00	2026100525	0.02	31	localentity:8883362cb7bc384cdfb665b3	localentity:a7edcf0395abe679c80950da	cdc066e9f49b5c2fb8827c1f5709a1eb459a4fc63a5f435fad085dad1f35cfb3	e0a388cbaa922558e3f003bcafdff9e30d877ec0460ade601eacd926b751d8a2	379	691	41	78	312	37	0.8232189973614775	0.9024390243902439
0	length_balanced_00	2026100525	0.02	31	localentity:8b6ebc5c05ad29d84c76f634	localentity:6bfd4ac417754224d615e0fd	24130a414d9acc8b9e0212a9d40c7da3764d4cd6b31e33a1086a9d59ffaa6525	851d8b37b1bb22190bdf7f01230f17635dd14eb362ae05346a7e8271647ffb6c	67	68	8	8	1	0	0.014925373134328358	0.0
0	length_balanced_00	2026100525	0.02	31	localentity:8bf1d242afa1e522b26081a6	localentity:bffd6428b58a617fcc19a9b8	7341dff866fcad6c986ae9ab80a58d9627e36feb7e5dba6415fe8582414ab990	1d8333f8fb7dcb825b9a1cd780cac90c433ce67e18341c63f77119b3cb86eba6	71	73	7	7	2	0	0.028169014084507043	0.0
0	length_balanced_00	2026100525	0.02	31	localentity:960ef9ebe8b264bf1051ee8c	localentity:ec908be7a236c726e270b643	1a0a0eba4cf56d9491264d3df1549007d1f533b72f592c1dd5aef6e6132f66d5	2f9dbc62c95bb68953a92d1e80f5f3f2e9e6fd873e180e77c5cfa8f9817f2ad1	187	213	23	20	26	3	0.13903743315508021	0.13043478260869565
0	length_balanced_00	2026100525	0.02	31	localentity:9e736491b40ad49317383122	localentity:782fc52de3b3df027712c4dc	612987ee6997aed8fa39c1a8322093b5e85bad732a7b3d74ead7dbeb7c3956a2	a40fd3def1140ad1bba96fe4389be43be9b052881fae50983fd2a798f43aa022	148	153	15	17	5	2	0.033783783783783786	0.13333333333333333
0	length_balanced_00	2026100525	0.02	31	localentity:9ebaad993a34cb81c36093e5	localentity:b8414499f9575213bc9951c5	80a99ce643c3daa2647011f1e2918826823a9a9fe01849fb296533e8a4550208	5967f7b34279a307fce6ff054e26b2389341c16dc21d2ce884e098c9b8a46628	61	60	6	6	1	0	0.01639344262295082	0.0
0	length_balanced_00	2026100525	0.02	31	localentity:a6ecf5ebe170b8f50a18418f	localentity:5bf84d38d462be69ef4627e7	d942de671b2308a7ab59f39f18949c0f07f93b6768138c2720aacad06b3fbf8d	274898f8f29c4a0ca79574c52ea2b0d2fa0041429dc5414d0cce4c18bef56274	36	52	5	6	16	1	0.4444444444444444	0.2
0	length_balanced_00	2026100525	0.02	31	localentity:a7edcf0395abe679c80950da	localentity:e5404f13bc1e889099bae606	e0a388cbaa922558e3f003bcafdff9e30d877ec0460ade601eacd926b751d8a2	d58d2b6d4cfc44384af536672e0af7539b9dc919b0a6fc3d9e392258f4b1efec	691	369	78	39	322	39	0.46599131693198265	0.5
0	length_balanced_00	2026100525	0.02	31	localentity:aac1641eb6476d7d3274844b	localentity:07aa24afd39f643b44d67ee7	274898f8f29c4a0ca79574c52ea2b0d2fa0041429dc5414d0cce4c18bef56274	b6efa4d5ac11967babed26627536e32c9a19d562d5fa150f056f7744217939c6	52	55	6	6	3	0	0.057692307692307696	0.0
0	length_balanced_00	2026100525	0.02	31	localentity:aae4d88d7dd87a6b9b170cac	localentity:b18ef729b45b2c454ac8932c	8fae9830656ace746d823f9b6392200ed2dd591fbc50da14e550ffd94e51dfd1	8563557a9e62ba1e88d03fa5151ec3c4b6961a0264b5de8124c7cb52d75e99dd	125	110	11	12	15	1	0.12	0.09090909090909091
0	length_balanced_00	2026100525	0.02	31	localentity:ad9318e0877eeaae6a8bbcfd	localentity:272e9169628f3a6ba7420d76	94100b5ed4a54caf7ceb9240fbf5fd03f3a48f3fae05ffdf6dd43e0d4a867adf	93d04f2aa026899ac953748e356c886a68c42013012ba6f6eca775c25cae4a01	54	48	8	9	6	1	0.1111111111111111	0.125
0	length_balanced_00	2026100525	0.02	31	localentity:b18ef729b45b2c454ac8932c	localentity:aae4d88d7dd87a6b9b170cac	8563557a9e62ba1e88d03fa5151ec3c4b6961a0264b5de8124c7cb52d75e99dd	8fae9830656ace746d823f9b6392200ed2dd591fbc50da14e550ffd94e51dfd1	110	125	12	11	15	1	0.13636363636363635	0.08333333333333333
0	length_balanced_00	2026100525	0.02	31	localentity:b4cfbd0ef230b997b022b207	localentity:de0da30e013fa9b0ac4f3ed8	b1c1241e17aca8ecd9ff64fa8a44e3cfa8b01e15ed834a54e2380c5ff0ef94bd	cb6d0c7d700ff6c2f2beef588640dc100d673f712b49c5e87e7a6e5f26a49da4	132	128	15	14	4	1	0.030303030303030304	0.06666666666666667
0	length_balanced_00	2026100525	0.02	31	localentity:b4e7d8261502f18b0a9cbc87	localentity:454114ced8f67b52dae3185e	4845617182a06160ee3c7a095ce9a95bb8464c3b734de30ef1dd961e5f09ec21	35ded772a20b7fbb3c620927a1460f61856d06d496d88ea19d6c36c0188b0899	97	101	11	11	4	0	0.041237113402061855	0.0
0	length_balanced_00	2026100525	0.02	31	localentity:b50e885a27329923556ea367	localentity:e24cdf9c28a133f1f759182c	aad5fd5d9cca3ddbf8a90253a4561980ca60771585f0e8b7ae621777c594907a	7729d359e95bcc669735c6b140878e92b5a69a0c31d217cc3178754fc515af07	76	71	8	9	5	1	0.06578947368421052	0.125
0	length_balanced_00	2026100525	0.02	31	localentity:b74ff55a2dc32c1ea5811fca	localentity:a6ecf5ebe170b8f50a18418f	36afba0acdfc13e711109c074586876f9a4f15063ecb4075ece57f315eacaf4f	d942de671b2308a7ab59f39f18949c0f07f93b6768138c2720aacad06b3fbf8d	49	36	5	5	13	0	0.2653061224489796	0.0
0	length_balanced_00	2026100525	0.02	31	localentity:b8414499f9575213bc9951c5	localentity:9ebaad993a34cb81c36093e5	5967f7b34279a307fce6ff054e26b2389341c16dc21d2ce884e098c9b8a46628	80a99ce643c3daa2647011f1e2918826823a9a9fe01849fb296533e8a4550208	60	61	6	6	1	0	0.016666666666666666	0.0
0	length_balanced_00	2026100525	0.02	31	localentity:bffd6428b58a617fcc19a9b8	localentity:6ea0c6e37fddf8fd506a9d36	1d8333f8fb7dcb825b9a1cd780cac90c433ce67e18341c63f77119b3cb86eba6	7341dff866fcad6c986ae9ab80a58d9627e36feb7e5dba6415fe8582414ab990	73	71	7	7	2	0	0.0273972602739726	0.0
0	length_balanced_00	2026100525	0.02	31	localentity:c1f58836c56bd545ab620fd4	localentity:d23e1f8eaba7eba32c459796	90d984635d0cc6bb66a9539ed83153a79dd8b9ab8d5245ceaff2b02d5b2a9826	55f3cd643eb9cfc1d63969b6f8834701d8783371fccecedac65b7b005d370208	57	63	8	8	6	0	0.10526315789473684	0.0
0	length_balanced_00	2026100525	0.02	31	localentity:c74fdff99aead8264ce65d91	localentity:fcc22f2eac4763de5ab3b970	e87ba8e48fd8bc4d9a401ab5aa874c6f1f6dce49407760df2bc93c3417ab7ba7	011974d219bab421b78dfed01b30b647f142848b74956d1c3c6679b62f9ceb89	233	272	25	31	39	6	0.16738197424892703	0.24
0	length_balanced_00	2026100525	0.02	31	localentity:d23e1f8eaba7eba32c459796	localentity:5ce728e1957de53bf9e827ff	55f3cd643eb9cfc1d63969b6f8834701d8783371fccecedac65b7b005d370208	53f9602d11058cd80e3f37ca3ae833affc28eacb99cf2f92726ca27666b1ddd6	63	61	8	7	2	1	0.031746031746031744	0.125
0	length_balanced_00	2026100525	0.02	31	localentity:d321ea3d68897e0102a9df19	localentity:c1f58836c56bd545ab620fd4	55f3cd643eb9cfc1d63969b6f8834701d8783371fccecedac65b7b005d370208	90d984635d0cc6bb66a9539ed83153a79dd8b9ab8d5245ceaff2b02d5b2a9826	63	57	8	8	6	0	0.09523809523809523	0.0
0	length_balanced_00	2026100525	0.02	31	localentity:dc353cf1b082054fe3df3b93	localentity:ddcd67031137902587164378	00f2a54a074be251c2b6a807bf2a2bed61ee2a07a14fd06ad752ca2605e7d49a	7341dff866fcad6c986ae9ab80a58d9627e36feb7e5dba6415fe8582414ab990	73	71	7	7	2	0	0.0273972602739726	0.0
0	length_balanced_00	2026100525	0.02	31	localentity:ddcd67031137902587164378	localentity:462e44494ff027730349f96b	7341dff866fcad6c986ae9ab80a58d9627e36feb7e5dba6415fe8582414ab990	1d8333f8fb7dcb825b9a1cd780cac90c433ce67e18341c63f77119b3cb86eba6	71	73	7	7	2	0	0.028169014084507043	0.0
0	length_balanced_00	2026100525	0.02	31	localentity:de0da30e013fa9b0ac4f3ed8	localentity:40b4083f36b311a7ee5ae78e	cb6d0c7d700ff6c2f2beef588640dc100d673f712b49c5e87e7a6e5f26a49da4	59a0c61d78b8bf664c061fca507c003c8899e0328136e92de65b0f461cbcb040	128	133	14	13	5	1	0.0390625	0.07142857142857142
0	length_balanced_00	2026100525	0.02	31	localentity:e24cdf9c28a133f1f759182c	localentity:b50e885a27329923556ea367	7729d359e95bcc669735c6b140878e92b5a69a0c31d217cc3178754fc515af07	aad5fd5d9cca3ddbf8a90253a4561980ca60771585f0e8b7ae621777c594907a	71	76	9	8	5	1	0.07042253521126761	0.1111111111111111
0	length_balanced_00	2026100525	0.02	31	localentity:e5404f13bc1e889099bae606	localentity:8883362cb7bc384cdfb665b3	d58d2b6d4cfc44384af536672e0af7539b9dc919b0a6fc3d9e392258f4b1efec	cdc066e9f49b5c2fb8827c1f5709a1eb459a4fc63a5f435fad085dad1f35cfb3	369	379	39	41	10	2	0.02710027100271003	0.05128205128205128
0	length_balanced_00	2026100525	0.02	31	localentity:e63625c4cedf6c47f2eb071c	localentity:2b1b3658c6caa3941ee28882	274898f8f29c4a0ca79574c52ea2b0d2fa0041429dc5414d0cce4c18bef56274	d942de671b2308a7ab59f39f18949c0f07f93b6768138c2720aacad06b3fbf8d	52	36	6	5	16	1	0.3076923076923077	0.16666666666666666
0	length_balanced_00	2026100525	0.02	31	localentity:eb7bac7a626cb929ed6d43aa	localentity:792c35007fd6b835fd4d16c4	35ded772a20b7fbb3c620927a1460f61856d06d496d88ea19d6c36c0188b0899	d72295968fc84ec82aa3ab17c7cef3a38ed13483e6b557f6cf646e28957ba38a	101	99	11	13	2	2	0.019801980198019802	0.18181818181818182
0	length_balanced_00	2026100525	0.02	31	localentity:ec908be7a236c726e270b643	localentity:960ef9ebe8b264bf1051ee8c	2f9dbc62c95bb68953a92d1e80f5f3f2e9e6fd873e180e77c5cfa8f9817f2ad1	1a0a0eba4cf56d9491264d3df1549007d1f533b72f592c1dd5aef6e6132f66d5	213	187	20	23	26	3	0.12206572769953052	0.15
0	length_balanced_00	2026100525	0.02	31	localentity:fcc22f2eac4763de5ab3b970	localentity:c74fdff99aead8264ce65d91	011974d219bab421b78dfed01b30b647f142848b74956d1c3c6679b62f9ceb89	e87ba8e48fd8bc4d9a401ab5aa874c6f1f6dce49407760df2bc93c3417ab7ba7	272	233	31	25	39	6	0.14338235294117646	0.1935483870967742
0	length_balanced_00	2026100525	0.02	31	localentity:fdb3569df605118d8a98eb43	localentity:b74ff55a2dc32c1ea5811fca	d942de671b2308a7ab59f39f18949c0f07f93b6768138c2720aacad06b3fbf8d	36afba0acdfc13e711109c074586876f9a4f15063ecb4075ece57f315eacaf4f	36	49	5	5	13	0	0.3611111111111111	0.0
1	length_balanced_01	2026100527	0.1	29	localentity:028d462217cb771c4875d196	localentity:aac1641eb6476d7d3274844b	d942de671b2308a7ab59f39f18949c0f07f93b6768138c2720aacad06b3fbf8d	274898f8f29c4a0ca79574c52ea2b0d2fa0041429dc5414d0cce4c18bef56274	36	52	5	6	16	1	0.4444444444444444	0.2
1	length_balanced_01	2026100527	0.1	29	localentity:07aa24afd39f643b44d67ee7	localentity:b8414499f9575213bc9951c5	b6efa4d5ac11967babed26627536e32c9a19d562d5fa150f056f7744217939c6	5967f7b34279a307fce6ff054e26b2389341c16dc21d2ce884e098c9b8a46628	55	60	6	6	5	0	0.09090909090909091	0.0
1	length_balanced_01	2026100527	0.1	29	localentity:1e21c490ec65c6aa8f1d84b7	localentity:ddcd67031137902587164378	04fbfd8af617351d4fe1d73b91d535ac0aa620a8b2567da12b8bdfed27807444	7341dff866fcad6c986ae9ab80a58d9627e36feb7e5dba6415fe8582414ab990	68	71	7	7	3	0	0.04411764705882353	0.0
1	length_balanced_01	2026100527	0.1	29	localentity:272e9169628f3a6ba7420d76	localentity:ad9318e0877eeaae6a8bbcfd	93d04f2aa026899ac953748e356c886a68c42013012ba6f6eca775c25cae4a01	94100b5ed4a54caf7ceb9240fbf5fd03f3a48f3fae05ffdf6dd43e0d4a867adf	48	54	9	8	6	1	0.125	0.1111111111111111
1	length_balanced_01	2026100527	0.1	29	localentity:2b1b3658c6caa3941ee28882	localentity:6286353b35f2d03c954476a4	d942de671b2308a7ab59f39f18949c0f07f93b6768138c2720aacad06b3fbf8d	1a27139960ee752b6a8f6231ccd228040c70faf034a073556d99fd78d32c12cd	36	45	5	6	9	1	0.25	0.2
1	length_balanced_01	2026100527	0.1	29	localentity:2e169a0857dc1d4f0315b724	localentity:b4e7d8261502f18b0a9cbc87	c80c4516676027fbb57a05c76f9efbebd7221038647165221af116aa69d65afb	4845617182a06160ee3c7a095ce9a95bb8464c3b734de30ef1dd961e5f09ec21	83	97	10	11	14	1	0.1686746987951807	0.1
1	length_balanced_01	2026100527	0.1	29	localentity:3310497069b0015d6d6866dc	localentity:7059ad6b26889a2a5fb6d28f	81288f4bbd9799f7de93789ca60759f6382eb12b1942b0395d10fda06005e4d6	7b73e415b7f1ffcb51a675e9f9874718829e1b0b6e0f245c194826331a288fd7	171	181	20	19	10	1	0.05847953216374269	0.05
1	length_balanced_01	2026100527	0.1	29	localentity:36b6809cd394b93106bc4aaf	localentity:2e169a0857dc1d4f0315b724	2f633ad1cb4e3029dacc27a126a04e57fc0fe03da3b8baf559db189b0dd7f1cb	c80c4516676027fbb57a05c76f9efbebd7221038647165221af116aa69d65afb	85	83	11	10	2	1	0.023529411764705882	0.09090909090909091
1	length_balanced_01	2026100527	0.1	29	localentity:40b4083f36b311a7ee5ae78e	localentity:b4cfbd0ef230b997b022b207	59a0c61d78b8bf664c061fca507c003c8899e0328136e92de65b0f461cbcb040	b1c1241e17aca8ecd9ff64fa8a44e3cfa8b01e15ed834a54e2380c5ff0ef94bd	133	132	13	15	1	2	0.007518796992481203	0.15384615384615385
1	length_balanced_01	2026100527	0.1	29	localentity:454114ced8f67b52dae3185e	localentity:792c35007fd6b835fd4d16c4	35ded772a20b7fbb3c620927a1460f61856d06d496d88ea19d6c36c0188b0899	d72295968fc84ec82aa3ab17c7cef3a38ed13483e6b557f6cf646e28957ba38a	101	99	11	13	2	2	0.019801980198019802	0.18181818181818182
1	length_balanced_01	2026100527	0.1	29	localentity:462e44494ff027730349f96b	localentity:dc353cf1b082054fe3df3b93	1d8333f8fb7dcb825b9a1cd780cac90c433ce67e18341c63f77119b3cb86eba6	00f2a54a074be251c2b6a807bf2a2bed61ee2a07a14fd06ad752ca2605e7d49a	73	73	7	7	0	0	0.0	0.0
1	length_balanced_01	2026100527	0.1	29	localentity:50e3f15b00a2b0d9880bb228	localentity:6cfed425bbe09fd2228dcdec	63ac7e4ab709c319d833c06d289a7fd7af9d840d58f651410e402e8d7842553c	ed0bb509307fea9c1b833c0d7e3e5313c42cfd669c9d19d24ccd9b810b63aa76	174	177	18	19	3	1	0.017241379310344827	0.05555555555555555
1	length_balanced_01	2026100527	0.1	29	localentity:587893b0464eb19053263023	localentity:8bf1d242afa1e522b26081a6	1d8333f8fb7dcb825b9a1cd780cac90c433ce67e18341c63f77119b3cb86eba6	7341dff866fcad6c986ae9ab80a58d9627e36feb7e5dba6415fe8582414ab990	73	71	7	7	2	0	0.0273972602739726	0.0
1	length_balanced_01	2026100527	0.1	29	localentity:5a14856655c54b0826e246b9	localentity:6ea0c6e37fddf8fd506a9d36	5b3ca63f99a0ccbc2a14f63444f3c7ae71f39a43b1e7f1203bb072723970b2ce	7341dff866fcad6c986ae9ab80a58d9627e36feb7e5dba6415fe8582414ab990	69	71	7	7	2	0	0.028985507246376812	0.0
1	length_balanced_01	2026100527	0.1	29	localentity:5bf84d38d462be69ef4627e7	localentity:7536111106ec557185a3073b	274898f8f29c4a0ca79574c52ea2b0d2fa0041429dc5414d0cce4c18bef56274	6a381588b792d00e10645c33e2b246c2e8dbdbaf80400df2172c5e1674f28860	52	50	6	6	2	0	0.038461538461538464	0.0
1	length_balanced_01	2026100527	0.1	29	localentity:5ce728e1957de53bf9e827ff	localentity:9ebaad993a34cb81c36093e5	53f9602d11058cd80e3f37ca3ae833affc28eacb99cf2f92726ca27666b1ddd6	80a99ce643c3daa2647011f1e2918826823a9a9fe01849fb296533e8a4550208	61	61	7	6	0	1	0.0	0.14285714285714285
1	length_balanced_01	2026100527	0.1	29	localentity:6286353b35f2d03c954476a4	localentity:028d462217cb771c4875d196	1a27139960ee752b6a8f6231ccd228040c70faf034a073556d99fd78d32c12cd	d942de671b2308a7ab59f39f18949c0f07f93b6768138c2720aacad06b3fbf8d	45	36	6	5	9	1	0.2	0.16666666666666666
1	length_balanced_01	2026100527	0.1	29	localentity:6bfd4ac417754224d615e0fd	localentity:e24cdf9c28a133f1f759182c	851d8b37b1bb22190bdf7f01230f17635dd14eb362ae05346a7e8271647ffb6c	7729d359e95bcc669735c6b140878e92b5a69a0c31d217cc3178754fc515af07	68	71	8	9	3	1	0.04411764705882353	0.125
1	length_balanced_01	2026100527	0.1	29	localentity:6cfed425bbe09fd2228dcdec	localentity:50e3f15b00a2b0d9880bb228	ed0bb509307fea9c1b833c0d7e3e5313c42cfd669c9d19d24ccd9b810b63aa76	63ac7e4ab709c319d833c06d289a7fd7af9d840d58f651410e402e8d7842553c	177	174	19	18	3	1	0.01694915254237288	0.05263157894736842
1	length_balanced_01	2026100527	0.1	29	localentity:6ea0c6e37fddf8fd506a9d36	localentity:bffd6428b58a617fcc19a9b8	7341dff866fcad6c986ae9ab80a58d9627e36feb7e5dba6415fe8582414ab990	1d8333f8fb7dcb825b9a1cd780cac90c433ce67e18341c63f77119b3cb86eba6	71	73	7	7	2	0	0.028169014084507043	0.0
1	length_balanced_01	2026100527	0.1	29	localentity:7059ad6b26889a2a5fb6d28f	localentity:ec908be7a236c726e270b643	7b73e415b7f1ffcb51a675e9f9874718829e1b0b6e0f245c194826331a288fd7	2f9dbc62c95bb68953a92d1e80f5f3f2e9e6fd873e180e77c5cfa8f9817f2ad1	181	213	19	20	32	1	0.17679558011049723	0.05263157894736842
1	length_balanced_01	2026100527	0.1	29	localentity:7536111106ec557185a3073b	localentity:e63625c4cedf6c47f2eb071c	6a381588b792d00e10645c33e2b246c2e8dbdbaf80400df2172c5e1674f28860	274898f8f29c4a0ca79574c52ea2b0d2fa0041429dc5414d0cce4c18bef56274	50	52	6	6	2	0	0.04	0.0
1	length_balanced_01	2026100527	0.1	29	localentity:782fc52de3b3df027712c4dc	localentity:9e736491b40ad49317383122	a40fd3def1140ad1bba96fe4389be43be9b052881fae50983fd2a798f43aa022	612987ee6997aed8fa39c1a8322093b5e85bad732a7b3d74ead7dbeb7c3956a2	153	148	17	15	5	2	0.032679738562091505	0.11764705882352941
1	length_balanced_01	2026100527	0.1	29	localentity:792c35007fd6b835fd4d16c4	localentity:b18ef729b45b2c454ac8932c	d72295968fc84ec82aa3ab17c7cef3a38ed13483e6b557f6cf646e28957ba38a	8563557a9e62ba1e88d03fa5151ec3c4b6961a0264b5de8124c7cb52d75e99dd	99	110	13	12	11	1	0.1111111111111111	0.07692307692307693
1	length_balanced_01	2026100527	0.1	29	localentity:7ded944e56e6a89265bc4eae	localentity:2b1b3658c6caa3941ee28882	274898f8f29c4a0ca79574c52ea2b0d2fa0041429dc5414d0cce4c18bef56274	d942de671b2308a7ab59f39f18949c0f07f93b6768138c2720aacad06b3fbf8d	52	36	6	5	16	1	0.3076923076923077	0.16666666666666666
1	length_balanced_01	2026100527	0.1	29	localentity:8883362cb7bc384cdfb665b3	localentity:e5404f13bc1e889099bae606	cdc066e9f49b5c2fb8827c1f5709a1eb459a4fc63a5f435fad085dad1f35cfb3	d58d2b6d4cfc44384af536672e0af7539b9dc919b0a6fc3d9e392258f4b1efec	379	369	41	39	10	2	0.026385224274406333	0.04878048780487805
1	length_balanced_01	2026100527	0.1	29	localentity:8b6ebc5c05ad29d84c76f634	localentity:6bfd4ac417754224d615e0fd	24130a414d9acc8b9e0212a9d40c7da3764d4cd6b31e33a1086a9d59ffaa6525	851d8b37b1bb22190bdf7f01230f17635dd14eb362ae05346a7e8271647ffb6c	67	68	8	8	1	0	0.014925373134328358	0.0
1	length_balanced_01	2026100527	0.1	29	localentity:8bf1d242afa1e522b26081a6	localentity:5a14856655c54b0826e246b9	7341dff866fcad6c986ae9ab80a58d9627e36feb7e5dba6415fe8582414ab990	5b3ca63f99a0ccbc2a14f63444f3c7ae71f39a43b1e7f1203bb072723970b2ce	71	69	7	7	2	0	0.028169014084507043	0.0
1	length_balanced_01	2026100527	0.1	29	localentity:960ef9ebe8b264bf1051ee8c	localentity:3310497069b0015d6d6866dc	1a0a0eba4cf56d9491264d3df1549007d1f533b72f592c1dd5aef6e6132f66d5	81288f4bbd9799f7de93789ca60759f6382eb12b1942b0395d10fda06005e4d6	187	171	23	20	16	3	0.0855614973262032	0.13043478260869565
1	length_balanced_01	2026100527	0.1	29	localentity:9e736491b40ad49317383122	localentity:782fc52de3b3df027712c4dc	612987ee6997aed8fa39c1a8322093b5e85bad732a7b3d74ead7dbeb7c3956a2	a40fd3def1140ad1bba96fe4389be43be9b052881fae50983fd2a798f43aa022	148	153	15	17	5	2	0.033783783783783786	0.13333333333333333
1	length_balanced_01	2026100527	0.1	29	localentity:9ebaad993a34cb81c36093e5	localentity:5ce728e1957de53bf9e827ff	80a99ce643c3daa2647011f1e2918826823a9a9fe01849fb296533e8a4550208	53f9602d11058cd80e3f37ca3ae833affc28eacb99cf2f92726ca27666b1ddd6	61	61	6	7	0	1	0.0	0.16666666666666666
1	length_balanced_01	2026100527	0.1	29	localentity:a6ecf5ebe170b8f50a18418f	localentity:b74ff55a2dc32c1ea5811fca	d942de671b2308a7ab59f39f18949c0f07f93b6768138c2720aacad06b3fbf8d	36afba0acdfc13e711109c074586876f9a4f15063ecb4075ece57f315eacaf4f	36	49	5	5	13	0	0.3611111111111111	0.0
1	length_balanced_01	2026100527	0.1	29	localentity:a7edcf0395abe679c80950da	localentity:8883362cb7bc384cdfb665b3	e0a388cbaa922558e3f003bcafdff9e30d877ec0460ade601eacd926b751d8a2	cdc066e9f49b5c2fb8827c1f5709a1eb459a4fc63a5f435fad085dad1f35cfb3	691	379	78	41	312	37	0.4515195369030391	0.47435897435897434
1	length_balanced_01	2026100527	0.1	29	localentity:aac1641eb6476d7d3274844b	localentity:a6ecf5ebe170b8f50a18418f	274898f8f29c4a0ca79574c52ea2b0d2fa0041429dc5414d0cce4c18bef56274	d942de671b2308a7ab59f39f18949c0f07f93b6768138c2720aacad06b3fbf8d	52	36	6	5	16	1	0.3076923076923077	0.16666666666666666
1	length_balanced_01	2026100527	0.1	29	localentity:aae4d88d7dd87a6b9b170cac	localentity:de0da30e013fa9b0ac4f3ed8	8fae9830656ace746d823f9b6392200ed2dd591fbc50da14e550ffd94e51dfd1	cb6d0c7d700ff6c2f2beef588640dc100d673f712b49c5e87e7a6e5f26a49da4	125	128	11	14	3	3	0.024	0.2727272727272727
1	length_balanced_01	2026100527	0.1	29	localentity:ad9318e0877eeaae6a8bbcfd	localentity:c1f58836c56bd545ab620fd4	94100b5ed4a54caf7ceb9240fbf5fd03f3a48f3fae05ffdf6dd43e0d4a867adf	90d984635d0cc6bb66a9539ed83153a79dd8b9ab8d5245ceaff2b02d5b2a9826	54	57	8	8	3	0	0.05555555555555555	0.0
1	length_balanced_01	2026100527	0.1	29	localentity:b18ef729b45b2c454ac8932c	localentity:eb7bac7a626cb929ed6d43aa	8563557a9e62ba1e88d03fa5151ec3c4b6961a0264b5de8124c7cb52d75e99dd	35ded772a20b7fbb3c620927a1460f61856d06d496d88ea19d6c36c0188b0899	110	101	12	11	9	1	0.08181818181818182	0.08333333333333333
1	length_balanced_01	2026100527	0.1	29	localentity:b4cfbd0ef230b997b022b207	localentity:40b4083f36b311a7ee5ae78e	b1c1241e17aca8ecd9ff64fa8a44e3cfa8b01e15ed834a54e2380c5ff0ef94bd	59a0c61d78b8bf664c061fca507c003c8899e0328136e92de65b0f461cbcb040	132	133	15	13	1	2	0.007575757575757576	0.13333333333333333
1	length_balanced_01	2026100527	0.1	29	localentity:b4e7d8261502f18b0a9cbc87	localentity:454114ced8f67b52dae3185e	4845617182a06160ee3c7a095ce9a95bb8464c3b734de30ef1dd961e5f09ec21	35ded772a20b7fbb3c620927a1460f61856d06d496d88ea19d6c36c0188b0899	97	101	11	11	4	0	0.041237113402061855	0.0
1	length_balanced_01	2026100527	0.1	29	localentity:b50e885a27329923556ea367	localentity:d321ea3d68897e0102a9df19	aad5fd5d9cca3ddbf8a90253a4561980ca60771585f0e8b7ae621777c594907a	55f3cd643eb9cfc1d63969b6f8834701d8783371fccecedac65b7b005d370208	76	63	8	8	13	0	0.17105263157894737	0.0
1	length_balanced_01	2026100527	0.1	29	localentity:b74ff55a2dc32c1ea5811fca	localentity:fdb3569df605118d8a98eb43	36afba0acdfc13e711109c074586876f9a4f15063ecb4075ece57f315eacaf4f	d942de671b2308a7ab59f39f18949c0f07f93b6768138c2720aacad06b3fbf8d	49	36	5	5	13	0	0.2653061224489796	0.0
1	length_balanced_01	2026100527	0.1	29	localentity:b8414499f9575213bc9951c5	localentity:7ded944e56e6a89265bc4eae	5967f7b34279a307fce6ff054e26b2389341c16dc21d2ce884e098c9b8a46628	274898f8f29c4a0ca79574c52ea2b0d2fa0041429dc5414d0cce4c18bef56274	60	52	6	6	8	0	0.13333333333333333	0.0
1	length_balanced_01	2026100527	0.1	29	localentity:bffd6428b58a617fcc19a9b8	localentity:1e21c490ec65c6aa8f1d84b7	1d8333f8fb7dcb825b9a1cd780cac90c433ce67e18341c63f77119b3cb86eba6	04fbfd8af617351d4fe1d73b91d535ac0aa620a8b2567da12b8bdfed27807444	73	68	7	7	5	0	0.0684931506849315	0.0
1	length_balanced_01	2026100527	0.1	29	localentity:c1f58836c56bd545ab620fd4	localentity:d23e1f8eaba7eba32c459796	90d984635d0cc6bb66a9539ed83153a79dd8b9ab8d5245ceaff2b02d5b2a9826	55f3cd643eb9cfc1d63969b6f8834701d8783371fccecedac65b7b005d370208	57	63	8	8	6	0	0.10526315789473684	0.0
1	length_balanced_01	2026100527	0.1	29	localentity:c74fdff99aead8264ce65d91	localentity:fcc22f2eac4763de5ab3b970	e87ba8e48fd8bc4d9a401ab5aa874c6f1f6dce49407760df2bc93c3417ab7ba7	011974d219bab421b78dfed01b30b647f142848b74956d1c3c6679b62f9ceb89	233	272	25	31	39	6	0.16738197424892703	0.24
1	length_balanced_01	2026100527	0.1	29	localentity:d23e1f8eaba7eba32c459796	localentity:b50e885a27329923556ea367	55f3cd643eb9cfc1d63969b6f8834701d8783371fccecedac65b7b005d370208	aad5fd5d9cca3ddbf8a90253a4561980ca60771585f0e8b7ae621777c594907a	63	76	8	8	13	0	0.20634920634920634	0.0
1	length_balanced_01	2026100527	0.1	29	localentity:d321ea3d68897e0102a9df19	localentity:8b6ebc5c05ad29d84c76f634	55f3cd643eb9cfc1d63969b6f8834701d8783371fccecedac65b7b005d370208	24130a414d9acc8b9e0212a9d40c7da3764d4cd6b31e33a1086a9d59ffaa6525	63	67	8	8	4	0	0.06349206349206349	0.0
1	length_balanced_01	2026100527	0.1	29	localentity:dc353cf1b082054fe3df3b93	localentity:462e44494ff027730349f96b	00f2a54a074be251c2b6a807bf2a2bed61ee2a07a14fd06ad752ca2605e7d49a	1d8333f8fb7dcb825b9a1cd780cac90c433ce67e18341c63f77119b3cb86eba6	73	73	7	7	0	0	0.0	0.0
1	length_balanced_01	2026100527	0.1	29	localentity:ddcd67031137902587164378	localentity:587893b0464eb19053263023	7341dff866fcad6c986ae9ab80a58d9627e36feb7e5dba6415fe8582414ab990	1d8333f8fb7dcb825b9a1cd780cac90c433ce67e18341c63f77119b3cb86eba6	71	73	7	7	2	0	0.028169014084507043	0.0
1	length_balanced_01	2026100527	0.1	29	localentity:de0da30e013fa9b0ac4f3ed8	localentity:aae4d88d7dd87a6b9b170cac	cb6d0c7d700ff6c2f2beef588640dc100d673f712b49c5e87e7a6e5f26a49da4	8fae9830656ace746d823f9b6392200ed2dd591fbc50da14e550ffd94e51dfd1	128	125	14	11	3	3	0.0234375	0.21428571428571427
1	length_balanced_01	2026100527	0.1	29	localentity:e24cdf9c28a133f1f759182c	localentity:272e9169628f3a6ba7420d76	7729d359e95bcc669735c6b140878e92b5a69a0c31d217cc3178754fc515af07	93d04f2aa026899ac953748e356c886a68c42013012ba6f6eca775c25cae4a01	71	48	9	9	23	0	0.323943661971831	0.0
1	length_balanced_01	2026100527	0.1	29	localentity:e5404f13bc1e889099bae606	localentity:a7edcf0395abe679c80950da	d58d2b6d4cfc44384af536672e0af7539b9dc919b0a6fc3d9e392258f4b1efec	e0a388cbaa922558e3f003bcafdff9e30d877ec0460ade601eacd926b751d8a2	369	691	39	78	322	39	0.8726287262872628	1.0
1	length_balanced_01	2026100527	0.1	29	localentity:e63625c4cedf6c47f2eb071c	localentity:07aa24afd39f643b44d67ee7	274898f8f29c4a0ca79574c52ea2b0d2fa0041429dc5414d0cce4c18bef56274	b6efa4d5ac11967babed26627536e32c9a19d562d5fa150f056f7744217939c6	52	55	6	6	3	0	0.057692307692307696	0.0
1	length_balanced_01	2026100527	0.1	29	localentity:eb7bac7a626cb929ed6d43aa	localentity:36b6809cd394b93106bc4aaf	35ded772a20b7fbb3c620927a1460f61856d06d496d88ea19d6c36c0188b0899	2f633ad1cb4e3029dacc27a126a04e57fc0fe03da3b8baf559db189b0dd7f1cb	101	85	11	11	16	0	0.15841584158415842	0.0
1	length_balanced_01	2026100527	0.1	29	localentity:ec908be7a236c726e270b643	localentity:960ef9ebe8b264bf1051ee8c	2f9dbc62c95bb68953a92d1e80f5f3f2e9e6fd873e180e77c5cfa8f9817f2ad1	1a0a0eba4cf56d9491264d3df1549007d1f533b72f592c1dd5aef6e6132f66d5	213	187	20	23	26	3	0.12206572769953052	0.15
1	length_balanced_01	2026100527	0.1	29	localentity:fcc22f2eac4763de5ab3b970	localentity:c74fdff99aead8264ce65d91	011974d219bab421b78dfed01b30b647f142848b74956d1c3c6679b62f9ceb89	e87ba8e48fd8bc4d9a401ab5aa874c6f1f6dce49407760df2bc93c3417ab7ba7	272	233	31	25	39	6	0.14338235294117646	0.1935483870967742
1	length_balanced_01	2026100527	0.1	29	localentity:fdb3569df605118d8a98eb43	localentity:5bf84d38d462be69ef4627e7	d942de671b2308a7ab59f39f18949c0f07f93b6768138c2720aacad06b3fbf8d	274898f8f29c4a0ca79574c52ea2b0d2fa0041429dc5414d0cce4c18bef56274	36	52	5	6	16	1	0.4444444444444444	0.2
2	length_balanced_02	2026100527	0.1	1	localentity:028d462217cb771c4875d196	localentity:b74ff55a2dc32c1ea5811fca	d942de671b2308a7ab59f39f18949c0f07f93b6768138c2720aacad06b3fbf8d	36afba0acdfc13e711109c074586876f9a4f15063ecb4075ece57f315eacaf4f	36	49	5	5	13	0	0.3611111111111111	0.0
2	length_balanced_02	2026100527	0.1	1	localentity:07aa24afd39f643b44d67ee7	localentity:5bf84d38d462be69ef4627e7	b6efa4d5ac11967babed26627536e32c9a19d562d5fa150f056f7744217939c6	274898f8f29c4a0ca79574c52ea2b0d2fa0041429dc5414d0cce4c18bef56274	55	52	6	6	3	0	0.05454545454545454	0.0
2	length_balanced_02	2026100527	0.1	1	localentity:1e21c490ec65c6aa8f1d84b7	localentity:bffd6428b58a617fcc19a9b8	04fbfd8af617351d4fe1d73b91d535ac0aa620a8b2567da12b8bdfed27807444	1d8333f8fb7dcb825b9a1cd780cac90c433ce67e18341c63f77119b3cb86eba6	68	73	7	7	5	0	0.07352941176470588	0.0
2	length_balanced_02	2026100527	0.1	1	localentity:272e9169628f3a6ba7420d76	localentity:c1f58836c56bd545ab620fd4	93d04f2aa026899ac953748e356c886a68c42013012ba6f6eca775c25cae4a01	90d984635d0cc6bb66a9539ed83153a79dd8b9ab8d5245ceaff2b02d5b2a9826	48	57	9	8	9	1	0.1875	0.1111111111111111
2	length_balanced_02	2026100527	0.1	1	localentity:2b1b3658c6caa3941ee28882	localentity:aac1641eb6476d7d3274844b	d942de671b2308a7ab59f39f18949c0f07f93b6768138c2720aacad06b3fbf8d	274898f8f29c4a0ca79574c52ea2b0d2fa0041429dc5414d0cce4c18bef56274	36	52	5	6	16	1	0.4444444444444444	0.2
2	length_balanced_02	2026100527	0.1	1	localentity:2e169a0857dc1d4f0315b724	localentity:36b6809cd394b93106bc4aaf	c80c4516676027fbb57a05c76f9efbebd7221038647165221af116aa69d65afb	2f633ad1cb4e3029dacc27a126a04e57fc0fe03da3b8baf559db189b0dd7f1cb	83	85	10	11	2	1	0.024096385542168676	0.1
2	length_balanced_02	2026100527	0.1	1	localentity:3310497069b0015d6d6866dc	localentity:960ef9ebe8b264bf1051ee8c	81288f4bbd9799f7de93789ca60759f6382eb12b1942b0395d10fda06005e4d6	1a0a0eba4cf56d9491264d3df1549007d1f533b72f592c1dd5aef6e6132f66d5	171	187	20	23	16	3	0.0935672514619883	0.15
2	length_balanced_02	2026100527	0.1	1	localentity:36b6809cd394b93106bc4aaf	localentity:2e169a0857dc1d4f0315b724	2f633ad1cb4e3029dacc27a126a04e57fc0fe03da3b8baf559db189b0dd7f1cb	c80c4516676027fbb57a05c76f9efbebd7221038647165221af116aa69d65afb	85	83	11	10	2	1	0.023529411764705882	0.09090909090909091
2	length_balanced_02	2026100527	0.1	1	localentity:40b4083f36b311a7ee5ae78e	localentity:de0da30e013fa9b0ac4f3ed8	59a0c61d78b8bf664c061fca507c003c8899e0328136e92de65b0f461cbcb040	cb6d0c7d700ff6c2f2beef588640dc100d673f712b49c5e87e7a6e5f26a49da4	133	128	13	14	5	1	0.03759398496240601	0.07692307692307693
2	length_balanced_02	2026100527	0.1	1	localentity:454114ced8f67b52dae3185e	localentity:b18ef729b45b2c454ac8932c	35ded772a20b7fbb3c620927a1460f61856d06d496d88ea19d6c36c0188b0899	8563557a9e62ba1e88d03fa5151ec3c4b6961a0264b5de8124c7cb52d75e99dd	101	110	11	12	9	1	0.0891089108910891	0.09090909090909091
2	length_balanced_02	2026100527	0.1	1	localentity:462e44494ff027730349f96b	localentity:5a14856655c54b0826e246b9	1d8333f8fb7dcb825b9a1cd780cac90c433ce67e18341c63f77119b3cb86eba6	5b3ca63f99a0ccbc2a14f63444f3c7ae71f39a43b1e7f1203bb072723970b2ce	73	69	7	7	4	0	0.0547945205479452	0.0
2	length_balanced_02	2026100527	0.1	1	localentity:50e3f15b00a2b0d9880bb228	localentity:7059ad6b26889a2a5fb6d28f	63ac7e4ab709c319d833c06d289a7fd7af9d840d58f651410e402e8d7842553c	7b73e415b7f1ffcb51a675e9f9874718829e1b0b6e0f245c194826331a288fd7	174	181	18	19	7	1	0.040229885057471264	0.05555555555555555
2	length_balanced_02	2026100527	0.1	1	localentity:587893b0464eb19053263023	localentity:8bf1d242afa1e522b26081a6	1d8333f8fb7dcb825b9a1cd780cac90c433ce67e18341c63f77119b3cb86eba6	7341dff866fcad6c986ae9ab80a58d9627e36feb7e5dba6415fe8582414ab990	73	71	7	7	2	0	0.0273972602739726	0.0
2	length_balanced_02	2026100527	0.1	1	localentity:5a14856655c54b0826e246b9	localentity:6ea0c6e37fddf8fd506a9d36	5b3ca63f99a0ccbc2a14f63444f3c7ae71f39a43b1e7f1203bb072723970b2ce	7341dff866fcad6c986ae9ab80a58d9627e36feb7e5dba6415fe8582414ab990	69	71	7	7	2	0	0.028985507246376812	0.0
2	length_balanced_02	2026100527	0.1	1	localentity:5bf84d38d462be69ef4627e7	localentity:7536111106ec557185a3073b	274898f8f29c4a0ca79574c52ea2b0d2fa0041429dc5414d0cce4c18bef56274	6a381588b792d00e10645c33e2b246c2e8dbdbaf80400df2172c5e1674f28860	52	50	6	6	2	0	0.038461538461538464	0.0
2	length_balanced_02	2026100527	0.1	1	localentity:5ce728e1957de53bf9e827ff	localentity:9ebaad993a34cb81c36093e5	53f9602d11058cd80e3f37ca3ae833affc28eacb99cf2f92726ca27666b1ddd6	80a99ce643c3daa2647011f1e2918826823a9a9fe01849fb296533e8a4550208	61	61	7	6	0	1	0.0	0.14285714285714285
2	length_balanced_02	2026100527	0.1	1	localentity:6286353b35f2d03c954476a4	localentity:a6ecf5ebe170b8f50a18418f	1a27139960ee752b6a8f6231ccd228040c70faf034a073556d99fd78d32c12cd	d942de671b2308a7ab59f39f18949c0f07f93b6768138c2720aacad06b3fbf8d	45	36	6	5	9	1	0.2	0.16666666666666666
2	length_balanced_02	2026100527	0.1	1	localentity:6bfd4ac417754224d615e0fd	localentity:d321ea3d68897e0102a9df19	851d8b37b1bb22190bdf7f01230f17635dd14eb362ae05346a7e8271647ffb6c	55f3cd643eb9cfc1d63969b6f8834701d8783371fccecedac65b7b005d370208	68	63	8	8	5	0	0.07352941176470588	0.0
2	length_balanced_02	2026100527	0.1	1	localentity:6cfed425bbe09fd2228dcdec	localentity:50e3f15b00a2b0d9880bb228	ed0bb509307fea9c1b833c0d7e3e5313c42cfd669c9d19d24ccd9b810b63aa76	63ac7e4ab709c319d833c06d289a7fd7af9d840d58f651410e402e8d7842553c	177	174	19	18	3	1	0.01694915254237288	0.05263157894736842
2	length_balanced_02	2026100527	0.1	1	localentity:6ea0c6e37fddf8fd506a9d36	localentity:1e21c490ec65c6aa8f1d84b7	7341dff866fcad6c986ae9ab80a58d9627e36feb7e5dba6415fe8582414ab990	04fbfd8af617351d4fe1d73b91d535ac0aa620a8b2567da12b8bdfed27807444	71	68	7	7	3	0	0.04225352112676056	0.0
2	length_balanced_02	2026100527	0.1	1	localentity:7059ad6b26889a2a5fb6d28f	localentity:6cfed425bbe09fd2228dcdec	7b73e415b7f1ffcb51a675e9f9874718829e1b0b6e0f245c194826331a288fd7	ed0bb509307fea9c1b833c0d7e3e5313c42cfd669c9d19d24ccd9b810b63aa76	181	177	19	19	4	0	0.022099447513812154	0.0
2	length_balanced_02	2026100527	0.1	1	localentity:7536111106ec557185a3073b	localentity:7ded944e56e6a89265bc4eae	6a381588b792d00e10645c33e2b246c2e8dbdbaf80400df2172c5e1674f28860	274898f8f29c4a0ca79574c52ea2b0d2fa0041429dc5414d0cce4c18bef56274	50	52	6	6	2	0	0.04	0.0
2	length_balanced_02	2026100527	0.1	1	localentity:782fc52de3b3df027712c4dc	localentity:9e736491b40ad49317383122	a40fd3def1140ad1bba96fe4389be43be9b052881fae50983fd2a798f43aa022	612987ee6997aed8fa39c1a8322093b5e85bad732a7b3d74ead7dbeb7c3956a2	153	148	17	15	5	2	0.032679738562091505	0.11764705882352941
2	length_balanced_02	2026100527	0.1	1	localentity:792c35007fd6b835fd4d16c4	localentity:eb7bac7a626cb929ed6d43aa	d72295968fc84ec82aa3ab17c7cef3a38ed13483e6b557f6cf646e28957ba38a	35ded772a20b7fbb3c620927a1460f61856d06d496d88ea19d6c36c0188b0899	99	101	13	11	2	2	0.020202020202020204	0.15384615384615385
2	length_balanced_02	2026100527	0.1	1	localentity:7ded944e56e6a89265bc4eae	localentity:028d462217cb771c4875d196	274898f8f29c4a0ca79574c52ea2b0d2fa0041429dc5414d0cce4c18bef56274	d942de671b2308a7ab59f39f18949c0f07f93b6768138c2720aacad06b3fbf8d	52	36	6	5	16	1	0.3076923076923077	0.16666666666666666
2	length_balanced_02	2026100527	0.1	1	localentity:8883362cb7bc384cdfb665b3	localentity:e5404f13bc1e889099bae606	cdc066e9f49b5c2fb8827c1f5709a1eb459a4fc63a5f435fad085dad1f35cfb3	d58d2b6d4cfc44384af536672e0af7539b9dc919b0a6fc3d9e392258f4b1efec	379	369	41	39	10	2	0.026385224274406333	0.04878048780487805
2	length_balanced_02	2026100527	0.1	1	localentity:8b6ebc5c05ad29d84c76f634	localentity:6bfd4ac417754224d615e0fd	24130a414d9acc8b9e0212a9d40c7da3764d4cd6b31e33a1086a9d59ffaa6525	851d8b37b1bb22190bdf7f01230f17635dd14eb362ae05346a7e8271647ffb6c	67	68	8	8	1	0	0.014925373134328358	0.0
2	length_balanced_02	2026100527	0.1	1	localentity:8bf1d242afa1e522b26081a6	localentity:462e44494ff027730349f96b	7341dff866fcad6c986ae9ab80a58d9627e36feb7e5dba6415fe8582414ab990	1d8333f8fb7dcb825b9a1cd780cac90c433ce67e18341c63f77119b3cb86eba6	71	73	7	7	2	0	0.028169014084507043	0.0
2	length_balanced_02	2026100527	0.1	1	localentity:960ef9ebe8b264bf1051ee8c	localentity:ec908be7a236c726e270b643	1a0a0eba4cf56d9491264d3df1549007d1f533b72f592c1dd5aef6e6132f66d5	2f9dbc62c95bb68953a92d1e80f5f3f2e9e6fd873e180e77c5cfa8f9817f2ad1	187	213	23	20	26	3	0.13903743315508021	0.13043478260869565
2	length_balanced_02	2026100527	0.1	1	localentity:9e736491b40ad49317383122	localentity:b4cfbd0ef230b997b022b207	612987ee6997aed8fa39c1a8322093b5e85bad732a7b3d74ead7dbeb7c3956a2	b1c1241e17aca8ecd9ff64fa8a44e3cfa8b01e15ed834a54e2380c5ff0ef94bd	148	132	15	15	16	0	0.10810810810810811	0.0
2	length_balanced_02	2026100527	0.1	1	localentity:9ebaad993a34cb81c36093e5	localentity:b8414499f9575213bc9951c5	80a99ce643c3daa2647011f1e2918826823a9a9fe01849fb296533e8a4550208	5967f7b34279a307fce6ff054e26b2389341c16dc21d2ce884e098c9b8a46628	61	60	6	6	1	0	0.01639344262295082	0.0
2	length_balanced_02	2026100527	0.1	1	localentity:a6ecf5ebe170b8f50a18418f	localentity:6286353b35f2d03c954476a4	d942de671b2308a7ab59f39f18949c0f07f93b6768138c2720aacad06b3fbf8d	1a27139960ee752b6a8f6231ccd228040c70faf034a073556d99fd78d32c12cd	36	45	5	6	9	1	0.25	0.2
2	length_balanced_02	2026100527	0.1	1	localentity:a7edcf0395abe679c80950da	localentity:8883362cb7bc384cdfb665b3	e0a388cbaa922558e3f003bcafdff9e30d877ec0460ade601eacd926b751d8a2	cdc066e9f49b5c2fb8827c1f5709a1eb459a4fc63a5f435fad085dad1f35cfb3	691	379	78	41	312	37	0.4515195369030391	0.47435897435897434
2	length_balanced_02	2026100527	0.1	1	localentity:aac1641eb6476d7d3274844b	localentity:2b1b3658c6caa3941ee28882	274898f8f29c4a0ca79574c52ea2b0d2fa0041429dc5414d0cce4c18bef56274	d942de671b2308a7ab59f39f18949c0f07f93b6768138c2720aacad06b3fbf8d	52	36	6	5	16	1	0.3076923076923077	0.16666666666666666
2	length_balanced_02	2026100527	0.1	1	localentity:aae4d88d7dd87a6b9b170cac	localentity:454114ced8f67b52dae3185e	8fae9830656ace746d823f9b6392200ed2dd591fbc50da14e550ffd94e51dfd1	35ded772a20b7fbb3c620927a1460f61856d06d496d88ea19d6c36c0188b0899	125	101	11	11	24	0	0.192	0.0
2	length_balanced_02	2026100527	0.1	1	localentity:ad9318e0877eeaae6a8bbcfd	localentity:272e9169628f3a6ba7420d76	94100b5ed4a54caf7ceb9240fbf5fd03f3a48f3fae05ffdf6dd43e0d4a867adf	93d04f2aa026899ac953748e356c886a68c42013012ba6f6eca775c25cae4a01	54	48	8	9	6	1	0.1111111111111111	0.125
2	length_balanced_02	2026100527	0.1	1	localentity:b18ef729b45b2c454ac8932c	localentity:aae4d88d7dd87a6b9b170cac	8563557a9e62ba1e88d03fa5151ec3c4b6961a0264b5de8124c7cb52d75e99dd	8fae9830656ace746d823f9b6392200ed2dd591fbc50da14e550ffd94e51dfd1	110	125	12	11	15	1	0.13636363636363635	0.08333333333333333
2	length_balanced_02	2026100527	0.1	1	localentity:b4cfbd0ef230b997b022b207	localentity:782fc52de3b3df027712c4dc	b1c1241e17aca8ecd9ff64fa8a44e3cfa8b01e15ed834a54e2380c5ff0ef94bd	a40fd3def1140ad1bba96fe4389be43be9b052881fae50983fd2a798f43aa022	132	153	15	17	21	2	0.1590909090909091	0.13333333333333333
2	length_balanced_02	2026100527	0.1	1	localentity:b4e7d8261502f18b0a9cbc87	localentity:792c35007fd6b835fd4d16c4	4845617182a06160ee3c7a095ce9a95bb8464c3b734de30ef1dd961e5f09ec21	d72295968fc84ec82aa3ab17c7cef3a38ed13483e6b557f6cf646e28957ba38a	97	99	11	13	2	2	0.020618556701030927	0.18181818181818182
2	length_balanced_02	2026100527	0.1	1	localentity:b50e885a27329923556ea367	localentity:e24cdf9c28a133f1f759182c	aad5fd5d9cca3ddbf8a90253a4561980ca60771585f0e8b7ae621777c594907a	7729d359e95bcc669735c6b140878e92b5a69a0c31d217cc3178754fc515af07	76	71	8	9	5	1	0.06578947368421052	0.125
2	length_balanced_02	2026100527	0.1	1	localentity:b74ff55a2dc32c1ea5811fca	localentity:fdb3569df605118d8a98eb43	36afba0acdfc13e711109c074586876f9a4f15063ecb4075ece57f315eacaf4f	d942de671b2308a7ab59f39f18949c0f07f93b6768138c2720aacad06b3fbf8d	49	36	5	5	13	0	0.2653061224489796	0.0
2	length_balanced_02	2026100527	0.1	1	localentity:b8414499f9575213bc9951c5	localentity:5ce728e1957de53bf9e827ff	5967f7b34279a307fce6ff054e26b2389341c16dc21d2ce884e098c9b8a46628	53f9602d11058cd80e3f37ca3ae833affc28eacb99cf2f92726ca27666b1ddd6	60	61	6	7	1	1	0.016666666666666666	0.16666666666666666
2	length_balanced_02	2026100527	0.1	1	localentity:bffd6428b58a617fcc19a9b8	localentity:ddcd67031137902587164378	1d8333f8fb7dcb825b9a1cd780cac90c433ce67e18341c63f77119b3cb86eba6	7341dff866fcad6c986ae9ab80a58d9627e36feb7e5dba6415fe8582414ab990	73	71	7	7	2	0	0.0273972602739726	0.0
2	length_balanced_02	2026100527	0.1	1	localentity:c1f58836c56bd545ab620fd4	localentity:ad9318e0877eeaae6a8bbcfd	90d984635d0cc6bb66a9539ed83153a79dd8b9ab8d5245ceaff2b02d5b2a9826	94100b5ed4a54caf7ceb9240fbf5fd03f3a48f3fae05ffdf6dd43e0d4a867adf	57	54	8	8	3	0	0.05263157894736842	0.0
2	length_balanced_02	2026100527	0.1	1	localentity:c74fdff99aead8264ce65d91	localentity:fcc22f2eac4763de5ab3b970	e87ba8e48fd8bc4d9a401ab5aa874c6f1f6dce49407760df2bc93c3417ab7ba7	011974d219bab421b78dfed01b30b647f142848b74956d1c3c6679b62f9ceb89	233	272	25	31	39	6	0.16738197424892703	0.24
2	length_balanced_02	2026100527	0.1	1	localentity:d23e1f8eaba7eba32c459796	localentity:8b6ebc5c05ad29d84c76f634	55f3cd643eb9cfc1d63969b6f8834701d8783371fccecedac65b7b005d370208	24130a414d9acc8b9e0212a9d40c7da3764d4cd6b31e33a1086a9d59ffaa6525	63	67	8	8	4	0	0.06349206349206349	0.0
2	length_balanced_02	2026100527	0.1	1	localentity:d321ea3d68897e0102a9df19	localentity:b50e885a27329923556ea367	55f3cd643eb9cfc1d63969b6f8834701d8783371fccecedac65b7b005d370208	aad5fd5d9cca3ddbf8a90253a4561980ca60771585f0e8b7ae621777c594907a	63	76	8	8	13	0	0.20634920634920634	0.0
2	length_balanced_02	2026100527	0.1	1	localentity:dc353cf1b082054fe3df3b93	localentity:587893b0464eb19053263023	00f2a54a074be251c2b6a807bf2a2bed61ee2a07a14fd06ad752ca2605e7d49a	1d8333f8fb7dcb825b9a1cd780cac90c433ce67e18341c63f77119b3cb86eba6	73	73	7	7	0	0	0.0	0.0
2	length_balanced_02	2026100527	0.1	1	localentity:ddcd67031137902587164378	localentity:dc353cf1b082054fe3df3b93	7341dff866fcad6c986ae9ab80a58d9627e36feb7e5dba6415fe8582414ab990	00f2a54a074be251c2b6a807bf2a2bed61ee2a07a14fd06ad752ca2605e7d49a	71	73	7	7	2	0	0.028169014084507043	0.0
2	length_balanced_02	2026100527	0.1	1	localentity:de0da30e013fa9b0ac4f3ed8	localentity:40b4083f36b311a7ee5ae78e	cb6d0c7d700ff6c2f2beef588640dc100d673f712b49c5e87e7a6e5f26a49da4	59a0c61d78b8bf664c061fca507c003c8899e0328136e92de65b0f461cbcb040	128	133	14	13	5	1	0.0390625	0.07142857142857142
2	length_balanced_02	2026100527	0.1	1	localentity:e24cdf9c28a133f1f759182c	localentity:d23e1f8eaba7eba32c459796	7729d359e95bcc669735c6b140878e92b5a69a0c31d217cc3178754fc515af07	55f3cd643eb9cfc1d63969b6f8834701d8783371fccecedac65b7b005d370208	71	63	9	8	8	1	0.11267605633802817	0.1111111111111111
2	length_balanced_02	2026100527	0.1	1	localentity:e5404f13bc1e889099bae606	localentity:a7edcf0395abe679c80950da	d58d2b6d4cfc44384af536672e0af7539b9dc919b0a6fc3d9e392258f4b1efec	e0a388cbaa922558e3f003bcafdff9e30d877ec0460ade601eacd926b751d8a2	369	691	39	78	322	39	0.8726287262872628	1.0
2	length_balanced_02	2026100527	0.1	1	localentity:e63625c4cedf6c47f2eb071c	localentity:07aa24afd39f643b44d67ee7	274898f8f29c4a0ca79574c52ea2b0d2fa0041429dc5414d0cce4c18bef56274	b6efa4d5ac11967babed26627536e32c9a19d562d5fa150f056f7744217939c6	52	55	6	6	3	0	0.057692307692307696	0.0
2	length_balanced_02	2026100527	0.1	1	localentity:eb7bac7a626cb929ed6d43aa	localentity:b4e7d8261502f18b0a9cbc87	35ded772a20b7fbb3c620927a1460f61856d06d496d88ea19d6c36c0188b0899	4845617182a06160ee3c7a095ce9a95bb8464c3b734de30ef1dd961e5f09ec21	101	97	11	11	4	0	0.039603960396039604	0.0
2	length_balanced_02	2026100527	0.1	1	localentity:ec908be7a236c726e270b643	localentity:3310497069b0015d6d6866dc	2f9dbc62c95bb68953a92d1e80f5f3f2e9e6fd873e180e77c5cfa8f9817f2ad1	81288f4bbd9799f7de93789ca60759f6382eb12b1942b0395d10fda06005e4d6	213	171	20	20	42	0	0.19718309859154928	0.0
2	length_balanced_02	2026100527	0.1	1	localentity:fcc22f2eac4763de5ab3b970	localentity:c74fdff99aead8264ce65d91	011974d219bab421b78dfed01b30b647f142848b74956d1c3c6679b62f9ceb89	e87ba8e48fd8bc4d9a401ab5aa874c6f1f6dce49407760df2bc93c3417ab7ba7	272	233	31	25	39	6	0.14338235294117646	0.1935483870967742
2	length_balanced_02	2026100527	0.1	1	localentity:fdb3569df605118d8a98eb43	localentity:e63625c4cedf6c47f2eb071c	d942de671b2308a7ab59f39f18949c0f07f93b6768138c2720aacad06b3fbf8d	274898f8f29c4a0ca79574c52ea2b0d2fa0041429dc5414d0cce4c18bef56274	36	52	5	6	16	1	0.4444444444444444	0.2
3	length_balanced_03	2026100526	0.1	9	localentity:028d462217cb771c4875d196	localentity:7ded944e56e6a89265bc4eae	d942de671b2308a7ab59f39f18949c0f07f93b6768138c2720aacad06b3fbf8d	274898f8f29c4a0ca79574c52ea2b0d2fa0041429dc5414d0cce4c18bef56274	36	52	5	6	16	1	0.4444444444444444	0.2
3	length_balanced_03	2026100526	0.1	9	localentity:07aa24afd39f643b44d67ee7	localentity:5bf84d38d462be69ef4627e7	b6efa4d5ac11967babed26627536e32c9a19d562d5fa150f056f7744217939c6	274898f8f29c4a0ca79574c52ea2b0d2fa0041429dc5414d0cce4c18bef56274	55	52	6	6	3	0	0.05454545454545454	0.0
3	length_balanced_03	2026100526	0.1	9	localentity:1e21c490ec65c6aa8f1d84b7	localentity:587893b0464eb19053263023	04fbfd8af617351d4fe1d73b91d535ac0aa620a8b2567da12b8bdfed27807444	1d8333f8fb7dcb825b9a1cd780cac90c433ce67e18341c63f77119b3cb86eba6	68	73	7	7	5	0	0.07352941176470588	0.0
3	length_balanced_03	2026100526	0.1	9	localentity:272e9169628f3a6ba7420d76	localentity:c1f58836c56bd545ab620fd4	93d04f2aa026899ac953748e356c886a68c42013012ba6f6eca775c25cae4a01	90d984635d0cc6bb66a9539ed83153a79dd8b9ab8d5245ceaff2b02d5b2a9826	48	57	9	8	9	1	0.1875	0.1111111111111111
3	length_balanced_03	2026100526	0.1	9	localentity:2b1b3658c6caa3941ee28882	localentity:6286353b35f2d03c954476a4	d942de671b2308a7ab59f39f18949c0f07f93b6768138c2720aacad06b3fbf8d	1a27139960ee752b6a8f6231ccd228040c70faf034a073556d99fd78d32c12cd	36	45	5	6	9	1	0.25	0.2
3	length_balanced_03	2026100526	0.1	9	localentity:2e169a0857dc1d4f0315b724	localentity:e24cdf9c28a133f1f759182c	c80c4516676027fbb57a05c76f9efbebd7221038647165221af116aa69d65afb	7729d359e95bcc669735c6b140878e92b5a69a0c31d217cc3178754fc515af07	83	71	10	9	12	1	0.14457831325301204	0.1
3	length_balanced_03	2026100526	0.1	9	localentity:3310497069b0015d6d6866dc	localentity:ec908be7a236c726e270b643	81288f4bbd9799f7de93789ca60759f6382eb12b1942b0395d10fda06005e4d6	2f9dbc62c95bb68953a92d1e80f5f3f2e9e6fd873e180e77c5cfa8f9817f2ad1	171	213	20	20	42	0	0.24561403508771928	0.0
3	length_balanced_03	2026100526	0.1	9	localentity:36b6809cd394b93106bc4aaf	localentity:b4e7d8261502f18b0a9cbc87	2f633ad1cb4e3029dacc27a126a04e57fc0fe03da3b8baf559db189b0dd7f1cb	4845617182a06160ee3c7a095ce9a95bb8464c3b734de30ef1dd961e5f09ec21	85	97	11	11	12	0	0.1411764705882353	0.0
3	length_balanced_03	2026100526	0.1	9	localentity:40b4083f36b311a7ee5ae78e	localentity:aae4d88d7dd87a6b9b170cac	59a0c61d78b8bf664c061fca507c003c8899e0328136e92de65b0f461cbcb040	8fae9830656ace746d823f9b6392200ed2dd591fbc50da14e550ffd94e51dfd1	133	125	13	11	8	2	0.06015037593984962	0.15384615384615385
3	length_balanced_03	2026100526	0.1	9	localentity:454114ced8f67b52dae3185e	localentity:36b6809cd394b93106bc4aaf	35ded772a20b7fbb3c620927a1460f61856d06d496d88ea19d6c36c0188b0899	2f633ad1cb4e3029dacc27a126a04e57fc0fe03da3b8baf559db189b0dd7f1cb	101	85	11	11	16	0	0.15841584158415842	0.0
3	length_balanced_03	2026100526	0.1	9	localentity:462e44494ff027730349f96b	localentity:ddcd67031137902587164378	1d8333f8fb7dcb825b9a1cd780cac90c433ce67e18341c63f77119b3cb86eba6	7341dff866fcad6c986ae9ab80a58d9627e36feb7e5dba6415fe8582414ab990	73	71	7	7	2	0	0.0273972602739726	0.0
3	length_balanced_03	2026100526	0.1	9	localentity:50e3f15b00a2b0d9880bb228	localentity:782fc52de3b3df027712c4dc	63ac7e4ab709c319d833c06d289a7fd7af9d840d58f651410e402e8d7842553c	a40fd3def1140ad1bba96fe4389be43be9b052881fae50983fd2a798f43aa022	174	153	18	17	21	1	0.1206896551724138	0.05555555555555555
3	length_balanced_03	2026100526	0.1	9	localentity:587893b0464eb19053263023	localentity:8bf1d242afa1e522b26081a6	1d8333f8fb7dcb825b9a1cd780cac90c433ce67e18341c63f77119b3cb86eba6	7341dff866fcad6c986ae9ab80a58d9627e36feb7e5dba6415fe8582414ab990	73	71	7	7	2	0	0.0273972602739726	0.0
3	length_balanced_03	2026100526	0.1	9	localentity:5a14856655c54b0826e246b9	localentity:dc353cf1b082054fe3df3b93	5b3ca63f99a0ccbc2a14f63444f3c7ae71f39a43b1e7f1203bb072723970b2ce	00f2a54a074be251c2b6a807bf2a2bed61ee2a07a14fd06ad752ca2605e7d49a	69	73	7	7	4	0	0.057971014492753624	0.0
3	length_balanced_03	2026100526	0.1	9	localentity:5bf84d38d462be69ef4627e7	localentity:a6ecf5ebe170b8f50a18418f	274898f8f29c4a0ca79574c52ea2b0d2fa0041429dc5414d0cce4c18bef56274	d942de671b2308a7ab59f39f18949c0f07f93b6768138c2720aacad06b3fbf8d	52	36	6	5	16	1	0.3076923076923077	0.16666666666666666
3	length_balanced_03	2026100526	0.1	9	localentity:5ce728e1957de53bf9e827ff	localentity:d321ea3d68897e0102a9df19	53f9602d11058cd80e3f37ca3ae833affc28eacb99cf2f92726ca27666b1ddd6	55f3cd643eb9cfc1d63969b6f8834701d8783371fccecedac65b7b005d370208	61	63	7	8	2	1	0.03278688524590164	0.14285714285714285
3	length_balanced_03	2026100526	0.1	9	localentity:6286353b35f2d03c954476a4	localentity:028d462217cb771c4875d196	1a27139960ee752b6a8f6231ccd228040c70faf034a073556d99fd78d32c12cd	d942de671b2308a7ab59f39f18949c0f07f93b6768138c2720aacad06b3fbf8d	45	36	6	5	9	1	0.2	0.16666666666666666
3	length_balanced_03	2026100526	0.1	9	localentity:6bfd4ac417754224d615e0fd	localentity:8b6ebc5c05ad29d84c76f634	851d8b37b1bb22190bdf7f01230f17635dd14eb362ae05346a7e8271647ffb6c	24130a414d9acc8b9e0212a9d40c7da3764d4cd6b31e33a1086a9d59ffaa6525	68	67	8	8	1	0	0.014705882352941176	0.0
3	length_balanced_03	2026100526	0.1	9	localentity:6cfed425bbe09fd2228dcdec	localentity:7059ad6b26889a2a5fb6d28f	ed0bb509307fea9c1b833c0d7e3e5313c42cfd669c9d19d24ccd9b810b63aa76	7b73e415b7f1ffcb51a675e9f9874718829e1b0b6e0f245c194826331a288fd7	177	181	19	19	4	0	0.022598870056497175	0.0
3	length_balanced_03	2026100526	0.1	9	localentity:6ea0c6e37fddf8fd506a9d36	localentity:1e21c490ec65c6aa8f1d84b7	7341dff866fcad6c986ae9ab80a58d9627e36feb7e5dba6415fe8582414ab990	04fbfd8af617351d4fe1d73b91d535ac0aa620a8b2567da12b8bdfed27807444	71	68	7	7	3	0	0.04225352112676056	0.0
3	length_balanced_03	2026100526	0.1	9	localentity:7059ad6b26889a2a5fb6d28f	localentity:6cfed425bbe09fd2228dcdec	7b73e415b7f1ffcb51a675e9f9874718829e1b0b6e0f245c194826331a288fd7	ed0bb509307fea9c1b833c0d7e3e5313c42cfd669c9d19d24ccd9b810b63aa76	181	177	19	19	4	0	0.022099447513812154	0.0
3	length_balanced_03	2026100526	0.1	9	localentity:7536111106ec557185a3073b	localentity:e63625c4cedf6c47f2eb071c	6a381588b792d00e10645c33e2b246c2e8dbdbaf80400df2172c5e1674f28860	274898f8f29c4a0ca79574c52ea2b0d2fa0041429dc5414d0cce4c18bef56274	50	52	6	6	2	0	0.04	0.0
3	length_balanced_03	2026100526	0.1	9	localentity:782fc52de3b3df027712c4dc	localentity:50e3f15b00a2b0d9880bb228	a40fd3def1140ad1bba96fe4389be43be9b052881fae50983fd2a798f43aa022	63ac7e4ab709c319d833c06d289a7fd7af9d840d58f651410e402e8d7842553c	153	174	17	18	21	1	0.13725490196078433	0.058823529411764705
3	length_balanced_03	2026100526	0.1	9	localentity:792c35007fd6b835fd4d16c4	localentity:eb7bac7a626cb929ed6d43aa	d72295968fc84ec82aa3ab17c7cef3a38ed13483e6b557f6cf646e28957ba38a	35ded772a20b7fbb3c620927a1460f61856d06d496d88ea19d6c36c0188b0899	99	101	13	11	2	2	0.020202020202020204	0.15384615384615385
3	length_balanced_03	2026100526	0.1	9	localentity:7ded944e56e6a89265bc4eae	localentity:07aa24afd39f643b44d67ee7	274898f8f29c4a0ca79574c52ea2b0d2fa0041429dc5414d0cce4c18bef56274	b6efa4d5ac11967babed26627536e32c9a19d562d5fa150f056f7744217939c6	52	55	6	6	3	0	0.057692307692307696	0.0
3	length_balanced_03	2026100526	0.1	9	localentity:8883362cb7bc384cdfb665b3	localentity:a7edcf0395abe679c80950da	cdc066e9f49b5c2fb8827c1f5709a1eb459a4fc63a5f435fad085dad1f35cfb3	e0a388cbaa922558e3f003bcafdff9e30d877ec0460ade601eacd926b751d8a2	379	691	41	78	312	37	0.8232189973614775	0.9024390243902439
3	length_balanced_03	2026100526	0.1	9	localentity:8b6ebc5c05ad29d84c76f634	localentity:d23e1f8eaba7eba32c459796	24130a414d9acc8b9e0212a9d40c7da3764d4cd6b31e33a1086a9d59ffaa6525	55f3cd643eb9cfc1d63969b6f8834701d8783371fccecedac65b7b005d370208	67	63	8	8	4	0	0.05970149253731343	0.0
3	length_balanced_03	2026100526	0.1	9	localentity:8bf1d242afa1e522b26081a6	localentity:5a14856655c54b0826e246b9	7341dff866fcad6c986ae9ab80a58d9627e36feb7e5dba6415fe8582414ab990	5b3ca63f99a0ccbc2a14f63444f3c7ae71f39a43b1e7f1203bb072723970b2ce	71	69	7	7	2	0	0.028169014084507043	0.0
3	length_balanced_03	2026100526	0.1	9	localentity:960ef9ebe8b264bf1051ee8c	localentity:3310497069b0015d6d6866dc	1a0a0eba4cf56d9491264d3df1549007d1f533b72f592c1dd5aef6e6132f66d5	81288f4bbd9799f7de93789ca60759f6382eb12b1942b0395d10fda06005e4d6	187	171	23	20	16	3	0.0855614973262032	0.13043478260869565
3	length_balanced_03	2026100526	0.1	9	localentity:9e736491b40ad49317383122	localentity:de0da30e013fa9b0ac4f3ed8	612987ee6997aed8fa39c1a8322093b5e85bad732a7b3d74ead7dbeb7c3956a2	cb6d0c7d700ff6c2f2beef588640dc100d673f712b49c5e87e7a6e5f26a49da4	148	128	15	14	20	1	0.13513513513513514	0.06666666666666667
3	length_balanced_03	2026100526	0.1	9	localentity:9ebaad993a34cb81c36093e5	localentity:b8414499f9575213bc9951c5	80a99ce643c3daa2647011f1e2918826823a9a9fe01849fb296533e8a4550208	5967f7b34279a307fce6ff054e26b2389341c16dc21d2ce884e098c9b8a46628	61	60	6	6	1	0	0.01639344262295082	0.0
3	length_balanced_03	2026100526	0.1	9	localentity:a6ecf5ebe170b8f50a18418f	localentity:b74ff55a2dc32c1ea5811fca	d942de671b2308a7ab59f39f18949c0f07f93b6768138c2720aacad06b3fbf8d	36afba0acdfc13e711109c074586876f9a4f15063ecb4075ece57f315eacaf4f	36	49	5	5	13	0	0.3611111111111111	0.0
3	length_balanced_03	2026100526	0.1	9	localentity:a7edcf0395abe679c80950da	localentity:e5404f13bc1e889099bae606	e0a388cbaa922558e3f003bcafdff9e30d877ec0460ade601eacd926b751d8a2	d58d2b6d4cfc44384af536672e0af7539b9dc919b0a6fc3d9e392258f4b1efec	691	369	78	39	322	39	0.46599131693198265	0.5
3	length_balanced_03	2026100526	0.1	9	localentity:aac1641eb6476d7d3274844b	localentity:fdb3569df605118d8a98eb43	274898f8f29c4a0ca79574c52ea2b0d2fa0041429dc5414d0cce4c18bef56274	d942de671b2308a7ab59f39f18949c0f07f93b6768138c2720aacad06b3fbf8d	52	36	6	5	16	1	0.3076923076923077	0.16666666666666666
3	length_balanced_03	2026100526	0.1	9	localentity:aae4d88d7dd87a6b9b170cac	localentity:40b4083f36b311a7ee5ae78e	8fae9830656ace746d823f9b6392200ed2dd591fbc50da14e550ffd94e51dfd1	59a0c61d78b8bf664c061fca507c003c8899e0328136e92de65b0f461cbcb040	125	133	11	13	8	2	0.064	0.18181818181818182
3	length_balanced_03	2026100526	0.1	9	localentity:ad9318e0877eeaae6a8bbcfd	localentity:272e9169628f3a6ba7420d76	94100b5ed4a54caf7ceb9240fbf5fd03f3a48f3fae05ffdf6dd43e0d4a867adf	93d04f2aa026899ac953748e356c886a68c42013012ba6f6eca775c25cae4a01	54	48	8	9	6	1	0.1111111111111111	0.125
3	length_balanced_03	2026100526	0.1	9	localentity:b18ef729b45b2c454ac8932c	localentity:454114ced8f67b52dae3185e	8563557a9e62ba1e88d03fa5151ec3c4b6961a0264b5de8124c7cb52d75e99dd	35ded772a20b7fbb3c620927a1460f61856d06d496d88ea19d6c36c0188b0899	110	101	12	11	9	1	0.08181818181818182	0.08333333333333333
3	length_balanced_03	2026100526	0.1	9	localentity:b4cfbd0ef230b997b022b207	localentity:9e736491b40ad49317383122	b1c1241e17aca8ecd9ff64fa8a44e3cfa8b01e15ed834a54e2380c5ff0ef94bd	612987ee6997aed8fa39c1a8322093b5e85bad732a7b3d74ead7dbeb7c3956a2	132	148	15	15	16	0	0.12121212121212122	0.0
3	length_balanced_03	2026100526	0.1	9	localentity:b4e7d8261502f18b0a9cbc87	localentity:792c35007fd6b835fd4d16c4	4845617182a06160ee3c7a095ce9a95bb8464c3b734de30ef1dd961e5f09ec21	d72295968fc84ec82aa3ab17c7cef3a38ed13483e6b557f6cf646e28957ba38a	97	99	11	13	2	2	0.020618556701030927	0.18181818181818182
3	length_balanced_03	2026100526	0.1	9	localentity:b50e885a27329923556ea367	localentity:6bfd4ac417754224d615e0fd	aad5fd5d9cca3ddbf8a90253a4561980ca60771585f0e8b7ae621777c594907a	851d8b37b1bb22190bdf7f01230f17635dd14eb362ae05346a7e8271647ffb6c	76	68	8	8	8	0	0.10526315789473684	0.0
3	length_balanced_03	2026100526	0.1	9	localentity:b74ff55a2dc32c1ea5811fca	localentity:2b1b3658c6caa3941ee28882	36afba0acdfc13e711109c074586876f9a4f15063ecb4075ece57f315eacaf4f	d942de671b2308a7ab59f39f18949c0f07f93b6768138c2720aacad06b3fbf8d	49	36	5	5	13	0	0.2653061224489796	0.0
3	length_balanced_03	2026100526	0.1	9	localentity:b8414499f9575213bc9951c5	localentity:9ebaad993a34cb81c36093e5	5967f7b34279a307fce6ff054e26b2389341c16dc21d2ce884e098c9b8a46628	80a99ce643c3daa2647011f1e2918826823a9a9fe01849fb296533e8a4550208	60	61	6	6	1	0	0.016666666666666666	0.0
3	length_balanced_03	2026100526	0.1	9	localentity:bffd6428b58a617fcc19a9b8	localentity:6ea0c6e37fddf8fd506a9d36	1d8333f8fb7dcb825b9a1cd780cac90c433ce67e18341c63f77119b3cb86eba6	7341dff866fcad6c986ae9ab80a58d9627e36feb7e5dba6415fe8582414ab990	73	71	7	7	2	0	0.0273972602739726	0.0
3	length_balanced_03	2026100526	0.1	9	localentity:c1f58836c56bd545ab620fd4	localentity:ad9318e0877eeaae6a8bbcfd	90d984635d0cc6bb66a9539ed83153a79dd8b9ab8d5245ceaff2b02d5b2a9826	94100b5ed4a54caf7ceb9240fbf5fd03f3a48f3fae05ffdf6dd43e0d4a867adf	57	54	8	8	3	0	0.05263157894736842	0.0
3	length_balanced_03	2026100526	0.1	9	localentity:c74fdff99aead8264ce65d91	localentity:fcc22f2eac4763de5ab3b970	e87ba8e48fd8bc4d9a401ab5aa874c6f1f6dce49407760df2bc93c3417ab7ba7	011974d219bab421b78dfed01b30b647f142848b74956d1c3c6679b62f9ceb89	233	272	25	31	39	6	0.16738197424892703	0.24
3	length_balanced_03	2026100526	0.1	9	localentity:d23e1f8eaba7eba32c459796	localentity:b50e885a27329923556ea367	55f3cd643eb9cfc1d63969b6f8834701d8783371fccecedac65b7b005d370208	aad5fd5d9cca3ddbf8a90253a4561980ca60771585f0e8b7ae621777c594907a	63	76	8	8	13	0	0.20634920634920634	0.0
3	length_balanced_03	2026100526	0.1	9	localentity:d321ea3d68897e0102a9df19	localentity:5ce728e1957de53bf9e827ff	55f3cd643eb9cfc1d63969b6f8834701d8783371fccecedac65b7b005d370208	53f9602d11058cd80e3f37ca3ae833affc28eacb99cf2f92726ca27666b1ddd6	63	61	8	7	2	1	0.031746031746031744	0.125
3	length_balanced_03	2026100526	0.1	9	localentity:dc353cf1b082054fe3df3b93	localentity:bffd6428b58a617fcc19a9b8	00f2a54a074be251c2b6a807bf2a2bed61ee2a07a14fd06ad752ca2605e7d49a	1d8333f8fb7dcb825b9a1cd780cac90c433ce67e18341c63f77119b3cb86eba6	73	73	7	7	0	0	0.0	0.0
3	length_balanced_03	2026100526	0.1	9	localentity:ddcd67031137902587164378	localentity:462e44494ff027730349f96b	7341dff866fcad6c986ae9ab80a58d9627e36feb7e5dba6415fe8582414ab990	1d8333f8fb7dcb825b9a1cd780cac90c433ce67e18341c63f77119b3cb86eba6	71	73	7	7	2	0	0.028169014084507043	0.0
3	length_balanced_03	2026100526	0.1	9	localentity:de0da30e013fa9b0ac4f3ed8	localentity:b4cfbd0ef230b997b022b207	cb6d0c7d700ff6c2f2beef588640dc100d673f712b49c5e87e7a6e5f26a49da4	b1c1241e17aca8ecd9ff64fa8a44e3cfa8b01e15ed834a54e2380c5ff0ef94bd	128	132	14	15	4	1	0.03125	0.07142857142857142
3	length_balanced_03	2026100526	0.1	9	localentity:e24cdf9c28a133f1f759182c	localentity:2e169a0857dc1d4f0315b724	7729d359e95bcc669735c6b140878e92b5a69a0c31d217cc3178754fc515af07	c80c4516676027fbb57a05c76f9efbebd7221038647165221af116aa69d65afb	71	83	9	10	12	1	0.16901408450704225	0.1111111111111111
3	length_balanced_03	2026100526	0.1	9	localentity:e5404f13bc1e889099bae606	localentity:8883362cb7bc384cdfb665b3	d58d2b6d4cfc44384af536672e0af7539b9dc919b0a6fc3d9e392258f4b1efec	cdc066e9f49b5c2fb8827c1f5709a1eb459a4fc63a5f435fad085dad1f35cfb3	369	379	39	41	10	2	0.02710027100271003	0.05128205128205128
3	length_balanced_03	2026100526	0.1	9	localentity:e63625c4cedf6c47f2eb071c	localentity:7536111106ec557185a3073b	274898f8f29c4a0ca79574c52ea2b0d2fa0041429dc5414d0cce4c18bef56274	6a381588b792d00e10645c33e2b246c2e8dbdbaf80400df2172c5e1674f28860	52	50	6	6	2	0	0.038461538461538464	0.0
3	length_balanced_03	2026100526	0.1	9	localentity:eb7bac7a626cb929ed6d43aa	localentity:b18ef729b45b2c454ac8932c	35ded772a20b7fbb3c620927a1460f61856d06d496d88ea19d6c36c0188b0899	8563557a9e62ba1e88d03fa5151ec3c4b6961a0264b5de8124c7cb52d75e99dd	101	110	11	12	9	1	0.0891089108910891	0.09090909090909091
3	length_balanced_03	2026100526	0.1	9	localentity:ec908be7a236c726e270b643	localentity:960ef9ebe8b264bf1051ee8c	2f9dbc62c95bb68953a92d1e80f5f3f2e9e6fd873e180e77c5cfa8f9817f2ad1	1a0a0eba4cf56d9491264d3df1549007d1f533b72f592c1dd5aef6e6132f66d5	213	187	20	23	26	3	0.12206572769953052	0.15
3	length_balanced_03	2026100526	0.1	9	localentity:fcc22f2eac4763de5ab3b970	localentity:c74fdff99aead8264ce65d91	011974d219bab421b78dfed01b30b647f142848b74956d1c3c6679b62f9ceb89	e87ba8e48fd8bc4d9a401ab5aa874c6f1f6dce49407760df2bc93c3417ab7ba7	272	233	31	25	39	6	0.14338235294117646	0.1935483870967742
3	length_balanced_03	2026100526	0.1	9	localentity:fdb3569df605118d8a98eb43	localentity:aac1641eb6476d7d3274844b	d942de671b2308a7ab59f39f18949c0f07f93b6768138c2720aacad06b3fbf8d	274898f8f29c4a0ca79574c52ea2b0d2fa0041429dc5414d0cce4c18bef56274	36	52	5	6	16	1	0.4444444444444444	0.2
4	length_balanced_04	2026100533	0.1	41	localentity:028d462217cb771c4875d196	localentity:7ded944e56e6a89265bc4eae	d942de671b2308a7ab59f39f18949c0f07f93b6768138c2720aacad06b3fbf8d	274898f8f29c4a0ca79574c52ea2b0d2fa0041429dc5414d0cce4c18bef56274	36	52	5	6	16	1	0.4444444444444444	0.2
4	length_balanced_04	2026100533	0.1	41	localentity:07aa24afd39f643b44d67ee7	localentity:5bf84d38d462be69ef4627e7	b6efa4d5ac11967babed26627536e32c9a19d562d5fa150f056f7744217939c6	274898f8f29c4a0ca79574c52ea2b0d2fa0041429dc5414d0cce4c18bef56274	55	52	6	6	3	0	0.05454545454545454	0.0
4	length_balanced_04	2026100533	0.1	41	localentity:1e21c490ec65c6aa8f1d84b7	localentity:6bfd4ac417754224d615e0fd	04fbfd8af617351d4fe1d73b91d535ac0aa620a8b2567da12b8bdfed27807444	851d8b37b1bb22190bdf7f01230f17635dd14eb362ae05346a7e8271647ffb6c	68	68	7	8	0	1	0.0	0.14285714285714285
4	length_balanced_04	2026100533	0.1	41	localentity:272e9169628f3a6ba7420d76	localentity:ad9318e0877eeaae6a8bbcfd	93d04f2aa026899ac953748e356c886a68c42013012ba6f6eca775c25cae4a01	94100b5ed4a54caf7ceb9240fbf5fd03f3a48f3fae05ffdf6dd43e0d4a867adf	48	54	9	8	6	1	0.125	0.1111111111111111
4	length_balanced_04	2026100533	0.1	41	localentity:2b1b3658c6caa3941ee28882	localentity:b74ff55a2dc32c1ea5811fca	d942de671b2308a7ab59f39f18949c0f07f93b6768138c2720aacad06b3fbf8d	36afba0acdfc13e711109c074586876f9a4f15063ecb4075ece57f315eacaf4f	36	49	5	5	13	0	0.3611111111111111	0.0
4	length_balanced_04	2026100533	0.1	41	localentity:2e169a0857dc1d4f0315b724	localentity:e24cdf9c28a133f1f759182c	c80c4516676027fbb57a05c76f9efbebd7221038647165221af116aa69d65afb	7729d359e95bcc669735c6b140878e92b5a69a0c31d217cc3178754fc515af07	83	71	10	9	12	1	0.14457831325301204	0.1
4	length_balanced_04	2026100533	0.1	41	localentity:3310497069b0015d6d6866dc	localentity:6cfed425bbe09fd2228dcdec	81288f4bbd9799f7de93789ca60759f6382eb12b1942b0395d10fda06005e4d6	ed0bb509307fea9c1b833c0d7e3e5313c42cfd669c9d19d24ccd9b810b63aa76	171	177	20	19	6	1	0.03508771929824561	0.05
4	length_balanced_04	2026100533	0.1	41	localentity:36b6809cd394b93106bc4aaf	localentity:eb7bac7a626cb929ed6d43aa	2f633ad1cb4e3029dacc27a126a04e57fc0fe03da3b8baf559db189b0dd7f1cb	35ded772a20b7fbb3c620927a1460f61856d06d496d88ea19d6c36c0188b0899	85	101	11	11	16	0	0.18823529411764706	0.0
4	length_balanced_04	2026100533	0.1	41	localentity:40b4083f36b311a7ee5ae78e	localentity:de0da30e013fa9b0ac4f3ed8	59a0c61d78b8bf664c061fca507c003c8899e0328136e92de65b0f461cbcb040	cb6d0c7d700ff6c2f2beef588640dc100d673f712b49c5e87e7a6e5f26a49da4	133	128	13	14	5	1	0.03759398496240601	0.07692307692307693
4	length_balanced_04	2026100533	0.1	41	localentity:454114ced8f67b52dae3185e	localentity:b4e7d8261502f18b0a9cbc87	35ded772a20b7fbb3c620927a1460f61856d06d496d88ea19d6c36c0188b0899	4845617182a06160ee3c7a095ce9a95bb8464c3b734de30ef1dd961e5f09ec21	101	97	11	11	4	0	0.039603960396039604	0.0
4	length_balanced_04	2026100533	0.1	41	localentity:462e44494ff027730349f96b	localentity:1e21c490ec65c6aa8f1d84b7	1d8333f8fb7dcb825b9a1cd780cac90c433ce67e18341c63f77119b3cb86eba6	04fbfd8af617351d4fe1d73b91d535ac0aa620a8b2567da12b8bdfed27807444	73	68	7	7	5	0	0.0684931506849315	0.0
4	length_balanced_04	2026100533	0.1	41	localentity:50e3f15b00a2b0d9880bb228	localentity:7059ad6b26889a2a5fb6d28f	63ac7e4ab709c319d833c06d289a7fd7af9d840d58f651410e402e8d7842553c	7b73e415b7f1ffcb51a675e9f9874718829e1b0b6e0f245c194826331a288fd7	174	181	18	19	7	1	0.040229885057471264	0.05555555555555555
4	length_balanced_04	2026100533	0.1	41	localentity:587893b0464eb19053263023	localentity:ddcd67031137902587164378	1d8333f8fb7dcb825b9a1cd780cac90c433ce67e18341c63f77119b3cb86eba6	7341dff866fcad6c986ae9ab80a58d9627e36feb7e5dba6415fe8582414ab990	73	71	7	7	2	0	0.0273972602739726	0.0
4	length_balanced_04	2026100533	0.1	41	localentity:5a14856655c54b0826e246b9	localentity:bffd6428b58a617fcc19a9b8	5b3ca63f99a0ccbc2a14f63444f3c7ae71f39a43b1e7f1203bb072723970b2ce	1d8333f8fb7dcb825b9a1cd780cac90c433ce67e18341c63f77119b3cb86eba6	69	73	7	7	4	0	0.057971014492753624	0.0
4	length_balanced_04	2026100533	0.1	41	localentity:5bf84d38d462be69ef4627e7	localentity:7536111106ec557185a3073b	274898f8f29c4a0ca79574c52ea2b0d2fa0041429dc5414d0cce4c18bef56274	6a381588b792d00e10645c33e2b246c2e8dbdbaf80400df2172c5e1674f28860	52	50	6	6	2	0	0.038461538461538464	0.0
4	length_balanced_04	2026100533	0.1	41	localentity:5ce728e1957de53bf9e827ff	localentity:8bf1d242afa1e522b26081a6	53f9602d11058cd80e3f37ca3ae833affc28eacb99cf2f92726ca27666b1ddd6	7341dff866fcad6c986ae9ab80a58d9627e36feb7e5dba6415fe8582414ab990	61	71	7	7	10	0	0.16393442622950818	0.0
4	length_balanced_04	2026100533	0.1	41	localentity:6286353b35f2d03c954476a4	localentity:a6ecf5ebe170b8f50a18418f	1a27139960ee752b6a8f6231ccd228040c70faf034a073556d99fd78d32c12cd	d942de671b2308a7ab59f39f18949c0f07f93b6768138c2720aacad06b3fbf8d	45	36	6	5	9	1	0.2	0.16666666666666666
4	length_balanced_04	2026100533	0.1	41	localentity:6bfd4ac417754224d615e0fd	localentity:b50e885a27329923556ea367	851d8b37b1bb22190bdf7f01230f17635dd14eb362ae05346a7e8271647ffb6c	aad5fd5d9cca3ddbf8a90253a4561980ca60771585f0e8b7ae621777c594907a	68	76	8	8	8	0	0.11764705882352941	0.0
4	length_balanced_04	2026100533	0.1	41	localentity:6cfed425bbe09fd2228dcdec	localentity:960ef9ebe8b264bf1051ee8c	ed0bb509307fea9c1b833c0d7e3e5313c42cfd669c9d19d24ccd9b810b63aa76	1a0a0eba4cf56d9491264d3df1549007d1f533b72f592c1dd5aef6e6132f66d5	177	187	19	23	10	4	0.05649717514124294	0.21052631578947367
4	length_balanced_04	2026100533	0.1	41	localentity:6ea0c6e37fddf8fd506a9d36	localentity:462e44494ff027730349f96b	7341dff866fcad6c986ae9ab80a58d9627e36feb7e5dba6415fe8582414ab990	1d8333f8fb7dcb825b9a1cd780cac90c433ce67e18341c63f77119b3cb86eba6	71	73	7	7	2	0	0.028169014084507043	0.0
4	length_balanced_04	2026100533	0.1	41	localentity:7059ad6b26889a2a5fb6d28f	localentity:782fc52de3b3df027712c4dc	7b73e415b7f1ffcb51a675e9f9874718829e1b0b6e0f245c194826331a288fd7	a40fd3def1140ad1bba96fe4389be43be9b052881fae50983fd2a798f43aa022	181	153	19	17	28	2	0.15469613259668508	0.10526315789473684
4	length_balanced_04	2026100533	0.1	41	localentity:7536111106ec557185a3073b	localentity:e63625c4cedf6c47f2eb071c	6a381588b792d00e10645c33e2b246c2e8dbdbaf80400df2172c5e1674f28860	274898f8f29c4a0ca79574c52ea2b0d2fa0041429dc5414d0cce4c18bef56274	50	52	6	6	2	0	0.04	0.0
4	length_balanced_04	2026100533	0.1	41	localentity:782fc52de3b3df027712c4dc	localentity:50e3f15b00a2b0d9880bb228	a40fd3def1140ad1bba96fe4389be43be9b052881fae50983fd2a798f43aa022	63ac7e4ab709c319d833c06d289a7fd7af9d840d58f651410e402e8d7842553c	153	174	17	18	21	1	0.13725490196078433	0.058823529411764705
4	length_balanced_04	2026100533	0.1	41	localentity:792c35007fd6b835fd4d16c4	localentity:b18ef729b45b2c454ac8932c	d72295968fc84ec82aa3ab17c7cef3a38ed13483e6b557f6cf646e28957ba38a	8563557a9e62ba1e88d03fa5151ec3c4b6961a0264b5de8124c7cb52d75e99dd	99	110	13	12	11	1	0.1111111111111111	0.07692307692307693
4	length_balanced_04	2026100533	0.1	41	localentity:7ded944e56e6a89265bc4eae	localentity:028d462217cb771c4875d196	274898f8f29c4a0ca79574c52ea2b0d2fa0041429dc5414d0cce4c18bef56274	d942de671b2308a7ab59f39f18949c0f07f93b6768138c2720aacad06b3fbf8d	52	36	6	5	16	1	0.3076923076923077	0.16666666666666666
4	length_balanced_04	2026100533	0.1	41	localentity:8883362cb7bc384cdfb665b3	localentity:e5404f13bc1e889099bae606	cdc066e9f49b5c2fb8827c1f5709a1eb459a4fc63a5f435fad085dad1f35cfb3	d58d2b6d4cfc44384af536672e0af7539b9dc919b0a6fc3d9e392258f4b1efec	379	369	41	39	10	2	0.026385224274406333	0.04878048780487805
4	length_balanced_04	2026100533	0.1	41	localentity:8b6ebc5c05ad29d84c76f634	localentity:d23e1f8eaba7eba32c459796	24130a414d9acc8b9e0212a9d40c7da3764d4cd6b31e33a1086a9d59ffaa6525	55f3cd643eb9cfc1d63969b6f8834701d8783371fccecedac65b7b005d370208	67	63	8	8	4	0	0.05970149253731343	0.0
4	length_balanced_04	2026100533	0.1	41	localentity:8bf1d242afa1e522b26081a6	localentity:587893b0464eb19053263023	7341dff866fcad6c986ae9ab80a58d9627e36feb7e5dba6415fe8582414ab990	1d8333f8fb7dcb825b9a1cd780cac90c433ce67e18341c63f77119b3cb86eba6	71	73	7	7	2	0	0.028169014084507043	0.0
4	length_balanced_04	2026100533	0.1	41	localentity:960ef9ebe8b264bf1051ee8c	localentity:ec908be7a236c726e270b643	1a0a0eba4cf56d9491264d3df1549007d1f533b72f592c1dd5aef6e6132f66d5	2f9dbc62c95bb68953a92d1e80f5f3f2e9e6fd873e180e77c5cfa8f9817f2ad1	187	213	23	20	26	3	0.13903743315508021	0.13043478260869565
4	length_balanced_04	2026100533	0.1	41	localentity:9e736491b40ad49317383122	localentity:b4cfbd0ef230b997b022b207	612987ee6997aed8fa39c1a8322093b5e85bad732a7b3d74ead7dbeb7c3956a2	b1c1241e17aca8ecd9ff64fa8a44e3cfa8b01e15ed834a54e2380c5ff0ef94bd	148	132	15	15	16	0	0.10810810810810811	0.0
4	length_balanced_04	2026100533	0.1	41	localentity:9ebaad993a34cb81c36093e5	localentity:b8414499f9575213bc9951c5	80a99ce643c3daa2647011f1e2918826823a9a9fe01849fb296533e8a4550208	5967f7b34279a307fce6ff054e26b2389341c16dc21d2ce884e098c9b8a46628	61	60	6	6	1	0	0.01639344262295082	0.0
4	length_balanced_04	2026100533	0.1	41	localentity:a6ecf5ebe170b8f50a18418f	localentity:aac1641eb6476d7d3274844b	d942de671b2308a7ab59f39f18949c0f07f93b6768138c2720aacad06b3fbf8d	274898f8f29c4a0ca79574c52ea2b0d2fa0041429dc5414d0cce4c18bef56274	36	52	5	6	16	1	0.4444444444444444	0.2
4	length_balanced_04	2026100533	0.1	41	localentity:a7edcf0395abe679c80950da	localentity:8883362cb7bc384cdfb665b3	e0a388cbaa922558e3f003bcafdff9e30d877ec0460ade601eacd926b751d8a2	cdc066e9f49b5c2fb8827c1f5709a1eb459a4fc63a5f435fad085dad1f35cfb3	691	379	78	41	312	37	0.4515195369030391	0.47435897435897434
4	length_balanced_04	2026100533	0.1	41	localentity:aac1641eb6476d7d3274844b	localentity:fdb3569df605118d8a98eb43	274898f8f29c4a0ca79574c52ea2b0d2fa0041429dc5414d0cce4c18bef56274	d942de671b2308a7ab59f39f18949c0f07f93b6768138c2720aacad06b3fbf8d	52	36	6	5	16	1	0.3076923076923077	0.16666666666666666
4	length_balanced_04	2026100533	0.1	41	localentity:aae4d88d7dd87a6b9b170cac	localentity:40b4083f36b311a7ee5ae78e	8fae9830656ace746d823f9b6392200ed2dd591fbc50da14e550ffd94e51dfd1	59a0c61d78b8bf664c061fca507c003c8899e0328136e92de65b0f461cbcb040	125	133	11	13	8	2	0.064	0.18181818181818182
4	length_balanced_04	2026100533	0.1	41	localentity:ad9318e0877eeaae6a8bbcfd	localentity:272e9169628f3a6ba7420d76	94100b5ed4a54caf7ceb9240fbf5fd03f3a48f3fae05ffdf6dd43e0d4a867adf	93d04f2aa026899ac953748e356c886a68c42013012ba6f6eca775c25cae4a01	54	48	8	9	6	1	0.1111111111111111	0.125
4	length_balanced_04	2026100533	0.1	41	localentity:b18ef729b45b2c454ac8932c	localentity:792c35007fd6b835fd4d16c4	8563557a9e62ba1e88d03fa5151ec3c4b6961a0264b5de8124c7cb52d75e99dd	d72295968fc84ec82aa3ab17c7cef3a38ed13483e6b557f6cf646e28957ba38a	110	99	12	13	11	1	0.1	0.08333333333333333
4	length_balanced_04	2026100533	0.1	41	localentity:b4cfbd0ef230b997b022b207	localentity:9e736491b40ad49317383122	b1c1241e17aca8ecd9ff64fa8a44e3cfa8b01e15ed834a54e2380c5ff0ef94bd	612987ee6997aed8fa39c1a8322093b5e85bad732a7b3d74ead7dbeb7c3956a2	132	148	15	15	16	0	0.12121212121212122	0.0
4	length_balanced_04	2026100533	0.1	41	localentity:b4e7d8261502f18b0a9cbc87	localentity:454114ced8f67b52dae3185e	4845617182a06160ee3c7a095ce9a95bb8464c3b734de30ef1dd961e5f09ec21	35ded772a20b7fbb3c620927a1460f61856d06d496d88ea19d6c36c0188b0899	97	101	11	11	4	0	0.041237113402061855	0.0
4	length_balanced_04	2026100533	0.1	41	localentity:b50e885a27329923556ea367	localentity:8b6ebc5c05ad29d84c76f634	aad5fd5d9cca3ddbf8a90253a4561980ca60771585f0e8b7ae621777c594907a	24130a414d9acc8b9e0212a9d40c7da3764d4cd6b31e33a1086a9d59ffaa6525	76	67	8	8	9	0	0.11842105263157894	0.0
4	length_balanced_04	2026100533	0.1	41	localentity:b74ff55a2dc32c1ea5811fca	localentity:2b1b3658c6caa3941ee28882	36afba0acdfc13e711109c074586876f9a4f15063ecb4075ece57f315eacaf4f	d942de671b2308a7ab59f39f18949c0f07f93b6768138c2720aacad06b3fbf8d	49	36	5	5	13	0	0.2653061224489796	0.0
4	length_balanced_04	2026100533	0.1	41	localentity:b8414499f9575213bc9951c5	localentity:9ebaad993a34cb81c36093e5	5967f7b34279a307fce6ff054e26b2389341c16dc21d2ce884e098c9b8a46628	80a99ce643c3daa2647011f1e2918826823a9a9fe01849fb296533e8a4550208	60	61	6	6	1	0	0.016666666666666666	0.0
4	length_balanced_04	2026100533	0.1	41	localentity:bffd6428b58a617fcc19a9b8	localentity:dc353cf1b082054fe3df3b93	1d8333f8fb7dcb825b9a1cd780cac90c433ce67e18341c63f77119b3cb86eba6	00f2a54a074be251c2b6a807bf2a2bed61ee2a07a14fd06ad752ca2605e7d49a	73	73	7	7	0	0	0.0	0.0
4	length_balanced_04	2026100533	0.1	41	localentity:c1f58836c56bd545ab620fd4	localentity:d321ea3d68897e0102a9df19	90d984635d0cc6bb66a9539ed83153a79dd8b9ab8d5245ceaff2b02d5b2a9826	55f3cd643eb9cfc1d63969b6f8834701d8783371fccecedac65b7b005d370208	57	63	8	8	6	0	0.10526315789473684	0.0
4	length_balanced_04	2026100533	0.1	41	localentity:c74fdff99aead8264ce65d91	localentity:fcc22f2eac4763de5ab3b970	e87ba8e48fd8bc4d9a401ab5aa874c6f1f6dce49407760df2bc93c3417ab7ba7	011974d219bab421b78dfed01b30b647f142848b74956d1c3c6679b62f9ceb89	233	272	25	31	39	6	0.16738197424892703	0.24
4	length_balanced_04	2026100533	0.1	41	localentity:d23e1f8eaba7eba32c459796	localentity:c1f58836c56bd545ab620fd4	55f3cd643eb9cfc1d63969b6f8834701d8783371fccecedac65b7b005d370208	90d984635d0cc6bb66a9539ed83153a79dd8b9ab8d5245ceaff2b02d5b2a9826	63	57	8	8	6	0	0.09523809523809523	0.0
4	length_balanced_04	2026100533	0.1	41	localentity:d321ea3d68897e0102a9df19	localentity:5ce728e1957de53bf9e827ff	55f3cd643eb9cfc1d63969b6f8834701d8783371fccecedac65b7b005d370208	53f9602d11058cd80e3f37ca3ae833affc28eacb99cf2f92726ca27666b1ddd6	63	61	8	7	2	1	0.031746031746031744	0.125
4	length_balanced_04	2026100533	0.1	41	localentity:dc353cf1b082054fe3df3b93	localentity:6ea0c6e37fddf8fd506a9d36	00f2a54a074be251c2b6a807bf2a2bed61ee2a07a14fd06ad752ca2605e7d49a	7341dff866fcad6c986ae9ab80a58d9627e36feb7e5dba6415fe8582414ab990	73	71	7	7	2	0	0.0273972602739726	0.0
4	length_balanced_04	2026100533	0.1	41	localentity:ddcd67031137902587164378	localentity:5a14856655c54b0826e246b9	7341dff866fcad6c986ae9ab80a58d9627e36feb7e5dba6415fe8582414ab990	5b3ca63f99a0ccbc2a14f63444f3c7ae71f39a43b1e7f1203bb072723970b2ce	71	69	7	7	2	0	0.028169014084507043	0.0
4	length_balanced_04	2026100533	0.1	41	localentity:de0da30e013fa9b0ac4f3ed8	localentity:aae4d88d7dd87a6b9b170cac	cb6d0c7d700ff6c2f2beef588640dc100d673f712b49c5e87e7a6e5f26a49da4	8fae9830656ace746d823f9b6392200ed2dd591fbc50da14e550ffd94e51dfd1	128	125	14	11	3	3	0.0234375	0.21428571428571427
4	length_balanced_04	2026100533	0.1	41	localentity:e24cdf9c28a133f1f759182c	localentity:2e169a0857dc1d4f0315b724	7729d359e95bcc669735c6b140878e92b5a69a0c31d217cc3178754fc515af07	c80c4516676027fbb57a05c76f9efbebd7221038647165221af116aa69d65afb	71	83	9	10	12	1	0.16901408450704225	0.1111111111111111
4	length_balanced_04	2026100533	0.1	41	localentity:e5404f13bc1e889099bae606	localentity:a7edcf0395abe679c80950da	d58d2b6d4cfc44384af536672e0af7539b9dc919b0a6fc3d9e392258f4b1efec	e0a388cbaa922558e3f003bcafdff9e30d877ec0460ade601eacd926b751d8a2	369	691	39	78	322	39	0.8726287262872628	1.0
4	length_balanced_04	2026100533	0.1	41	localentity:e63625c4cedf6c47f2eb071c	localentity:07aa24afd39f643b44d67ee7	274898f8f29c4a0ca79574c52ea2b0d2fa0041429dc5414d0cce4c18bef56274	b6efa4d5ac11967babed26627536e32c9a19d562d5fa150f056f7744217939c6	52	55	6	6	3	0	0.057692307692307696	0.0
4	length_balanced_04	2026100533	0.1	41	localentity:eb7bac7a626cb929ed6d43aa	localentity:36b6809cd394b93106bc4aaf	35ded772a20b7fbb3c620927a1460f61856d06d496d88ea19d6c36c0188b0899	2f633ad1cb4e3029dacc27a126a04e57fc0fe03da3b8baf559db189b0dd7f1cb	101	85	11	11	16	0	0.15841584158415842	0.0
4	length_balanced_04	2026100533	0.1	41	localentity:ec908be7a236c726e270b643	localentity:3310497069b0015d6d6866dc	2f9dbc62c95bb68953a92d1e80f5f3f2e9e6fd873e180e77c5cfa8f9817f2ad1	81288f4bbd9799f7de93789ca60759f6382eb12b1942b0395d10fda06005e4d6	213	171	20	20	42	0	0.19718309859154928	0.0
4	length_balanced_04	2026100533	0.1	41	localentity:fcc22f2eac4763de5ab3b970	localentity:c74fdff99aead8264ce65d91	011974d219bab421b78dfed01b30b647f142848b74956d1c3c6679b62f9ceb89	e87ba8e48fd8bc4d9a401ab5aa874c6f1f6dce49407760df2bc93c3417ab7ba7	272	233	31	25	39	6	0.14338235294117646	0.1935483870967742
4	length_balanced_04	2026100533	0.1	41	localentity:fdb3569df605118d8a98eb43	localentity:6286353b35f2d03c954476a4	d942de671b2308a7ab59f39f18949c0f07f93b6768138c2720aacad06b3fbf8d	1a27139960ee752b6a8f6231ccd228040c70faf034a073556d99fd78d32c12cd	36	45	5	6	9	1	0.25	0.2
5	length_balanced_05	2026100538	0.1	1	localentity:028d462217cb771c4875d196	localentity:5bf84d38d462be69ef4627e7	d942de671b2308a7ab59f39f18949c0f07f93b6768138c2720aacad06b3fbf8d	274898f8f29c4a0ca79574c52ea2b0d2fa0041429dc5414d0cce4c18bef56274	36	52	5	6	16	1	0.4444444444444444	0.2
5	length_balanced_05	2026100538	0.1	1	localentity:07aa24afd39f643b44d67ee7	localentity:7ded944e56e6a89265bc4eae	b6efa4d5ac11967babed26627536e32c9a19d562d5fa150f056f7744217939c6	274898f8f29c4a0ca79574c52ea2b0d2fa0041429dc5414d0cce4c18bef56274	55	52	6	6	3	0	0.05454545454545454	0.0
5	length_balanced_05	2026100538	0.1	1	localentity:1e21c490ec65c6aa8f1d84b7	localentity:6ea0c6e37fddf8fd506a9d36	04fbfd8af617351d4fe1d73b91d535ac0aa620a8b2567da12b8bdfed27807444	7341dff866fcad6c986ae9ab80a58d9627e36feb7e5dba6415fe8582414ab990	68	71	7	7	3	0	0.04411764705882353	0.0
5	length_balanced_05	2026100538	0.1	1	localentity:272e9169628f3a6ba7420d76	localentity:d23e1f8eaba7eba32c459796	93d04f2aa026899ac953748e356c886a68c42013012ba6f6eca775c25cae4a01	55f3cd643eb9cfc1d63969b6f8834701d8783371fccecedac65b7b005d370208	48	63	9	8	15	1	0.3125	0.1111111111111111
5	length_balanced_05	2026100538	0.1	1	localentity:2b1b3658c6caa3941ee28882	localentity:6286353b35f2d03c954476a4	d942de671b2308a7ab59f39f18949c0f07f93b6768138c2720aacad06b3fbf8d	1a27139960ee752b6a8f6231ccd228040c70faf034a073556d99fd78d32c12cd	36	45	5	6	9	1	0.25	0.2
5	length_balanced_05	2026100538	0.1	1	localentity:2e169a0857dc1d4f0315b724	localentity:36b6809cd394b93106bc4aaf	c80c4516676027fbb57a05c76f9efbebd7221038647165221af116aa69d65afb	2f633ad1cb4e3029dacc27a126a04e57fc0fe03da3b8baf559db189b0dd7f1cb	83	85	10	11	2	1	0.024096385542168676	0.1
5	length_balanced_05	2026100538	0.1	1	localentity:3310497069b0015d6d6866dc	localentity:960ef9ebe8b264bf1051ee8c	81288f4bbd9799f7de93789ca60759f6382eb12b1942b0395d10fda06005e4d6	1a0a0eba4cf56d9491264d3df1549007d1f533b72f592c1dd5aef6e6132f66d5	171	187	20	23	16	3	0.0935672514619883	0.15
5	length_balanced_05	2026100538	0.1	1	localentity:36b6809cd394b93106bc4aaf	localentity:2e169a0857dc1d4f0315b724	2f633ad1cb4e3029dacc27a126a04e57fc0fe03da3b8baf559db189b0dd7f1cb	c80c4516676027fbb57a05c76f9efbebd7221038647165221af116aa69d65afb	85	83	11	10	2	1	0.023529411764705882	0.09090909090909091
5	length_balanced_05	2026100538	0.1	1	localentity:40b4083f36b311a7ee5ae78e	localentity:aae4d88d7dd87a6b9b170cac	59a0c61d78b8bf664c061fca507c003c8899e0328136e92de65b0f461cbcb040	8fae9830656ace746d823f9b6392200ed2dd591fbc50da14e550ffd94e51dfd1	133	125	13	11	8	2	0.06015037593984962	0.15384615384615385
5	length_balanced_05	2026100538	0.1	1	localentity:454114ced8f67b52dae3185e	localentity:b18ef729b45b2c454ac8932c	35ded772a20b7fbb3c620927a1460f61856d06d496d88ea19d6c36c0188b0899	8563557a9e62ba1e88d03fa5151ec3c4b6961a0264b5de8124c7cb52d75e99dd	101	110	11	12	9	1	0.0891089108910891	0.09090909090909091
5	length_balanced_05	2026100538	0.1	1	localentity:462e44494ff027730349f96b	localentity:dc353cf1b082054fe3df3b93	1d8333f8fb7dcb825b9a1cd780cac90c433ce67e18341c63f77119b3cb86eba6	00f2a54a074be251c2b6a807bf2a2bed61ee2a07a14fd06ad752ca2605e7d49a	73	73	7	7	0	0	0.0	0.0
5	length_balanced_05	2026100538	0.1	1	localentity:50e3f15b00a2b0d9880bb228	localentity:3310497069b0015d6d6866dc	63ac7e4ab709c319d833c06d289a7fd7af9d840d58f651410e402e8d7842553c	81288f4bbd9799f7de93789ca60759f6382eb12b1942b0395d10fda06005e4d6	174	171	18	20	3	2	0.017241379310344827	0.1111111111111111
5	length_balanced_05	2026100538	0.1	1	localentity:587893b0464eb19053263023	localentity:8bf1d242afa1e522b26081a6	1d8333f8fb7dcb825b9a1cd780cac90c433ce67e18341c63f77119b3cb86eba6	7341dff866fcad6c986ae9ab80a58d9627e36feb7e5dba6415fe8582414ab990	73	71	7	7	2	0	0.0273972602739726	0.0
5	length_balanced_05	2026100538	0.1	1	localentity:5a14856655c54b0826e246b9	localentity:5ce728e1957de53bf9e827ff	5b3ca63f99a0ccbc2a14f63444f3c7ae71f39a43b1e7f1203bb072723970b2ce	53f9602d11058cd80e3f37ca3ae833affc28eacb99cf2f92726ca27666b1ddd6	69	61	7	7	8	0	0.11594202898550725	0.0
5	length_balanced_05	2026100538	0.1	1	localentity:5bf84d38d462be69ef4627e7	localentity:07aa24afd39f643b44d67ee7	274898f8f29c4a0ca79574c52ea2b0d2fa0041429dc5414d0cce4c18bef56274	b6efa4d5ac11967babed26627536e32c9a19d562d5fa150f056f7744217939c6	52	55	6	6	3	0	0.057692307692307696	0.0
5	length_balanced_05	2026100538	0.1	1	localentity:5ce728e1957de53bf9e827ff	localentity:1e21c490ec65c6aa8f1d84b7	53f9602d11058cd80e3f37ca3ae833affc28eacb99cf2f92726ca27666b1ddd6	04fbfd8af617351d4fe1d73b91d535ac0aa620a8b2567da12b8bdfed27807444	61	68	7	7	7	0	0.11475409836065574	0.0
5	length_balanced_05	2026100538	0.1	1	localentity:6286353b35f2d03c954476a4	localentity:a6ecf5ebe170b8f50a18418f	1a27139960ee752b6a8f6231ccd228040c70faf034a073556d99fd78d32c12cd	d942de671b2308a7ab59f39f18949c0f07f93b6768138c2720aacad06b3fbf8d	45	36	6	5	9	1	0.2	0.16666666666666666
5	length_balanced_05	2026100538	0.1	1	localentity:6bfd4ac417754224d615e0fd	localentity:b50e885a27329923556ea367	851d8b37b1bb22190bdf7f01230f17635dd14eb362ae05346a7e8271647ffb6c	aad5fd5d9cca3ddbf8a90253a4561980ca60771585f0e8b7ae621777c594907a	68	76	8	8	8	0	0.11764705882352941	0.0
5	length_balanced_05	2026100538	0.1	1	localentity:6cfed425bbe09fd2228dcdec	localentity:50e3f15b00a2b0d9880bb228	ed0bb509307fea9c1b833c0d7e3e5313c42cfd669c9d19d24ccd9b810b63aa76	63ac7e4ab709c319d833c06d289a7fd7af9d840d58f651410e402e8d7842553c	177	174	19	18	3	1	0.01694915254237288	0.05263157894736842
5	length_balanced_05	2026100538	0.1	1	localentity:6ea0c6e37fddf8fd506a9d36	localentity:462e44494ff027730349f96b	7341dff866fcad6c986ae9ab80a58d9627e36feb7e5dba6415fe8582414ab990	1d8333f8fb7dcb825b9a1cd780cac90c433ce67e18341c63f77119b3cb86eba6	71	73	7	7	2	0	0.028169014084507043	0.0
5	length_balanced_05	2026100538	0.1	1	localentity:7059ad6b26889a2a5fb6d28f	localentity:6cfed425bbe09fd2228dcdec	7b73e415b7f1ffcb51a675e9f9874718829e1b0b6e0f245c194826331a288fd7	ed0bb509307fea9c1b833c0d7e3e5313c42cfd669c9d19d24ccd9b810b63aa76	181	177	19	19	4	0	0.022099447513812154	0.0
5	length_balanced_05	2026100538	0.1	1	localentity:7536111106ec557185a3073b	localentity:028d462217cb771c4875d196	6a381588b792d00e10645c33e2b246c2e8dbdbaf80400df2172c5e1674f28860	d942de671b2308a7ab59f39f18949c0f07f93b6768138c2720aacad06b3fbf8d	50	36	6	5	14	1	0.28	0.16666666666666666
5	length_balanced_05	2026100538	0.1	1	localentity:782fc52de3b3df027712c4dc	localentity:9e736491b40ad49317383122	a40fd3def1140ad1bba96fe4389be43be9b052881fae50983fd2a798f43aa022	612987ee6997aed8fa39c1a8322093b5e85bad732a7b3d74ead7dbeb7c3956a2	153	148	17	15	5	2	0.032679738562091505	0.11764705882352941
5	length_balanced_05	2026100538	0.1	1	localentity:792c35007fd6b835fd4d16c4	localentity:eb7bac7a626cb929ed6d43aa	d72295968fc84ec82aa3ab17c7cef3a38ed13483e6b557f6cf646e28957ba38a	35ded772a20b7fbb3c620927a1460f61856d06d496d88ea19d6c36c0188b0899	99	101	13	11	2	2	0.020202020202020204	0.15384615384615385
5	length_balanced_05	2026100538	0.1	1	localentity:7ded944e56e6a89265bc4eae	localentity:2b1b3658c6caa3941ee28882	274898f8f29c4a0ca79574c52ea2b0d2fa0041429dc5414d0cce4c18bef56274	d942de671b2308a7ab59f39f18949c0f07f93b6768138c2720aacad06b3fbf8d	52	36	6	5	16	1	0.3076923076923077	0.16666666666666666
5	length_balanced_05	2026100538	0.1	1	localentity:8883362cb7bc384cdfb665b3	localentity:a7edcf0395abe679c80950da	cdc066e9f49b5c2fb8827c1f5709a1eb459a4fc63a5f435fad085dad1f35cfb3	e0a388cbaa922558e3f003bcafdff9e30d877ec0460ade601eacd926b751d8a2	379	691	41	78	312	37	0.8232189973614775	0.9024390243902439
5	length_balanced_05	2026100538	0.1	1	localentity:8b6ebc5c05ad29d84c76f634	localentity:d321ea3d68897e0102a9df19	24130a414d9acc8b9e0212a9d40c7da3764d4cd6b31e33a1086a9d59ffaa6525	55f3cd643eb9cfc1d63969b6f8834701d8783371fccecedac65b7b005d370208	67	63	8	8	4	0	0.05970149253731343	0.0
5	length_balanced_05	2026100538	0.1	1	localentity:8bf1d242afa1e522b26081a6	localentity:bffd6428b58a617fcc19a9b8	7341dff866fcad6c986ae9ab80a58d9627e36feb7e5dba6415fe8582414ab990	1d8333f8fb7dcb825b9a1cd780cac90c433ce67e18341c63f77119b3cb86eba6	71	73	7	7	2	0	0.028169014084507043	0.0
5	length_balanced_05	2026100538	0.1	1	localentity:960ef9ebe8b264bf1051ee8c	localentity:ec908be7a236c726e270b643	1a0a0eba4cf56d9491264d3df1549007d1f533b72f592c1dd5aef6e6132f66d5	2f9dbc62c95bb68953a92d1e80f5f3f2e9e6fd873e180e77c5cfa8f9817f2ad1	187	213	23	20	26	3	0.13903743315508021	0.13043478260869565
5	length_balanced_05	2026100538	0.1	1	localentity:9e736491b40ad49317383122	localentity:782fc52de3b3df027712c4dc	612987ee6997aed8fa39c1a8322093b5e85bad732a7b3d74ead7dbeb7c3956a2	a40fd3def1140ad1bba96fe4389be43be9b052881fae50983fd2a798f43aa022	148	153	15	17	5	2	0.033783783783783786	0.13333333333333333
5	length_balanced_05	2026100538	0.1	1	localentity:9ebaad993a34cb81c36093e5	localentity:e63625c4cedf6c47f2eb071c	80a99ce643c3daa2647011f1e2918826823a9a9fe01849fb296533e8a4550208	274898f8f29c4a0ca79574c52ea2b0d2fa0041429dc5414d0cce4c18bef56274	61	52	6	6	9	0	0.14754098360655737	0.0
5	length_balanced_05	2026100538	0.1	1	localentity:a6ecf5ebe170b8f50a18418f	localentity:b74ff55a2dc32c1ea5811fca	d942de671b2308a7ab59f39f18949c0f07f93b6768138c2720aacad06b3fbf8d	36afba0acdfc13e711109c074586876f9a4f15063ecb4075ece57f315eacaf4f	36	49	5	5	13	0	0.3611111111111111	0.0
5	length_balanced_05	2026100538	0.1	1	localentity:a7edcf0395abe679c80950da	localentity:e5404f13bc1e889099bae606	e0a388cbaa922558e3f003bcafdff9e30d877ec0460ade601eacd926b751d8a2	d58d2b6d4cfc44384af536672e0af7539b9dc919b0a6fc3d9e392258f4b1efec	691	369	78	39	322	39	0.46599131693198265	0.5
5	length_balanced_05	2026100538	0.1	1	localentity:aac1641eb6476d7d3274844b	localentity:7536111106ec557185a3073b	274898f8f29c4a0ca79574c52ea2b0d2fa0041429dc5414d0cce4c18bef56274	6a381588b792d00e10645c33e2b246c2e8dbdbaf80400df2172c5e1674f28860	52	50	6	6	2	0	0.038461538461538464	0.0
5	length_balanced_05	2026100538	0.1	1	localentity:aae4d88d7dd87a6b9b170cac	localentity:40b4083f36b311a7ee5ae78e	8fae9830656ace746d823f9b6392200ed2dd591fbc50da14e550ffd94e51dfd1	59a0c61d78b8bf664c061fca507c003c8899e0328136e92de65b0f461cbcb040	125	133	11	13	8	2	0.064	0.18181818181818182
5	length_balanced_05	2026100538	0.1	1	localentity:ad9318e0877eeaae6a8bbcfd	localentity:c1f58836c56bd545ab620fd4	94100b5ed4a54caf7ceb9240fbf5fd03f3a48f3fae05ffdf6dd43e0d4a867adf	90d984635d0cc6bb66a9539ed83153a79dd8b9ab8d5245ceaff2b02d5b2a9826	54	57	8	8	3	0	0.05555555555555555	0.0
5	length_balanced_05	2026100538	0.1	1	localentity:b18ef729b45b2c454ac8932c	localentity:792c35007fd6b835fd4d16c4	8563557a9e62ba1e88d03fa5151ec3c4b6961a0264b5de8124c7cb52d75e99dd	d72295968fc84ec82aa3ab17c7cef3a38ed13483e6b557f6cf646e28957ba38a	110	99	12	13	11	1	0.1	0.08333333333333333
5	length_balanced_05	2026100538	0.1	1	localentity:b4cfbd0ef230b997b022b207	localentity:de0da30e013fa9b0ac4f3ed8	b1c1241e17aca8ecd9ff64fa8a44e3cfa8b01e15ed834a54e2380c5ff0ef94bd	cb6d0c7d700ff6c2f2beef588640dc100d673f712b49c5e87e7a6e5f26a49da4	132	128	15	14	4	1	0.030303030303030304	0.06666666666666667
5	length_balanced_05	2026100538	0.1	1	localentity:b4e7d8261502f18b0a9cbc87	localentity:454114ced8f67b52dae3185e	4845617182a06160ee3c7a095ce9a95bb8464c3b734de30ef1dd961e5f09ec21	35ded772a20b7fbb3c620927a1460f61856d06d496d88ea19d6c36c0188b0899	97	101	11	11	4	0	0.041237113402061855	0.0
5	length_balanced_05	2026100538	0.1	1	localentity:b50e885a27329923556ea367	localentity:e24cdf9c28a133f1f759182c	aad5fd5d9cca3ddbf8a90253a4561980ca60771585f0e8b7ae621777c594907a	7729d359e95bcc669735c6b140878e92b5a69a0c31d217cc3178754fc515af07	76	71	8	9	5	1	0.06578947368421052	0.125
5	length_balanced_05	2026100538	0.1	1	localentity:b74ff55a2dc32c1ea5811fca	localentity:fdb3569df605118d8a98eb43	36afba0acdfc13e711109c074586876f9a4f15063ecb4075ece57f315eacaf4f	d942de671b2308a7ab59f39f18949c0f07f93b6768138c2720aacad06b3fbf8d	49	36	5	5	13	0	0.2653061224489796	0.0
5	length_balanced_05	2026100538	0.1	1	localentity:b8414499f9575213bc9951c5	localentity:9ebaad993a34cb81c36093e5	5967f7b34279a307fce6ff054e26b2389341c16dc21d2ce884e098c9b8a46628	80a99ce643c3daa2647011f1e2918826823a9a9fe01849fb296533e8a4550208	60	61	6	6	1	0	0.016666666666666666	0.0
5	length_balanced_05	2026100538	0.1	1	localentity:bffd6428b58a617fcc19a9b8	localentity:ddcd67031137902587164378	1d8333f8fb7dcb825b9a1cd780cac90c433ce67e18341c63f77119b3cb86eba6	7341dff866fcad6c986ae9ab80a58d9627e36feb7e5dba6415fe8582414ab990	73	71	7	7	2	0	0.0273972602739726	0.0
5	length_balanced_05	2026100538	0.1	1	localentity:c1f58836c56bd545ab620fd4	localentity:272e9169628f3a6ba7420d76	90d984635d0cc6bb66a9539ed83153a79dd8b9ab8d5245ceaff2b02d5b2a9826	93d04f2aa026899ac953748e356c886a68c42013012ba6f6eca775c25cae4a01	57	48	8	9	9	1	0.15789473684210525	0.125
5	length_balanced_05	2026100538	0.1	1	localentity:c74fdff99aead8264ce65d91	localentity:fcc22f2eac4763de5ab3b970	e87ba8e48fd8bc4d9a401ab5aa874c6f1f6dce49407760df2bc93c3417ab7ba7	011974d219bab421b78dfed01b30b647f142848b74956d1c3c6679b62f9ceb89	233	272	25	31	39	6	0.16738197424892703	0.24
5	length_balanced_05	2026100538	0.1	1	localentity:d23e1f8eaba7eba32c459796	localentity:6bfd4ac417754224d615e0fd	55f3cd643eb9cfc1d63969b6f8834701d8783371fccecedac65b7b005d370208	851d8b37b1bb22190bdf7f01230f17635dd14eb362ae05346a7e8271647ffb6c	63	68	8	8	5	0	0.07936507936507936	0.0
5	length_balanced_05	2026100538	0.1	1	localentity:d321ea3d68897e0102a9df19	localentity:ad9318e0877eeaae6a8bbcfd	55f3cd643eb9cfc1d63969b6f8834701d8783371fccecedac65b7b005d370208	94100b5ed4a54caf7ceb9240fbf5fd03f3a48f3fae05ffdf6dd43e0d4a867adf	63	54	8	8	9	0	0.14285714285714285	0.0
5	length_balanced_05	2026100538	0.1	1	localentity:dc353cf1b082054fe3df3b93	localentity:587893b0464eb19053263023	00f2a54a074be251c2b6a807bf2a2bed61ee2a07a14fd06ad752ca2605e7d49a	1d8333f8fb7dcb825b9a1cd780cac90c433ce67e18341c63f77119b3cb86eba6	73	73	7	7	0	0	0.0	0.0
5	length_balanced_05	2026100538	0.1	1	localentity:ddcd67031137902587164378	localentity:5a14856655c54b0826e246b9	7341dff866fcad6c986ae9ab80a58d9627e36feb7e5dba6415fe8582414ab990	5b3ca63f99a0ccbc2a14f63444f3c7ae71f39a43b1e7f1203bb072723970b2ce	71	69	7	7	2	0	0.028169014084507043	0.0
5	length_balanced_05	2026100538	0.1	1	localentity:de0da30e013fa9b0ac4f3ed8	localentity:b4cfbd0ef230b997b022b207	cb6d0c7d700ff6c2f2beef588640dc100d673f712b49c5e87e7a6e5f26a49da4	b1c1241e17aca8ecd9ff64fa8a44e3cfa8b01e15ed834a54e2380c5ff0ef94bd	128	132	14	15	4	1	0.03125	0.07142857142857142
5	length_balanced_05	2026100538	0.1	1	localentity:e24cdf9c28a133f1f759182c	localentity:8b6ebc5c05ad29d84c76f634	7729d359e95bcc669735c6b140878e92b5a69a0c31d217cc3178754fc515af07	24130a414d9acc8b9e0212a9d40c7da3764d4cd6b31e33a1086a9d59ffaa6525	71	67	9	8	4	1	0.056338028169014086	0.1111111111111111
5	length_balanced_05	2026100538	0.1	1	localentity:e5404f13bc1e889099bae606	localentity:8883362cb7bc384cdfb665b3	d58d2b6d4cfc44384af536672e0af7539b9dc919b0a6fc3d9e392258f4b1efec	cdc066e9f49b5c2fb8827c1f5709a1eb459a4fc63a5f435fad085dad1f35cfb3	369	379	39	41	10	2	0.02710027100271003	0.05128205128205128
5	length_balanced_05	2026100538	0.1	1	localentity:e63625c4cedf6c47f2eb071c	localentity:b8414499f9575213bc9951c5	274898f8f29c4a0ca79574c52ea2b0d2fa0041429dc5414d0cce4c18bef56274	5967f7b34279a307fce6ff054e26b2389341c16dc21d2ce884e098c9b8a46628	52	60	6	6	8	0	0.15384615384615385	0.0
5	length_balanced_05	2026100538	0.1	1	localentity:eb7bac7a626cb929ed6d43aa	localentity:b4e7d8261502f18b0a9cbc87	35ded772a20b7fbb3c620927a1460f61856d06d496d88ea19d6c36c0188b0899	4845617182a06160ee3c7a095ce9a95bb8464c3b734de30ef1dd961e5f09ec21	101	97	11	11	4	0	0.039603960396039604	0.0
5	length_balanced_05	2026100538	0.1	1	localentity:ec908be7a236c726e270b643	localentity:7059ad6b26889a2a5fb6d28f	2f9dbc62c95bb68953a92d1e80f5f3f2e9e6fd873e180e77c5cfa8f9817f2ad1	7b73e415b7f1ffcb51a675e9f9874718829e1b0b6e0f245c194826331a288fd7	213	181	20	19	32	1	0.15023474178403756	0.05
5	length_balanced_05	2026100538	0.1	1	localentity:fcc22f2eac4763de5ab3b970	localentity:c74fdff99aead8264ce65d91	011974d219bab421b78dfed01b30b647f142848b74956d1c3c6679b62f9ceb89	e87ba8e48fd8bc4d9a401ab5aa874c6f1f6dce49407760df2bc93c3417ab7ba7	272	233	31	25	39	6	0.14338235294117646	0.1935483870967742
5	length_balanced_05	2026100538	0.1	1	localentity:fdb3569df605118d8a98eb43	localentity:aac1641eb6476d7d3274844b	d942de671b2308a7ab59f39f18949c0f07f93b6768138c2720aacad06b3fbf8d	274898f8f29c4a0ca79574c52ea2b0d2fa0041429dc5414d0cce4c18bef56274	36	52	5	6	16	1	0.4444444444444444	0.2
6	length_balanced_06	2026100536	0.1	70	localentity:028d462217cb771c4875d196	localentity:b74ff55a2dc32c1ea5811fca	d942de671b2308a7ab59f39f18949c0f07f93b6768138c2720aacad06b3fbf8d	36afba0acdfc13e711109c074586876f9a4f15063ecb4075ece57f315eacaf4f	36	49	5	5	13	0	0.3611111111111111	0.0
6	length_balanced_06	2026100536	0.1	70	localentity:07aa24afd39f643b44d67ee7	localentity:5bf84d38d462be69ef4627e7	b6efa4d5ac11967babed26627536e32c9a19d562d5fa150f056f7744217939c6	274898f8f29c4a0ca79574c52ea2b0d2fa0041429dc5414d0cce4c18bef56274	55	52	6	6	3	0	0.05454545454545454	0.0
6	length_balanced_06	2026100536	0.1	70	localentity:1e21c490ec65c6aa8f1d84b7	localentity:5a14856655c54b0826e246b9	04fbfd8af617351d4fe1d73b91d535ac0aa620a8b2567da12b8bdfed27807444	5b3ca63f99a0ccbc2a14f63444f3c7ae71f39a43b1e7f1203bb072723970b2ce	68	69	7	7	1	0	0.014705882352941176	0.0
6	length_balanced_06	2026100536	0.1	70	localentity:272e9169628f3a6ba7420d76	localentity:ad9318e0877eeaae6a8bbcfd	93d04f2aa026899ac953748e356c886a68c42013012ba6f6eca775c25cae4a01	94100b5ed4a54caf7ceb9240fbf5fd03f3a48f3fae05ffdf6dd43e0d4a867adf	48	54	9	8	6	1	0.125	0.1111111111111111
6	length_balanced_06	2026100536	0.1	70	localentity:2b1b3658c6caa3941ee28882	localentity:7ded944e56e6a89265bc4eae	d942de671b2308a7ab59f39f18949c0f07f93b6768138c2720aacad06b3fbf8d	274898f8f29c4a0ca79574c52ea2b0d2fa0041429dc5414d0cce4c18bef56274	36	52	5	6	16	1	0.4444444444444444	0.2
6	length_balanced_06	2026100536	0.1	70	localentity:2e169a0857dc1d4f0315b724	localentity:36b6809cd394b93106bc4aaf	c80c4516676027fbb57a05c76f9efbebd7221038647165221af116aa69d65afb	2f633ad1cb4e3029dacc27a126a04e57fc0fe03da3b8baf559db189b0dd7f1cb	83	85	10	11	2	1	0.024096385542168676	0.1
6	length_balanced_06	2026100536	0.1	70	localentity:3310497069b0015d6d6866dc	localentity:7059ad6b26889a2a5fb6d28f	81288f4bbd9799f7de93789ca60759f6382eb12b1942b0395d10fda06005e4d6	7b73e415b7f1ffcb51a675e9f9874718829e1b0b6e0f245c194826331a288fd7	171	181	20	19	10	1	0.05847953216374269	0.05
6	length_balanced_06	2026100536	0.1	70	localentity:36b6809cd394b93106bc4aaf	localentity:2e169a0857dc1d4f0315b724	2f633ad1cb4e3029dacc27a126a04e57fc0fe03da3b8baf559db189b0dd7f1cb	c80c4516676027fbb57a05c76f9efbebd7221038647165221af116aa69d65afb	85	83	11	10	2	1	0.023529411764705882	0.09090909090909091
6	length_balanced_06	2026100536	0.1	70	localentity:40b4083f36b311a7ee5ae78e	localentity:de0da30e013fa9b0ac4f3ed8	59a0c61d78b8bf664c061fca507c003c8899e0328136e92de65b0f461cbcb040	cb6d0c7d700ff6c2f2beef588640dc100d673f712b49c5e87e7a6e5f26a49da4	133	128	13	14	5	1	0.03759398496240601	0.07692307692307693
6	length_balanced_06	2026100536	0.1	70	localentity:454114ced8f67b52dae3185e	localentity:792c35007fd6b835fd4d16c4	35ded772a20b7fbb3c620927a1460f61856d06d496d88ea19d6c36c0188b0899	d72295968fc84ec82aa3ab17c7cef3a38ed13483e6b557f6cf646e28957ba38a	101	99	11	13	2	2	0.019801980198019802	0.18181818181818182
6	length_balanced_06	2026100536	0.1	70	localentity:462e44494ff027730349f96b	localentity:6ea0c6e37fddf8fd506a9d36	1d8333f8fb7dcb825b9a1cd780cac90c433ce67e18341c63f77119b3cb86eba6	7341dff866fcad6c986ae9ab80a58d9627e36feb7e5dba6415fe8582414ab990	73	71	7	7	2	0	0.0273972602739726	0.0
6	length_balanced_06	2026100536	0.1	70	localentity:50e3f15b00a2b0d9880bb228	localentity:6cfed425bbe09fd2228dcdec	63ac7e4ab709c319d833c06d289a7fd7af9d840d58f651410e402e8d7842553c	ed0bb509307fea9c1b833c0d7e3e5313c42cfd669c9d19d24ccd9b810b63aa76	174	177	18	19	3	1	0.017241379310344827	0.05555555555555555
6	length_balanced_06	2026100536	0.1	70	localentity:587893b0464eb19053263023	localentity:8bf1d242afa1e522b26081a6	1d8333f8fb7dcb825b9a1cd780cac90c433ce67e18341c63f77119b3cb86eba6	7341dff866fcad6c986ae9ab80a58d9627e36feb7e5dba6415fe8582414ab990	73	71	7	7	2	0	0.0273972602739726	0.0
6	length_balanced_06	2026100536	0.1	70	localentity:5a14856655c54b0826e246b9	localentity:ddcd67031137902587164378	5b3ca63f99a0ccbc2a14f63444f3c7ae71f39a43b1e7f1203bb072723970b2ce	7341dff866fcad6c986ae9ab80a58d9627e36feb7e5dba6415fe8582414ab990	69	71	7	7	2	0	0.028985507246376812	0.0
6	length_balanced_06	2026100536	0.1	70	localentity:5bf84d38d462be69ef4627e7	localentity:b8414499f9575213bc9951c5	274898f8f29c4a0ca79574c52ea2b0d2fa0041429dc5414d0cce4c18bef56274	5967f7b34279a307fce6ff054e26b2389341c16dc21d2ce884e098c9b8a46628	52	60	6	6	8	0	0.15384615384615385	0.0
6	length_balanced_06	2026100536	0.1	70	localentity:5ce728e1957de53bf9e827ff	localentity:d23e1f8eaba7eba32c459796	53f9602d11058cd80e3f37ca3ae833affc28eacb99cf2f92726ca27666b1ddd6	55f3cd643eb9cfc1d63969b6f8834701d8783371fccecedac65b7b005d370208	61	63	7	8	2	1	0.03278688524590164	0.14285714285714285
6	length_balanced_06	2026100536	0.1	70	localentity:6286353b35f2d03c954476a4	localentity:028d462217cb771c4875d196	1a27139960ee752b6a8f6231ccd228040c70faf034a073556d99fd78d32c12cd	d942de671b2308a7ab59f39f18949c0f07f93b6768138c2720aacad06b3fbf8d	45	36	6	5	9	1	0.2	0.16666666666666666
6	length_balanced_06	2026100536	0.1	70	localentity:6bfd4ac417754224d615e0fd	localentity:8b6ebc5c05ad29d84c76f634	851d8b37b1bb22190bdf7f01230f17635dd14eb362ae05346a7e8271647ffb6c	24130a414d9acc8b9e0212a9d40c7da3764d4cd6b31e33a1086a9d59ffaa6525	68	67	8	8	1	0	0.014705882352941176	0.0
6	length_balanced_06	2026100536	0.1	70	localentity:6cfed425bbe09fd2228dcdec	localentity:3310497069b0015d6d6866dc	ed0bb509307fea9c1b833c0d7e3e5313c42cfd669c9d19d24ccd9b810b63aa76	81288f4bbd9799f7de93789ca60759f6382eb12b1942b0395d10fda06005e4d6	177	171	19	20	6	1	0.03389830508474576	0.05263157894736842
6	length_balanced_06	2026100536	0.1	70	localentity:6ea0c6e37fddf8fd506a9d36	localentity:bffd6428b58a617fcc19a9b8	7341dff866fcad6c986ae9ab80a58d9627e36feb7e5dba6415fe8582414ab990	1d8333f8fb7dcb825b9a1cd780cac90c433ce67e18341c63f77119b3cb86eba6	71	73	7	7	2	0	0.028169014084507043	0.0
6	length_balanced_06	2026100536	0.1	70	localentity:7059ad6b26889a2a5fb6d28f	localentity:50e3f15b00a2b0d9880bb228	7b73e415b7f1ffcb51a675e9f9874718829e1b0b6e0f245c194826331a288fd7	63ac7e4ab709c319d833c06d289a7fd7af9d840d58f651410e402e8d7842553c	181	174	19	18	7	1	0.03867403314917127	0.05263157894736842
6	length_balanced_06	2026100536	0.1	70	localentity:7536111106ec557185a3073b	localentity:2b1b3658c6caa3941ee28882	6a381588b792d00e10645c33e2b246c2e8dbdbaf80400df2172c5e1674f28860	d942de671b2308a7ab59f39f18949c0f07f93b6768138c2720aacad06b3fbf8d	50	36	6	5	14	1	0.28	0.16666666666666666
6	length_balanced_06	2026100536	0.1	70	localentity:782fc52de3b3df027712c4dc	localentity:9e736491b40ad49317383122	a40fd3def1140ad1bba96fe4389be43be9b052881fae50983fd2a798f43aa022	612987ee6997aed8fa39c1a8322093b5e85bad732a7b3d74ead7dbeb7c3956a2	153	148	17	15	5	2	0.032679738562091505	0.11764705882352941
6	length_balanced_06	2026100536	0.1	70	localentity:792c35007fd6b835fd4d16c4	localentity:b18ef729b45b2c454ac8932c	d72295968fc84ec82aa3ab17c7cef3a38ed13483e6b557f6cf646e28957ba38a	8563557a9e62ba1e88d03fa5151ec3c4b6961a0264b5de8124c7cb52d75e99dd	99	110	13	12	11	1	0.1111111111111111	0.07692307692307693
6	length_balanced_06	2026100536	0.1	70	localentity:7ded944e56e6a89265bc4eae	localentity:07aa24afd39f643b44d67ee7	274898f8f29c4a0ca79574c52ea2b0d2fa0041429dc5414d0cce4c18bef56274	b6efa4d5ac11967babed26627536e32c9a19d562d5fa150f056f7744217939c6	52	55	6	6	3	0	0.057692307692307696	0.0
6	length_balanced_06	2026100536	0.1	70	localentity:8883362cb7bc384cdfb665b3	localentity:e5404f13bc1e889099bae606	cdc066e9f49b5c2fb8827c1f5709a1eb459a4fc63a5f435fad085dad1f35cfb3	d58d2b6d4cfc44384af536672e0af7539b9dc919b0a6fc3d9e392258f4b1efec	379	369	41	39	10	2	0.026385224274406333	0.04878048780487805
6	length_balanced_06	2026100536	0.1	70	localentity:8b6ebc5c05ad29d84c76f634	localentity:b50e885a27329923556ea367	24130a414d9acc8b9e0212a9d40c7da3764d4cd6b31e33a1086a9d59ffaa6525	aad5fd5d9cca3ddbf8a90253a4561980ca60771585f0e8b7ae621777c594907a	67	76	8	8	9	0	0.13432835820895522	0.0
6	length_balanced_06	2026100536	0.1	70	localentity:8bf1d242afa1e522b26081a6	localentity:462e44494ff027730349f96b	7341dff866fcad6c986ae9ab80a58d9627e36feb7e5dba6415fe8582414ab990	1d8333f8fb7dcb825b9a1cd780cac90c433ce67e18341c63f77119b3cb86eba6	71	73	7	7	2	0	0.028169014084507043	0.0
6	length_balanced_06	2026100536	0.1	70	localentity:960ef9ebe8b264bf1051ee8c	localentity:ec908be7a236c726e270b643	1a0a0eba4cf56d9491264d3df1549007d1f533b72f592c1dd5aef6e6132f66d5	2f9dbc62c95bb68953a92d1e80f5f3f2e9e6fd873e180e77c5cfa8f9817f2ad1	187	213	23	20	26	3	0.13903743315508021	0.13043478260869565
6	length_balanced_06	2026100536	0.1	70	localentity:9e736491b40ad49317383122	localentity:782fc52de3b3df027712c4dc	612987ee6997aed8fa39c1a8322093b5e85bad732a7b3d74ead7dbeb7c3956a2	a40fd3def1140ad1bba96fe4389be43be9b052881fae50983fd2a798f43aa022	148	153	15	17	5	2	0.033783783783783786	0.13333333333333333
6	length_balanced_06	2026100536	0.1	70	localentity:9ebaad993a34cb81c36093e5	localentity:e63625c4cedf6c47f2eb071c	80a99ce643c3daa2647011f1e2918826823a9a9fe01849fb296533e8a4550208	274898f8f29c4a0ca79574c52ea2b0d2fa0041429dc5414d0cce4c18bef56274	61	52	6	6	9	0	0.14754098360655737	0.0
6	length_balanced_06	2026100536	0.1	70	localentity:a6ecf5ebe170b8f50a18418f	localentity:aac1641eb6476d7d3274844b	d942de671b2308a7ab59f39f18949c0f07f93b6768138c2720aacad06b3fbf8d	274898f8f29c4a0ca79574c52ea2b0d2fa0041429dc5414d0cce4c18bef56274	36	52	5	6	16	1	0.4444444444444444	0.2
6	length_balanced_06	2026100536	0.1	70	localentity:a7edcf0395abe679c80950da	localentity:8883362cb7bc384cdfb665b3	e0a388cbaa922558e3f003bcafdff9e30d877ec0460ade601eacd926b751d8a2	cdc066e9f49b5c2fb8827c1f5709a1eb459a4fc63a5f435fad085dad1f35cfb3	691	379	78	41	312	37	0.4515195369030391	0.47435897435897434
6	length_balanced_06	2026100536	0.1	70	localentity:aac1641eb6476d7d3274844b	localentity:7536111106ec557185a3073b	274898f8f29c4a0ca79574c52ea2b0d2fa0041429dc5414d0cce4c18bef56274	6a381588b792d00e10645c33e2b246c2e8dbdbaf80400df2172c5e1674f28860	52	50	6	6	2	0	0.038461538461538464	0.0
6	length_balanced_06	2026100536	0.1	70	localentity:aae4d88d7dd87a6b9b170cac	localentity:454114ced8f67b52dae3185e	8fae9830656ace746d823f9b6392200ed2dd591fbc50da14e550ffd94e51dfd1	35ded772a20b7fbb3c620927a1460f61856d06d496d88ea19d6c36c0188b0899	125	101	11	11	24	0	0.192	0.0
6	length_balanced_06	2026100536	0.1	70	localentity:ad9318e0877eeaae6a8bbcfd	localentity:272e9169628f3a6ba7420d76	94100b5ed4a54caf7ceb9240fbf5fd03f3a48f3fae05ffdf6dd43e0d4a867adf	93d04f2aa026899ac953748e356c886a68c42013012ba6f6eca775c25cae4a01	54	48	8	9	6	1	0.1111111111111111	0.125
6	length_balanced_06	2026100536	0.1	70	localentity:b18ef729b45b2c454ac8932c	localentity:eb7bac7a626cb929ed6d43aa	8563557a9e62ba1e88d03fa5151ec3c4b6961a0264b5de8124c7cb52d75e99dd	35ded772a20b7fbb3c620927a1460f61856d06d496d88ea19d6c36c0188b0899	110	101	12	11	9	1	0.08181818181818182	0.08333333333333333
6	length_balanced_06	2026100536	0.1	70	localentity:b4cfbd0ef230b997b022b207	localentity:40b4083f36b311a7ee5ae78e	b1c1241e17aca8ecd9ff64fa8a44e3cfa8b01e15ed834a54e2380c5ff0ef94bd	59a0c61d78b8bf664c061fca507c003c8899e0328136e92de65b0f461cbcb040	132	133	15	13	1	2	0.007575757575757576	0.13333333333333333
6	length_balanced_06	2026100536	0.1	70	localentity:b4e7d8261502f18b0a9cbc87	localentity:aae4d88d7dd87a6b9b170cac	4845617182a06160ee3c7a095ce9a95bb8464c3b734de30ef1dd961e5f09ec21	8fae9830656ace746d823f9b6392200ed2dd591fbc50da14e550ffd94e51dfd1	97	125	11	11	28	0	0.28865979381443296	0.0
6	length_balanced_06	2026100536	0.1	70	localentity:b50e885a27329923556ea367	localentity:6bfd4ac417754224d615e0fd	aad5fd5d9cca3ddbf8a90253a4561980ca60771585f0e8b7ae621777c594907a	851d8b37b1bb22190bdf7f01230f17635dd14eb362ae05346a7e8271647ffb6c	76	68	8	8	8	0	0.10526315789473684	0.0
6	length_balanced_06	2026100536	0.1	70	localentity:b74ff55a2dc32c1ea5811fca	localentity:a6ecf5ebe170b8f50a18418f	36afba0acdfc13e711109c074586876f9a4f15063ecb4075ece57f315eacaf4f	d942de671b2308a7ab59f39f18949c0f07f93b6768138c2720aacad06b3fbf8d	49	36	5	5	13	0	0.2653061224489796	0.0
6	length_balanced_06	2026100536	0.1	70	localentity:b8414499f9575213bc9951c5	localentity:9ebaad993a34cb81c36093e5	5967f7b34279a307fce6ff054e26b2389341c16dc21d2ce884e098c9b8a46628	80a99ce643c3daa2647011f1e2918826823a9a9fe01849fb296533e8a4550208	60	61	6	6	1	0	0.016666666666666666	0.0
6	length_balanced_06	2026100536	0.1	70	localentity:bffd6428b58a617fcc19a9b8	localentity:dc353cf1b082054fe3df3b93	1d8333f8fb7dcb825b9a1cd780cac90c433ce67e18341c63f77119b3cb86eba6	00f2a54a074be251c2b6a807bf2a2bed61ee2a07a14fd06ad752ca2605e7d49a	73	73	7	7	0	0	0.0	0.0
6	length_balanced_06	2026100536	0.1	70	localentity:c1f58836c56bd545ab620fd4	localentity:5ce728e1957de53bf9e827ff	90d984635d0cc6bb66a9539ed83153a79dd8b9ab8d5245ceaff2b02d5b2a9826	53f9602d11058cd80e3f37ca3ae833affc28eacb99cf2f92726ca27666b1ddd6	57	61	8	7	4	1	0.07017543859649122	0.125
6	length_balanced_06	2026100536	0.1	70	localentity:c74fdff99aead8264ce65d91	localentity:fcc22f2eac4763de5ab3b970	e87ba8e48fd8bc4d9a401ab5aa874c6f1f6dce49407760df2bc93c3417ab7ba7	011974d219bab421b78dfed01b30b647f142848b74956d1c3c6679b62f9ceb89	233	272	25	31	39	6	0.16738197424892703	0.24
6	length_balanced_06	2026100536	0.1	70	localentity:d23e1f8eaba7eba32c459796	localentity:c1f58836c56bd545ab620fd4	55f3cd643eb9cfc1d63969b6f8834701d8783371fccecedac65b7b005d370208	90d984635d0cc6bb66a9539ed83153a79dd8b9ab8d5245ceaff2b02d5b2a9826	63	57	8	8	6	0	0.09523809523809523	0.0
6	length_balanced_06	2026100536	0.1	70	localentity:d321ea3d68897e0102a9df19	localentity:e24cdf9c28a133f1f759182c	55f3cd643eb9cfc1d63969b6f8834701d8783371fccecedac65b7b005d370208	7729d359e95bcc669735c6b140878e92b5a69a0c31d217cc3178754fc515af07	63	71	8	9	8	1	0.12698412698412698	0.125
6	length_balanced_06	2026100536	0.1	70	localentity:dc353cf1b082054fe3df3b93	localentity:587893b0464eb19053263023	00f2a54a074be251c2b6a807bf2a2bed61ee2a07a14fd06ad752ca2605e7d49a	1d8333f8fb7dcb825b9a1cd780cac90c433ce67e18341c63f77119b3cb86eba6	73	73	7	7	0	0	0.0	0.0
6	length_balanced_06	2026100536	0.1	70	localentity:ddcd67031137902587164378	localentity:1e21c490ec65c6aa8f1d84b7	7341dff866fcad6c986ae9ab80a58d9627e36feb7e5dba6415fe8582414ab990	04fbfd8af617351d4fe1d73b91d535ac0aa620a8b2567da12b8bdfed27807444	71	68	7	7	3	0	0.04225352112676056	0.0
6	length_balanced_06	2026100536	0.1	70	localentity:de0da30e013fa9b0ac4f3ed8	localentity:b4cfbd0ef230b997b022b207	cb6d0c7d700ff6c2f2beef588640dc100d673f712b49c5e87e7a6e5f26a49da4	b1c1241e17aca8ecd9ff64fa8a44e3cfa8b01e15ed834a54e2380c5ff0ef94bd	128	132	14	15	4	1	0.03125	0.07142857142857142
6	length_balanced_06	2026100536	0.1	70	localentity:e24cdf9c28a133f1f759182c	localentity:d321ea3d68897e0102a9df19	7729d359e95bcc669735c6b140878e92b5a69a0c31d217cc3178754fc515af07	55f3cd643eb9cfc1d63969b6f8834701d8783371fccecedac65b7b005d370208	71	63	9	8	8	1	0.11267605633802817	0.1111111111111111
6	length_balanced_06	2026100536	0.1	70	localentity:e5404f13bc1e889099bae606	localentity:a7edcf0395abe679c80950da	d58d2b6d4cfc44384af536672e0af7539b9dc919b0a6fc3d9e392258f4b1efec	e0a388cbaa922558e3f003bcafdff9e30d877ec0460ade601eacd926b751d8a2	369	691	39	78	322	39	0.8726287262872628	1.0
6	length_balanced_06	2026100536	0.1	70	localentity:e63625c4cedf6c47f2eb071c	localentity:fdb3569df605118d8a98eb43	274898f8f29c4a0ca79574c52ea2b0d2fa0041429dc5414d0cce4c18bef56274	d942de671b2308a7ab59f39f18949c0f07f93b6768138c2720aacad06b3fbf8d	52	36	6	5	16	1	0.3076923076923077	0.16666666666666666
6	length_balanced_06	2026100536	0.1	70	localentity:eb7bac7a626cb929ed6d43aa	localentity:b4e7d8261502f18b0a9cbc87	35ded772a20b7fbb3c620927a1460f61856d06d496d88ea19d6c36c0188b0899	4845617182a06160ee3c7a095ce9a95bb8464c3b734de30ef1dd961e5f09ec21	101	97	11	11	4	0	0.039603960396039604	0.0
6	length_balanced_06	2026100536	0.1	70	localentity:ec908be7a236c726e270b643	localentity:960ef9ebe8b264bf1051ee8c	2f9dbc62c95bb68953a92d1e80f5f3f2e9e6fd873e180e77c5cfa8f9817f2ad1	1a0a0eba4cf56d9491264d3df1549007d1f533b72f592c1dd5aef6e6132f66d5	213	187	20	23	26	3	0.12206572769953052	0.15
6	length_balanced_06	2026100536	0.1	70	localentity:fcc22f2eac4763de5ab3b970	localentity:c74fdff99aead8264ce65d91	011974d219bab421b78dfed01b30b647f142848b74956d1c3c6679b62f9ceb89	e87ba8e48fd8bc4d9a401ab5aa874c6f1f6dce49407760df2bc93c3417ab7ba7	272	233	31	25	39	6	0.14338235294117646	0.1935483870967742
6	length_balanced_06	2026100536	0.1	70	localentity:fdb3569df605118d8a98eb43	localentity:6286353b35f2d03c954476a4	d942de671b2308a7ab59f39f18949c0f07f93b6768138c2720aacad06b3fbf8d	1a27139960ee752b6a8f6231ccd228040c70faf034a073556d99fd78d32c12cd	36	45	5	6	9	1	0.25	0.2
7	length_balanced_07	2026100532	0.1	24	localentity:028d462217cb771c4875d196	localentity:e63625c4cedf6c47f2eb071c	d942de671b2308a7ab59f39f18949c0f07f93b6768138c2720aacad06b3fbf8d	274898f8f29c4a0ca79574c52ea2b0d2fa0041429dc5414d0cce4c18bef56274	36	52	5	6	16	1	0.4444444444444444	0.2
7	length_balanced_07	2026100532	0.1	24	localentity:07aa24afd39f643b44d67ee7	localentity:aac1641eb6476d7d3274844b	b6efa4d5ac11967babed26627536e32c9a19d562d5fa150f056f7744217939c6	274898f8f29c4a0ca79574c52ea2b0d2fa0041429dc5414d0cce4c18bef56274	55	52	6	6	3	0	0.05454545454545454	0.0
7	length_balanced_07	2026100532	0.1	24	localentity:1e21c490ec65c6aa8f1d84b7	localentity:6ea0c6e37fddf8fd506a9d36	04fbfd8af617351d4fe1d73b91d535ac0aa620a8b2567da12b8bdfed27807444	7341dff866fcad6c986ae9ab80a58d9627e36feb7e5dba6415fe8582414ab990	68	71	7	7	3	0	0.04411764705882353	0.0
7	length_balanced_07	2026100532	0.1	24	localentity:272e9169628f3a6ba7420d76	localentity:d321ea3d68897e0102a9df19	93d04f2aa026899ac953748e356c886a68c42013012ba6f6eca775c25cae4a01	55f3cd643eb9cfc1d63969b6f8834701d8783371fccecedac65b7b005d370208	48	63	9	8	15	1	0.3125	0.1111111111111111
7	length_balanced_07	2026100532	0.1	24	localentity:2b1b3658c6caa3941ee28882	localentity:b74ff55a2dc32c1ea5811fca	d942de671b2308a7ab59f39f18949c0f07f93b6768138c2720aacad06b3fbf8d	36afba0acdfc13e711109c074586876f9a4f15063ecb4075ece57f315eacaf4f	36	49	5	5	13	0	0.3611111111111111	0.0
7	length_balanced_07	2026100532	0.1	24	localentity:2e169a0857dc1d4f0315b724	localentity:36b6809cd394b93106bc4aaf	c80c4516676027fbb57a05c76f9efbebd7221038647165221af116aa69d65afb	2f633ad1cb4e3029dacc27a126a04e57fc0fe03da3b8baf559db189b0dd7f1cb	83	85	10	11	2	1	0.024096385542168676	0.1
7	length_balanced_07	2026100532	0.1	24	localentity:3310497069b0015d6d6866dc	localentity:960ef9ebe8b264bf1051ee8c	81288f4bbd9799f7de93789ca60759f6382eb12b1942b0395d10fda06005e4d6	1a0a0eba4cf56d9491264d3df1549007d1f533b72f592c1dd5aef6e6132f66d5	171	187	20	23	16	3	0.0935672514619883	0.15
7	length_balanced_07	2026100532	0.1	24	localentity:36b6809cd394b93106bc4aaf	localentity:2e169a0857dc1d4f0315b724	2f633ad1cb4e3029dacc27a126a04e57fc0fe03da3b8baf559db189b0dd7f1cb	c80c4516676027fbb57a05c76f9efbebd7221038647165221af116aa69d65afb	85	83	11	10	2	1	0.023529411764705882	0.09090909090909091
7	length_balanced_07	2026100532	0.1	24	localentity:40b4083f36b311a7ee5ae78e	localentity:de0da30e013fa9b0ac4f3ed8	59a0c61d78b8bf664c061fca507c003c8899e0328136e92de65b0f461cbcb040	cb6d0c7d700ff6c2f2beef588640dc100d673f712b49c5e87e7a6e5f26a49da4	133	128	13	14	5	1	0.03759398496240601	0.07692307692307693
7	length_balanced_07	2026100532	0.1	24	localentity:454114ced8f67b52dae3185e	localentity:b4e7d8261502f18b0a9cbc87	35ded772a20b7fbb3c620927a1460f61856d06d496d88ea19d6c36c0188b0899	4845617182a06160ee3c7a095ce9a95bb8464c3b734de30ef1dd961e5f09ec21	101	97	11	11	4	0	0.039603960396039604	0.0
7	length_balanced_07	2026100532	0.1	24	localentity:462e44494ff027730349f96b	localentity:dc353cf1b082054fe3df3b93	1d8333f8fb7dcb825b9a1cd780cac90c433ce67e18341c63f77119b3cb86eba6	00f2a54a074be251c2b6a807bf2a2bed61ee2a07a14fd06ad752ca2605e7d49a	73	73	7	7	0	0	0.0	0.0
7	length_balanced_07	2026100532	0.1	24	localentity:50e3f15b00a2b0d9880bb228	localentity:782fc52de3b3df027712c4dc	63ac7e4ab709c319d833c06d289a7fd7af9d840d58f651410e402e8d7842553c	a40fd3def1140ad1bba96fe4389be43be9b052881fae50983fd2a798f43aa022	174	153	18	17	21	1	0.1206896551724138	0.05555555555555555
7	length_balanced_07	2026100532	0.1	24	localentity:587893b0464eb19053263023	localentity:5a14856655c54b0826e246b9	1d8333f8fb7dcb825b9a1cd780cac90c433ce67e18341c63f77119b3cb86eba6	5b3ca63f99a0ccbc2a14f63444f3c7ae71f39a43b1e7f1203bb072723970b2ce	73	69	7	7	4	0	0.0547945205479452	0.0
7	length_balanced_07	2026100532	0.1	24	localentity:5a14856655c54b0826e246b9	localentity:5ce728e1957de53bf9e827ff	5b3ca63f99a0ccbc2a14f63444f3c7ae71f39a43b1e7f1203bb072723970b2ce	53f9602d11058cd80e3f37ca3ae833affc28eacb99cf2f92726ca27666b1ddd6	69	61	7	7	8	0	0.11594202898550725	0.0
7	length_balanced_07	2026100532	0.1	24	localentity:5bf84d38d462be69ef4627e7	localentity:028d462217cb771c4875d196	274898f8f29c4a0ca79574c52ea2b0d2fa0041429dc5414d0cce4c18bef56274	d942de671b2308a7ab59f39f18949c0f07f93b6768138c2720aacad06b3fbf8d	52	36	6	5	16	1	0.3076923076923077	0.16666666666666666
7	length_balanced_07	2026100532	0.1	24	localentity:5ce728e1957de53bf9e827ff	localentity:b8414499f9575213bc9951c5	53f9602d11058cd80e3f37ca3ae833affc28eacb99cf2f92726ca27666b1ddd6	5967f7b34279a307fce6ff054e26b2389341c16dc21d2ce884e098c9b8a46628	61	60	7	6	1	1	0.01639344262295082	0.14285714285714285
7	length_balanced_07	2026100532	0.1	24	localentity:6286353b35f2d03c954476a4	localentity:2b1b3658c6caa3941ee28882	1a27139960ee752b6a8f6231ccd228040c70faf034a073556d99fd78d32c12cd	d942de671b2308a7ab59f39f18949c0f07f93b6768138c2720aacad06b3fbf8d	45	36	6	5	9	1	0.2	0.16666666666666666
7	length_balanced_07	2026100532	0.1	24	localentity:6bfd4ac417754224d615e0fd	localentity:e24cdf9c28a133f1f759182c	851d8b37b1bb22190bdf7f01230f17635dd14eb362ae05346a7e8271647ffb6c	7729d359e95bcc669735c6b140878e92b5a69a0c31d217cc3178754fc515af07	68	71	8	9	3	1	0.04411764705882353	0.125
7	length_balanced_07	2026100532	0.1	24	localentity:6cfed425bbe09fd2228dcdec	localentity:7059ad6b26889a2a5fb6d28f	ed0bb509307fea9c1b833c0d7e3e5313c42cfd669c9d19d24ccd9b810b63aa76	7b73e415b7f1ffcb51a675e9f9874718829e1b0b6e0f245c194826331a288fd7	177	181	19	19	4	0	0.022598870056497175	0.0
7	length_balanced_07	2026100532	0.1	24	localentity:6ea0c6e37fddf8fd506a9d36	localentity:587893b0464eb19053263023	7341dff866fcad6c986ae9ab80a58d9627e36feb7e5dba6415fe8582414ab990	1d8333f8fb7dcb825b9a1cd780cac90c433ce67e18341c63f77119b3cb86eba6	71	73	7	7	2	0	0.028169014084507043	0.0
7	length_balanced_07	2026100532	0.1	24	localentity:7059ad6b26889a2a5fb6d28f	localentity:6cfed425bbe09fd2228dcdec	7b73e415b7f1ffcb51a675e9f9874718829e1b0b6e0f245c194826331a288fd7	ed0bb509307fea9c1b833c0d7e3e5313c42cfd669c9d19d24ccd9b810b63aa76	181	177	19	19	4	0	0.022099447513812154	0.0
7	length_balanced_07	2026100532	0.1	24	localentity:7536111106ec557185a3073b	localentity:5bf84d38d462be69ef4627e7	6a381588b792d00e10645c33e2b246c2e8dbdbaf80400df2172c5e1674f28860	274898f8f29c4a0ca79574c52ea2b0d2fa0041429dc5414d0cce4c18bef56274	50	52	6	6	2	0	0.04	0.0
7	length_balanced_07	2026100532	0.1	24	localentity:782fc52de3b3df027712c4dc	localentity:50e3f15b00a2b0d9880bb228	a40fd3def1140ad1bba96fe4389be43be9b052881fae50983fd2a798f43aa022	63ac7e4ab709c319d833c06d289a7fd7af9d840d58f651410e402e8d7842553c	153	174	17	18	21	1	0.13725490196078433	0.058823529411764705
7	length_balanced_07	2026100532	0.1	24	localentity:792c35007fd6b835fd4d16c4	localentity:b18ef729b45b2c454ac8932c	d72295968fc84ec82aa3ab17c7cef3a38ed13483e6b557f6cf646e28957ba38a	8563557a9e62ba1e88d03fa5151ec3c4b6961a0264b5de8124c7cb52d75e99dd	99	110	13	12	11	1	0.1111111111111111	0.07692307692307693
7	length_balanced_07	2026100532	0.1	24	localentity:7ded944e56e6a89265bc4eae	localentity:7536111106ec557185a3073b	274898f8f29c4a0ca79574c52ea2b0d2fa0041429dc5414d0cce4c18bef56274	6a381588b792d00e10645c33e2b246c2e8dbdbaf80400df2172c5e1674f28860	52	50	6	6	2	0	0.038461538461538464	0.0
7	length_balanced_07	2026100532	0.1	24	localentity:8883362cb7bc384cdfb665b3	localentity:e5404f13bc1e889099bae606	cdc066e9f49b5c2fb8827c1f5709a1eb459a4fc63a5f435fad085dad1f35cfb3	d58d2b6d4cfc44384af536672e0af7539b9dc919b0a6fc3d9e392258f4b1efec	379	369	41	39	10	2	0.026385224274406333	0.04878048780487805
7	length_balanced_07	2026100532	0.1	24	localentity:8b6ebc5c05ad29d84c76f634	localentity:d23e1f8eaba7eba32c459796	24130a414d9acc8b9e0212a9d40c7da3764d4cd6b31e33a1086a9d59ffaa6525	55f3cd643eb9cfc1d63969b6f8834701d8783371fccecedac65b7b005d370208	67	63	8	8	4	0	0.05970149253731343	0.0
7	length_balanced_07	2026100532	0.1	24	localentity:8bf1d242afa1e522b26081a6	localentity:1e21c490ec65c6aa8f1d84b7	7341dff866fcad6c986ae9ab80a58d9627e36feb7e5dba6415fe8582414ab990	04fbfd8af617351d4fe1d73b91d535ac0aa620a8b2567da12b8bdfed27807444	71	68	7	7	3	0	0.04225352112676056	0.0
7	length_balanced_07	2026100532	0.1	24	localentity:960ef9ebe8b264bf1051ee8c	localentity:ec908be7a236c726e270b643	1a0a0eba4cf56d9491264d3df1549007d1f533b72f592c1dd5aef6e6132f66d5	2f9dbc62c95bb68953a92d1e80f5f3f2e9e6fd873e180e77c5cfa8f9817f2ad1	187	213	23	20	26	3	0.13903743315508021	0.13043478260869565
7	length_balanced_07	2026100532	0.1	24	localentity:9e736491b40ad49317383122	localentity:b4cfbd0ef230b997b022b207	612987ee6997aed8fa39c1a8322093b5e85bad732a7b3d74ead7dbeb7c3956a2	b1c1241e17aca8ecd9ff64fa8a44e3cfa8b01e15ed834a54e2380c5ff0ef94bd	148	132	15	15	16	0	0.10810810810810811	0.0
7	length_balanced_07	2026100532	0.1	24	localentity:9ebaad993a34cb81c36093e5	localentity:7ded944e56e6a89265bc4eae	80a99ce643c3daa2647011f1e2918826823a9a9fe01849fb296533e8a4550208	274898f8f29c4a0ca79574c52ea2b0d2fa0041429dc5414d0cce4c18bef56274	61	52	6	6	9	0	0.14754098360655737	0.0
7	length_balanced_07	2026100532	0.1	24	localentity:a6ecf5ebe170b8f50a18418f	localentity:272e9169628f3a6ba7420d76	d942de671b2308a7ab59f39f18949c0f07f93b6768138c2720aacad06b3fbf8d	93d04f2aa026899ac953748e356c886a68c42013012ba6f6eca775c25cae4a01	36	48	5	9	12	4	0.3333333333333333	0.8
7	length_balanced_07	2026100532	0.1	24	localentity:a7edcf0395abe679c80950da	localentity:8883362cb7bc384cdfb665b3	e0a388cbaa922558e3f003bcafdff9e30d877ec0460ade601eacd926b751d8a2	cdc066e9f49b5c2fb8827c1f5709a1eb459a4fc63a5f435fad085dad1f35cfb3	691	379	78	41	312	37	0.4515195369030391	0.47435897435897434
7	length_balanced_07	2026100532	0.1	24	localentity:aac1641eb6476d7d3274844b	localentity:07aa24afd39f643b44d67ee7	274898f8f29c4a0ca79574c52ea2b0d2fa0041429dc5414d0cce4c18bef56274	b6efa4d5ac11967babed26627536e32c9a19d562d5fa150f056f7744217939c6	52	55	6	6	3	0	0.057692307692307696	0.0
7	length_balanced_07	2026100532	0.1	24	localentity:aae4d88d7dd87a6b9b170cac	localentity:eb7bac7a626cb929ed6d43aa	8fae9830656ace746d823f9b6392200ed2dd591fbc50da14e550ffd94e51dfd1	35ded772a20b7fbb3c620927a1460f61856d06d496d88ea19d6c36c0188b0899	125	101	11	11	24	0	0.192	0.0
7	length_balanced_07	2026100532	0.1	24	localentity:ad9318e0877eeaae6a8bbcfd	localentity:c1f58836c56bd545ab620fd4	94100b5ed4a54caf7ceb9240fbf5fd03f3a48f3fae05ffdf6dd43e0d4a867adf	90d984635d0cc6bb66a9539ed83153a79dd8b9ab8d5245ceaff2b02d5b2a9826	54	57	8	8	3	0	0.05555555555555555	0.0
7	length_balanced_07	2026100532	0.1	24	localentity:b18ef729b45b2c454ac8932c	localentity:454114ced8f67b52dae3185e	8563557a9e62ba1e88d03fa5151ec3c4b6961a0264b5de8124c7cb52d75e99dd	35ded772a20b7fbb3c620927a1460f61856d06d496d88ea19d6c36c0188b0899	110	101	12	11	9	1	0.08181818181818182	0.08333333333333333
7	length_balanced_07	2026100532	0.1	24	localentity:b4cfbd0ef230b997b022b207	localentity:9e736491b40ad49317383122	b1c1241e17aca8ecd9ff64fa8a44e3cfa8b01e15ed834a54e2380c5ff0ef94bd	612987ee6997aed8fa39c1a8322093b5e85bad732a7b3d74ead7dbeb7c3956a2	132	148	15	15	16	0	0.12121212121212122	0.0
7	length_balanced_07	2026100532	0.1	24	localentity:b4e7d8261502f18b0a9cbc87	localentity:792c35007fd6b835fd4d16c4	4845617182a06160ee3c7a095ce9a95bb8464c3b734de30ef1dd961e5f09ec21	d72295968fc84ec82aa3ab17c7cef3a38ed13483e6b557f6cf646e28957ba38a	97	99	11	13	2	2	0.020618556701030927	0.18181818181818182
7	length_balanced_07	2026100532	0.1	24	localentity:b50e885a27329923556ea367	localentity:bffd6428b58a617fcc19a9b8	aad5fd5d9cca3ddbf8a90253a4561980ca60771585f0e8b7ae621777c594907a	1d8333f8fb7dcb825b9a1cd780cac90c433ce67e18341c63f77119b3cb86eba6	76	73	8	7	3	1	0.039473684210526314	0.125
7	length_balanced_07	2026100532	0.1	24	localentity:b74ff55a2dc32c1ea5811fca	localentity:a6ecf5ebe170b8f50a18418f	36afba0acdfc13e711109c074586876f9a4f15063ecb4075ece57f315eacaf4f	d942de671b2308a7ab59f39f18949c0f07f93b6768138c2720aacad06b3fbf8d	49	36	5	5	13	0	0.2653061224489796	0.0
7	length_balanced_07	2026100532	0.1	24	localentity:b8414499f9575213bc9951c5	localentity:9ebaad993a34cb81c36093e5	5967f7b34279a307fce6ff054e26b2389341c16dc21d2ce884e098c9b8a46628	80a99ce643c3daa2647011f1e2918826823a9a9fe01849fb296533e8a4550208	60	61	6	6	1	0	0.016666666666666666	0.0
7	length_balanced_07	2026100532	0.1	24	localentity:bffd6428b58a617fcc19a9b8	localentity:8bf1d242afa1e522b26081a6	1d8333f8fb7dcb825b9a1cd780cac90c433ce67e18341c63f77119b3cb86eba6	7341dff866fcad6c986ae9ab80a58d9627e36feb7e5dba6415fe8582414ab990	73	71	7	7	2	0	0.0273972602739726	0.0
7	length_balanced_07	2026100532	0.1	24	localentity:c1f58836c56bd545ab620fd4	localentity:ad9318e0877eeaae6a8bbcfd	90d984635d0cc6bb66a9539ed83153a79dd8b9ab8d5245ceaff2b02d5b2a9826	94100b5ed4a54caf7ceb9240fbf5fd03f3a48f3fae05ffdf6dd43e0d4a867adf	57	54	8	8	3	0	0.05263157894736842	0.0
7	length_balanced_07	2026100532	0.1	24	localentity:c74fdff99aead8264ce65d91	localentity:fcc22f2eac4763de5ab3b970	e87ba8e48fd8bc4d9a401ab5aa874c6f1f6dce49407760df2bc93c3417ab7ba7	011974d219bab421b78dfed01b30b647f142848b74956d1c3c6679b62f9ceb89	233	272	25	31	39	6	0.16738197424892703	0.24
7	length_balanced_07	2026100532	0.1	24	localentity:d23e1f8eaba7eba32c459796	localentity:8b6ebc5c05ad29d84c76f634	55f3cd643eb9cfc1d63969b6f8834701d8783371fccecedac65b7b005d370208	24130a414d9acc8b9e0212a9d40c7da3764d4cd6b31e33a1086a9d59ffaa6525	63	67	8	8	4	0	0.06349206349206349	0.0
7	length_balanced_07	2026100532	0.1	24	localentity:d321ea3d68897e0102a9df19	localentity:b50e885a27329923556ea367	55f3cd643eb9cfc1d63969b6f8834701d8783371fccecedac65b7b005d370208	aad5fd5d9cca3ddbf8a90253a4561980ca60771585f0e8b7ae621777c594907a	63	76	8	8	13	0	0.20634920634920634	0.0
7	length_balanced_07	2026100532	0.1	24	localentity:dc353cf1b082054fe3df3b93	localentity:ddcd67031137902587164378	00f2a54a074be251c2b6a807bf2a2bed61ee2a07a14fd06ad752ca2605e7d49a	7341dff866fcad6c986ae9ab80a58d9627e36feb7e5dba6415fe8582414ab990	73	71	7	7	2	0	0.0273972602739726	0.0
7	length_balanced_07	2026100532	0.1	24	localentity:ddcd67031137902587164378	localentity:462e44494ff027730349f96b	7341dff866fcad6c986ae9ab80a58d9627e36feb7e5dba6415fe8582414ab990	1d8333f8fb7dcb825b9a1cd780cac90c433ce67e18341c63f77119b3cb86eba6	71	73	7	7	2	0	0.028169014084507043	0.0
7	length_balanced_07	2026100532	0.1	24	localentity:de0da30e013fa9b0ac4f3ed8	localentity:40b4083f36b311a7ee5ae78e	cb6d0c7d700ff6c2f2beef588640dc100d673f712b49c5e87e7a6e5f26a49da4	59a0c61d78b8bf664c061fca507c003c8899e0328136e92de65b0f461cbcb040	128	133	14	13	5	1	0.0390625	0.07142857142857142
7	length_balanced_07	2026100532	0.1	24	localentity:e24cdf9c28a133f1f759182c	localentity:6bfd4ac417754224d615e0fd	7729d359e95bcc669735c6b140878e92b5a69a0c31d217cc3178754fc515af07	851d8b37b1bb22190bdf7f01230f17635dd14eb362ae05346a7e8271647ffb6c	71	68	9	8	3	1	0.04225352112676056	0.1111111111111111
7	length_balanced_07	2026100532	0.1	24	localentity:e5404f13bc1e889099bae606	localentity:a7edcf0395abe679c80950da	d58d2b6d4cfc44384af536672e0af7539b9dc919b0a6fc3d9e392258f4b1efec	e0a388cbaa922558e3f003bcafdff9e30d877ec0460ade601eacd926b751d8a2	369	691	39	78	322	39	0.8726287262872628	1.0
7	length_balanced_07	2026100532	0.1	24	localentity:e63625c4cedf6c47f2eb071c	localentity:fdb3569df605118d8a98eb43	274898f8f29c4a0ca79574c52ea2b0d2fa0041429dc5414d0cce4c18bef56274	d942de671b2308a7ab59f39f18949c0f07f93b6768138c2720aacad06b3fbf8d	52	36	6	5	16	1	0.3076923076923077	0.16666666666666666
7	length_balanced_07	2026100532	0.1	24	localentity:eb7bac7a626cb929ed6d43aa	localentity:aae4d88d7dd87a6b9b170cac	35ded772a20b7fbb3c620927a1460f61856d06d496d88ea19d6c36c0188b0899	8fae9830656ace746d823f9b6392200ed2dd591fbc50da14e550ffd94e51dfd1	101	125	11	11	24	0	0.2376237623762376	0.0
7	length_balanced_07	2026100532	0.1	24	localentity:ec908be7a236c726e270b643	localentity:3310497069b0015d6d6866dc	2f9dbc62c95bb68953a92d1e80f5f3f2e9e6fd873e180e77c5cfa8f9817f2ad1	81288f4bbd9799f7de93789ca60759f6382eb12b1942b0395d10fda06005e4d6	213	171	20	20	42	0	0.19718309859154928	0.0
7	length_balanced_07	2026100532	0.1	24	localentity:fcc22f2eac4763de5ab3b970	localentity:c74fdff99aead8264ce65d91	011974d219bab421b78dfed01b30b647f142848b74956d1c3c6679b62f9ceb89	e87ba8e48fd8bc4d9a401ab5aa874c6f1f6dce49407760df2bc93c3417ab7ba7	272	233	31	25	39	6	0.14338235294117646	0.1935483870967742
7	length_balanced_07	2026100532	0.1	24	localentity:fdb3569df605118d8a98eb43	localentity:6286353b35f2d03c954476a4	d942de671b2308a7ab59f39f18949c0f07f93b6768138c2720aacad06b3fbf8d	1a27139960ee752b6a8f6231ccd228040c70faf034a073556d99fd78d32c12cd	36	45	5	6	9	1	0.25	0.2
8	length_balanced_08	2026100538	0.1	72	localentity:028d462217cb771c4875d196	localentity:7536111106ec557185a3073b	d942de671b2308a7ab59f39f18949c0f07f93b6768138c2720aacad06b3fbf8d	6a381588b792d00e10645c33e2b246c2e8dbdbaf80400df2172c5e1674f28860	36	50	5	6	14	1	0.3888888888888889	0.2
8	length_balanced_08	2026100538	0.1	72	localentity:07aa24afd39f643b44d67ee7	localentity:aac1641eb6476d7d3274844b	b6efa4d5ac11967babed26627536e32c9a19d562d5fa150f056f7744217939c6	274898f8f29c4a0ca79574c52ea2b0d2fa0041429dc5414d0cce4c18bef56274	55	52	6	6	3	0	0.05454545454545454	0.0
8	length_balanced_08	2026100538	0.1	72	localentity:1e21c490ec65c6aa8f1d84b7	localentity:6ea0c6e37fddf8fd506a9d36	04fbfd8af617351d4fe1d73b91d535ac0aa620a8b2567da12b8bdfed27807444	7341dff866fcad6c986ae9ab80a58d9627e36feb7e5dba6415fe8582414ab990	68	71	7	7	3	0	0.04411764705882353	0.0
8	length_balanced_08	2026100538	0.1	72	localentity:272e9169628f3a6ba7420d76	localentity:ad9318e0877eeaae6a8bbcfd	93d04f2aa026899ac953748e356c886a68c42013012ba6f6eca775c25cae4a01	94100b5ed4a54caf7ceb9240fbf5fd03f3a48f3fae05ffdf6dd43e0d4a867adf	48	54	9	8	6	1	0.125	0.1111111111111111
8	length_balanced_08	2026100538	0.1	72	localentity:2b1b3658c6caa3941ee28882	localentity:6286353b35f2d03c954476a4	d942de671b2308a7ab59f39f18949c0f07f93b6768138c2720aacad06b3fbf8d	1a27139960ee752b6a8f6231ccd228040c70faf034a073556d99fd78d32c12cd	36	45	5	6	9	1	0.25	0.2
8	length_balanced_08	2026100538	0.1	72	localentity:2e169a0857dc1d4f0315b724	localentity:36b6809cd394b93106bc4aaf	c80c4516676027fbb57a05c76f9efbebd7221038647165221af116aa69d65afb	2f633ad1cb4e3029dacc27a126a04e57fc0fe03da3b8baf559db189b0dd7f1cb	83	85	10	11	2	1	0.024096385542168676	0.1
8	length_balanced_08	2026100538	0.1	72	localentity:3310497069b0015d6d6866dc	localentity:50e3f15b00a2b0d9880bb228	81288f4bbd9799f7de93789ca60759f6382eb12b1942b0395d10fda06005e4d6	63ac7e4ab709c319d833c06d289a7fd7af9d840d58f651410e402e8d7842553c	171	174	20	18	3	2	0.017543859649122806	0.1
8	length_balanced_08	2026100538	0.1	72	localentity:36b6809cd394b93106bc4aaf	localentity:454114ced8f67b52dae3185e	2f633ad1cb4e3029dacc27a126a04e57fc0fe03da3b8baf559db189b0dd7f1cb	35ded772a20b7fbb3c620927a1460f61856d06d496d88ea19d6c36c0188b0899	85	101	11	11	16	0	0.18823529411764706	0.0
8	length_balanced_08	2026100538	0.1	72	localentity:40b4083f36b311a7ee5ae78e	localentity:de0da30e013fa9b0ac4f3ed8	59a0c61d78b8bf664c061fca507c003c8899e0328136e92de65b0f461cbcb040	cb6d0c7d700ff6c2f2beef588640dc100d673f712b49c5e87e7a6e5f26a49da4	133	128	13	14	5	1	0.03759398496240601	0.07692307692307693
8	length_balanced_08	2026100538	0.1	72	localentity:454114ced8f67b52dae3185e	localentity:792c35007fd6b835fd4d16c4	35ded772a20b7fbb3c620927a1460f61856d06d496d88ea19d6c36c0188b0899	d72295968fc84ec82aa3ab17c7cef3a38ed13483e6b557f6cf646e28957ba38a	101	99	11	13	2	2	0.019801980198019802	0.18181818181818182
8	length_balanced_08	2026100538	0.1	72	localentity:462e44494ff027730349f96b	localentity:ddcd67031137902587164378	1d8333f8fb7dcb825b9a1cd780cac90c433ce67e18341c63f77119b3cb86eba6	7341dff866fcad6c986ae9ab80a58d9627e36feb7e5dba6415fe8582414ab990	73	71	7	7	2	0	0.0273972602739726	0.0
8	length_balanced_08	2026100538	0.1	72	localentity:50e3f15b00a2b0d9880bb228	localentity:6cfed425bbe09fd2228dcdec	63ac7e4ab709c319d833c06d289a7fd7af9d840d58f651410e402e8d7842553c	ed0bb509307fea9c1b833c0d7e3e5313c42cfd669c9d19d24ccd9b810b63aa76	174	177	18	19	3	1	0.017241379310344827	0.05555555555555555
8	length_balanced_08	2026100538	0.1	72	localentity:587893b0464eb19053263023	localentity:1e21c490ec65c6aa8f1d84b7	1d8333f8fb7dcb825b9a1cd780cac90c433ce67e18341c63f77119b3cb86eba6	04fbfd8af617351d4fe1d73b91d535ac0aa620a8b2567da12b8bdfed27807444	73	68	7	7	5	0	0.0684931506849315	0.0
8	length_balanced_08	2026100538	0.1	72	localentity:5a14856655c54b0826e246b9	localentity:587893b0464eb19053263023	5b3ca63f99a0ccbc2a14f63444f3c7ae71f39a43b1e7f1203bb072723970b2ce	1d8333f8fb7dcb825b9a1cd780cac90c433ce67e18341c63f77119b3cb86eba6	69	73	7	7	4	0	0.057971014492753624	0.0
8	length_balanced_08	2026100538	0.1	72	localentity:5bf84d38d462be69ef4627e7	localentity:07aa24afd39f643b44d67ee7	274898f8f29c4a0ca79574c52ea2b0d2fa0041429dc5414d0cce4c18bef56274	b6efa4d5ac11967babed26627536e32c9a19d562d5fa150f056f7744217939c6	52	55	6	6	3	0	0.057692307692307696	0.0
8	length_balanced_08	2026100538	0.1	72	localentity:5ce728e1957de53bf9e827ff	localentity:d23e1f8eaba7eba32c459796	53f9602d11058cd80e3f37ca3ae833affc28eacb99cf2f92726ca27666b1ddd6	55f3cd643eb9cfc1d63969b6f8834701d8783371fccecedac65b7b005d370208	61	63	7	8	2	1	0.03278688524590164	0.14285714285714285
8	length_balanced_08	2026100538	0.1	72	localentity:6286353b35f2d03c954476a4	localentity:2b1b3658c6caa3941ee28882	1a27139960ee752b6a8f6231ccd228040c70faf034a073556d99fd78d32c12cd	d942de671b2308a7ab59f39f18949c0f07f93b6768138c2720aacad06b3fbf8d	45	36	6	5	9	1	0.2	0.16666666666666666
8	length_balanced_08	2026100538	0.1	72	localentity:6bfd4ac417754224d615e0fd	localentity:e24cdf9c28a133f1f759182c	851d8b37b1bb22190bdf7f01230f17635dd14eb362ae05346a7e8271647ffb6c	7729d359e95bcc669735c6b140878e92b5a69a0c31d217cc3178754fc515af07	68	71	8	9	3	1	0.04411764705882353	0.125
8	length_balanced_08	2026100538	0.1	72	localentity:6cfed425bbe09fd2228dcdec	localentity:3310497069b0015d6d6866dc	ed0bb509307fea9c1b833c0d7e3e5313c42cfd669c9d19d24ccd9b810b63aa76	81288f4bbd9799f7de93789ca60759f6382eb12b1942b0395d10fda06005e4d6	177	171	19	20	6	1	0.03389830508474576	0.05263157894736842
8	length_balanced_08	2026100538	0.1	72	localentity:6ea0c6e37fddf8fd506a9d36	localentity:5a14856655c54b0826e246b9	7341dff866fcad6c986ae9ab80a58d9627e36feb7e5dba6415fe8582414ab990	5b3ca63f99a0ccbc2a14f63444f3c7ae71f39a43b1e7f1203bb072723970b2ce	71	69	7	7	2	0	0.028169014084507043	0.0
8	length_balanced_08	2026100538	0.1	72	localentity:7059ad6b26889a2a5fb6d28f	localentity:ec908be7a236c726e270b643	7b73e415b7f1ffcb51a675e9f9874718829e1b0b6e0f245c194826331a288fd7	2f9dbc62c95bb68953a92d1e80f5f3f2e9e6fd873e180e77c5cfa8f9817f2ad1	181	213	19	20	32	1	0.17679558011049723	0.05263157894736842
8	length_balanced_08	2026100538	0.1	72	localentity:7536111106ec557185a3073b	localentity:7ded944e56e6a89265bc4eae	6a381588b792d00e10645c33e2b246c2e8dbdbaf80400df2172c5e1674f28860	274898f8f29c4a0ca79574c52ea2b0d2fa0041429dc5414d0cce4c18bef56274	50	52	6	6	2	0	0.04	0.0
8	length_balanced_08	2026100538	0.1	72	localentity:782fc52de3b3df027712c4dc	localentity:9e736491b40ad49317383122	a40fd3def1140ad1bba96fe4389be43be9b052881fae50983fd2a798f43aa022	612987ee6997aed8fa39c1a8322093b5e85bad732a7b3d74ead7dbeb7c3956a2	153	148	17	15	5	2	0.032679738562091505	0.11764705882352941
8	length_balanced_08	2026100538	0.1	72	localentity:792c35007fd6b835fd4d16c4	localentity:b4e7d8261502f18b0a9cbc87	d72295968fc84ec82aa3ab17c7cef3a38ed13483e6b557f6cf646e28957ba38a	4845617182a06160ee3c7a095ce9a95bb8464c3b734de30ef1dd961e5f09ec21	99	97	13	11	2	2	0.020202020202020204	0.15384615384615385
8	length_balanced_08	2026100538	0.1	72	localentity:7ded944e56e6a89265bc4eae	localentity:a6ecf5ebe170b8f50a18418f	274898f8f29c4a0ca79574c52ea2b0d2fa0041429dc5414d0cce4c18bef56274	d942de671b2308a7ab59f39f18949c0f07f93b6768138c2720aacad06b3fbf8d	52	36	6	5	16	1	0.3076923076923077	0.16666666666666666
8	length_balanced_08	2026100538	0.1	72	localentity:8883362cb7bc384cdfb665b3	localentity:a7edcf0395abe679c80950da	cdc066e9f49b5c2fb8827c1f5709a1eb459a4fc63a5f435fad085dad1f35cfb3	e0a388cbaa922558e3f003bcafdff9e30d877ec0460ade601eacd926b751d8a2	379	691	41	78	312	37	0.8232189973614775	0.9024390243902439
8	length_balanced_08	2026100538	0.1	72	localentity:8b6ebc5c05ad29d84c76f634	localentity:d321ea3d68897e0102a9df19	24130a414d9acc8b9e0212a9d40c7da3764d4cd6b31e33a1086a9d59ffaa6525	55f3cd643eb9cfc1d63969b6f8834701d8783371fccecedac65b7b005d370208	67	63	8	8	4	0	0.05970149253731343	0.0
8	length_balanced_08	2026100538	0.1	72	localentity:8bf1d242afa1e522b26081a6	localentity:dc353cf1b082054fe3df3b93	7341dff866fcad6c986ae9ab80a58d9627e36feb7e5dba6415fe8582414ab990	00f2a54a074be251c2b6a807bf2a2bed61ee2a07a14fd06ad752ca2605e7d49a	71	73	7	7	2	0	0.028169014084507043	0.0
8	length_balanced_08	2026100538	0.1	72	localentity:960ef9ebe8b264bf1051ee8c	localentity:7059ad6b26889a2a5fb6d28f	1a0a0eba4cf56d9491264d3df1549007d1f533b72f592c1dd5aef6e6132f66d5	7b73e415b7f1ffcb51a675e9f9874718829e1b0b6e0f245c194826331a288fd7	187	181	23	19	6	4	0.03208556149732621	0.17391304347826086
8	length_balanced_08	2026100538	0.1	72	localentity:9e736491b40ad49317383122	localentity:782fc52de3b3df027712c4dc	612987ee6997aed8fa39c1a8322093b5e85bad732a7b3d74ead7dbeb7c3956a2	a40fd3def1140ad1bba96fe4389be43be9b052881fae50983fd2a798f43aa022	148	153	15	17	5	2	0.033783783783783786	0.13333333333333333
8	length_balanced_08	2026100538	0.1	72	localentity:9ebaad993a34cb81c36093e5	localentity:b8414499f9575213bc9951c5	80a99ce643c3daa2647011f1e2918826823a9a9fe01849fb296533e8a4550208	5967f7b34279a307fce6ff054e26b2389341c16dc21d2ce884e098c9b8a46628	61	60	6	6	1	0	0.01639344262295082	0.0
8	length_balanced_08	2026100538	0.1	72	localentity:a6ecf5ebe170b8f50a18418f	localentity:b74ff55a2dc32c1ea5811fca	d942de671b2308a7ab59f39f18949c0f07f93b6768138c2720aacad06b3fbf8d	36afba0acdfc13e711109c074586876f9a4f15063ecb4075ece57f315eacaf4f	36	49	5	5	13	0	0.3611111111111111	0.0
8	length_balanced_08	2026100538	0.1	72	localentity:a7edcf0395abe679c80950da	localentity:e5404f13bc1e889099bae606	e0a388cbaa922558e3f003bcafdff9e30d877ec0460ade601eacd926b751d8a2	d58d2b6d4cfc44384af536672e0af7539b9dc919b0a6fc3d9e392258f4b1efec	691	369	78	39	322	39	0.46599131693198265	0.5
8	length_balanced_08	2026100538	0.1	72	localentity:aac1641eb6476d7d3274844b	localentity:fdb3569df605118d8a98eb43	274898f8f29c4a0ca79574c52ea2b0d2fa0041429dc5414d0cce4c18bef56274	d942de671b2308a7ab59f39f18949c0f07f93b6768138c2720aacad06b3fbf8d	52	36	6	5	16	1	0.3076923076923077	0.16666666666666666
8	length_balanced_08	2026100538	0.1	72	localentity:aae4d88d7dd87a6b9b170cac	localentity:eb7bac7a626cb929ed6d43aa	8fae9830656ace746d823f9b6392200ed2dd591fbc50da14e550ffd94e51dfd1	35ded772a20b7fbb3c620927a1460f61856d06d496d88ea19d6c36c0188b0899	125	101	11	11	24	0	0.192	0.0
8	length_balanced_08	2026100538	0.1	72	localentity:ad9318e0877eeaae6a8bbcfd	localentity:c1f58836c56bd545ab620fd4	94100b5ed4a54caf7ceb9240fbf5fd03f3a48f3fae05ffdf6dd43e0d4a867adf	90d984635d0cc6bb66a9539ed83153a79dd8b9ab8d5245ceaff2b02d5b2a9826	54	57	8	8	3	0	0.05555555555555555	0.0
8	length_balanced_08	2026100538	0.1	72	localentity:b18ef729b45b2c454ac8932c	localentity:aae4d88d7dd87a6b9b170cac	8563557a9e62ba1e88d03fa5151ec3c4b6961a0264b5de8124c7cb52d75e99dd	8fae9830656ace746d823f9b6392200ed2dd591fbc50da14e550ffd94e51dfd1	110	125	12	11	15	1	0.13636363636363635	0.08333333333333333
8	length_balanced_08	2026100538	0.1	72	localentity:b4cfbd0ef230b997b022b207	localentity:40b4083f36b311a7ee5ae78e	b1c1241e17aca8ecd9ff64fa8a44e3cfa8b01e15ed834a54e2380c5ff0ef94bd	59a0c61d78b8bf664c061fca507c003c8899e0328136e92de65b0f461cbcb040	132	133	15	13	1	2	0.007575757575757576	0.13333333333333333
8	length_balanced_08	2026100538	0.1	72	localentity:b4e7d8261502f18b0a9cbc87	localentity:2e169a0857dc1d4f0315b724	4845617182a06160ee3c7a095ce9a95bb8464c3b734de30ef1dd961e5f09ec21	c80c4516676027fbb57a05c76f9efbebd7221038647165221af116aa69d65afb	97	83	11	10	14	1	0.14432989690721648	0.09090909090909091
8	length_balanced_08	2026100538	0.1	72	localentity:b50e885a27329923556ea367	localentity:8b6ebc5c05ad29d84c76f634	aad5fd5d9cca3ddbf8a90253a4561980ca60771585f0e8b7ae621777c594907a	24130a414d9acc8b9e0212a9d40c7da3764d4cd6b31e33a1086a9d59ffaa6525	76	67	8	8	9	0	0.11842105263157894	0.0
8	length_balanced_08	2026100538	0.1	72	localentity:b74ff55a2dc32c1ea5811fca	localentity:028d462217cb771c4875d196	36afba0acdfc13e711109c074586876f9a4f15063ecb4075ece57f315eacaf4f	d942de671b2308a7ab59f39f18949c0f07f93b6768138c2720aacad06b3fbf8d	49	36	5	5	13	0	0.2653061224489796	0.0
8	length_balanced_08	2026100538	0.1	72	localentity:b8414499f9575213bc9951c5	localentity:5bf84d38d462be69ef4627e7	5967f7b34279a307fce6ff054e26b2389341c16dc21d2ce884e098c9b8a46628	274898f8f29c4a0ca79574c52ea2b0d2fa0041429dc5414d0cce4c18bef56274	60	52	6	6	8	0	0.13333333333333333	0.0
8	length_balanced_08	2026100538	0.1	72	localentity:bffd6428b58a617fcc19a9b8	localentity:8bf1d242afa1e522b26081a6	1d8333f8fb7dcb825b9a1cd780cac90c433ce67e18341c63f77119b3cb86eba6	7341dff866fcad6c986ae9ab80a58d9627e36feb7e5dba6415fe8582414ab990	73	71	7	7	2	0	0.0273972602739726	0.0
8	length_balanced_08	2026100538	0.1	72	localentity:c1f58836c56bd545ab620fd4	localentity:272e9169628f3a6ba7420d76	90d984635d0cc6bb66a9539ed83153a79dd8b9ab8d5245ceaff2b02d5b2a9826	93d04f2aa026899ac953748e356c886a68c42013012ba6f6eca775c25cae4a01	57	48	8	9	9	1	0.15789473684210525	0.125
8	length_balanced_08	2026100538	0.1	72	localentity:c74fdff99aead8264ce65d91	localentity:fcc22f2eac4763de5ab3b970	e87ba8e48fd8bc4d9a401ab5aa874c6f1f6dce49407760df2bc93c3417ab7ba7	011974d219bab421b78dfed01b30b647f142848b74956d1c3c6679b62f9ceb89	233	272	25	31	39	6	0.16738197424892703	0.24
8	length_balanced_08	2026100538	0.1	72	localentity:d23e1f8eaba7eba32c459796	localentity:6bfd4ac417754224d615e0fd	55f3cd643eb9cfc1d63969b6f8834701d8783371fccecedac65b7b005d370208	851d8b37b1bb22190bdf7f01230f17635dd14eb362ae05346a7e8271647ffb6c	63	68	8	8	5	0	0.07936507936507936	0.0
8	length_balanced_08	2026100538	0.1	72	localentity:d321ea3d68897e0102a9df19	localentity:5ce728e1957de53bf9e827ff	55f3cd643eb9cfc1d63969b6f8834701d8783371fccecedac65b7b005d370208	53f9602d11058cd80e3f37ca3ae833affc28eacb99cf2f92726ca27666b1ddd6	63	61	8	7	2	1	0.031746031746031744	0.125
8	length_balanced_08	2026100538	0.1	72	localentity:dc353cf1b082054fe3df3b93	localentity:462e44494ff027730349f96b	00f2a54a074be251c2b6a807bf2a2bed61ee2a07a14fd06ad752ca2605e7d49a	1d8333f8fb7dcb825b9a1cd780cac90c433ce67e18341c63f77119b3cb86eba6	73	73	7	7	0	0	0.0	0.0
8	length_balanced_08	2026100538	0.1	72	localentity:ddcd67031137902587164378	localentity:bffd6428b58a617fcc19a9b8	7341dff866fcad6c986ae9ab80a58d9627e36feb7e5dba6415fe8582414ab990	1d8333f8fb7dcb825b9a1cd780cac90c433ce67e18341c63f77119b3cb86eba6	71	73	7	7	2	0	0.028169014084507043	0.0
8	length_balanced_08	2026100538	0.1	72	localentity:de0da30e013fa9b0ac4f3ed8	localentity:b4cfbd0ef230b997b022b207	cb6d0c7d700ff6c2f2beef588640dc100d673f712b49c5e87e7a6e5f26a49da4	b1c1241e17aca8ecd9ff64fa8a44e3cfa8b01e15ed834a54e2380c5ff0ef94bd	128	132	14	15	4	1	0.03125	0.07142857142857142
8	length_balanced_08	2026100538	0.1	72	localentity:e24cdf9c28a133f1f759182c	localentity:b50e885a27329923556ea367	7729d359e95bcc669735c6b140878e92b5a69a0c31d217cc3178754fc515af07	aad5fd5d9cca3ddbf8a90253a4561980ca60771585f0e8b7ae621777c594907a	71	76	9	8	5	1	0.07042253521126761	0.1111111111111111
8	length_balanced_08	2026100538	0.1	72	localentity:e5404f13bc1e889099bae606	localentity:8883362cb7bc384cdfb665b3	d58d2b6d4cfc44384af536672e0af7539b9dc919b0a6fc3d9e392258f4b1efec	cdc066e9f49b5c2fb8827c1f5709a1eb459a4fc63a5f435fad085dad1f35cfb3	369	379	39	41	10	2	0.02710027100271003	0.05128205128205128
8	length_balanced_08	2026100538	0.1	72	localentity:e63625c4cedf6c47f2eb071c	localentity:9ebaad993a34cb81c36093e5	274898f8f29c4a0ca79574c52ea2b0d2fa0041429dc5414d0cce4c18bef56274	80a99ce643c3daa2647011f1e2918826823a9a9fe01849fb296533e8a4550208	52	61	6	6	9	0	0.17307692307692307	0.0
8	length_balanced_08	2026100538	0.1	72	localentity:eb7bac7a626cb929ed6d43aa	localentity:b18ef729b45b2c454ac8932c	35ded772a20b7fbb3c620927a1460f61856d06d496d88ea19d6c36c0188b0899	8563557a9e62ba1e88d03fa5151ec3c4b6961a0264b5de8124c7cb52d75e99dd	101	110	11	12	9	1	0.0891089108910891	0.09090909090909091
8	length_balanced_08	2026100538	0.1	72	localentity:ec908be7a236c726e270b643	localentity:960ef9ebe8b264bf1051ee8c	2f9dbc62c95bb68953a92d1e80f5f3f2e9e6fd873e180e77c5cfa8f9817f2ad1	1a0a0eba4cf56d9491264d3df1549007d1f533b72f592c1dd5aef6e6132f66d5	213	187	20	23	26	3	0.12206572769953052	0.15
8	length_balanced_08	2026100538	0.1	72	localentity:fcc22f2eac4763de5ab3b970	localentity:c74fdff99aead8264ce65d91	011974d219bab421b78dfed01b30b647f142848b74956d1c3c6679b62f9ceb89	e87ba8e48fd8bc4d9a401ab5aa874c6f1f6dce49407760df2bc93c3417ab7ba7	272	233	31	25	39	6	0.14338235294117646	0.1935483870967742
8	length_balanced_08	2026100538	0.1	72	localentity:fdb3569df605118d8a98eb43	localentity:e63625c4cedf6c47f2eb071c	d942de671b2308a7ab59f39f18949c0f07f93b6768138c2720aacad06b3fbf8d	274898f8f29c4a0ca79574c52ea2b0d2fa0041429dc5414d0cce4c18bef56274	36	52	5	6	16	1	0.4444444444444444	0.2
9	length_balanced_09	2026100538	0.1	69	localentity:028d462217cb771c4875d196	localentity:6286353b35f2d03c954476a4	d942de671b2308a7ab59f39f18949c0f07f93b6768138c2720aacad06b3fbf8d	1a27139960ee752b6a8f6231ccd228040c70faf034a073556d99fd78d32c12cd	36	45	5	6	9	1	0.25	0.2
9	length_balanced_09	2026100538	0.1	69	localentity:07aa24afd39f643b44d67ee7	localentity:e63625c4cedf6c47f2eb071c	b6efa4d5ac11967babed26627536e32c9a19d562d5fa150f056f7744217939c6	274898f8f29c4a0ca79574c52ea2b0d2fa0041429dc5414d0cce4c18bef56274	55	52	6	6	3	0	0.05454545454545454	0.0
9	length_balanced_09	2026100538	0.1	69	localentity:1e21c490ec65c6aa8f1d84b7	localentity:5ce728e1957de53bf9e827ff	04fbfd8af617351d4fe1d73b91d535ac0aa620a8b2567da12b8bdfed27807444	53f9602d11058cd80e3f37ca3ae833affc28eacb99cf2f92726ca27666b1ddd6	68	61	7	7	7	0	0.10294117647058823	0.0
9	length_balanced_09	2026100538	0.1	69	localentity:272e9169628f3a6ba7420d76	localentity:e24cdf9c28a133f1f759182c	93d04f2aa026899ac953748e356c886a68c42013012ba6f6eca775c25cae4a01	7729d359e95bcc669735c6b140878e92b5a69a0c31d217cc3178754fc515af07	48	71	9	9	23	0	0.4791666666666667	0.0
9	length_balanced_09	2026100538	0.1	69	localentity:2b1b3658c6caa3941ee28882	localentity:b74ff55a2dc32c1ea5811fca	d942de671b2308a7ab59f39f18949c0f07f93b6768138c2720aacad06b3fbf8d	36afba0acdfc13e711109c074586876f9a4f15063ecb4075ece57f315eacaf4f	36	49	5	5	13	0	0.3611111111111111	0.0
9	length_balanced_09	2026100538	0.1	69	localentity:2e169a0857dc1d4f0315b724	localentity:36b6809cd394b93106bc4aaf	c80c4516676027fbb57a05c76f9efbebd7221038647165221af116aa69d65afb	2f633ad1cb4e3029dacc27a126a04e57fc0fe03da3b8baf559db189b0dd7f1cb	83	85	10	11	2	1	0.024096385542168676	0.1
9	length_balanced_09	2026100538	0.1	69	localentity:3310497069b0015d6d6866dc	localentity:ec908be7a236c726e270b643	81288f4bbd9799f7de93789ca60759f6382eb12b1942b0395d10fda06005e4d6	2f9dbc62c95bb68953a92d1e80f5f3f2e9e6fd873e180e77c5cfa8f9817f2ad1	171	213	20	20	42	0	0.24561403508771928	0.0
9	length_balanced_09	2026100538	0.1	69	localentity:36b6809cd394b93106bc4aaf	localentity:2e169a0857dc1d4f0315b724	2f633ad1cb4e3029dacc27a126a04e57fc0fe03da3b8baf559db189b0dd7f1cb	c80c4516676027fbb57a05c76f9efbebd7221038647165221af116aa69d65afb	85	83	11	10	2	1	0.023529411764705882	0.09090909090909091
9	length_balanced_09	2026100538	0.1	69	localentity:40b4083f36b311a7ee5ae78e	localentity:aae4d88d7dd87a6b9b170cac	59a0c61d78b8bf664c061fca507c003c8899e0328136e92de65b0f461cbcb040	8fae9830656ace746d823f9b6392200ed2dd591fbc50da14e550ffd94e51dfd1	133	125	13	11	8	2	0.06015037593984962	0.15384615384615385
9	length_balanced_09	2026100538	0.1	69	localentity:454114ced8f67b52dae3185e	localentity:b4e7d8261502f18b0a9cbc87	35ded772a20b7fbb3c620927a1460f61856d06d496d88ea19d6c36c0188b0899	4845617182a06160ee3c7a095ce9a95bb8464c3b734de30ef1dd961e5f09ec21	101	97	11	11	4	0	0.039603960396039604	0.0
9	length_balanced_09	2026100538	0.1	69	localentity:462e44494ff027730349f96b	localentity:ddcd67031137902587164378	1d8333f8fb7dcb825b9a1cd780cac90c433ce67e18341c63f77119b3cb86eba6	7341dff866fcad6c986ae9ab80a58d9627e36feb7e5dba6415fe8582414ab990	73	71	7	7	2	0	0.0273972602739726	0.0
9	length_balanced_09	2026100538	0.1	69	localentity:50e3f15b00a2b0d9880bb228	localentity:6cfed425bbe09fd2228dcdec	63ac7e4ab709c319d833c06d289a7fd7af9d840d58f651410e402e8d7842553c	ed0bb509307fea9c1b833c0d7e3e5313c42cfd669c9d19d24ccd9b810b63aa76	174	177	18	19	3	1	0.017241379310344827	0.05555555555555555
9	length_balanced_09	2026100538	0.1	69	localentity:587893b0464eb19053263023	localentity:5a14856655c54b0826e246b9	1d8333f8fb7dcb825b9a1cd780cac90c433ce67e18341c63f77119b3cb86eba6	5b3ca63f99a0ccbc2a14f63444f3c7ae71f39a43b1e7f1203bb072723970b2ce	73	69	7	7	4	0	0.0547945205479452	0.0
9	length_balanced_09	2026100538	0.1	69	localentity:5a14856655c54b0826e246b9	localentity:1e21c490ec65c6aa8f1d84b7	5b3ca63f99a0ccbc2a14f63444f3c7ae71f39a43b1e7f1203bb072723970b2ce	04fbfd8af617351d4fe1d73b91d535ac0aa620a8b2567da12b8bdfed27807444	69	68	7	7	1	0	0.014492753623188406	0.0
9	length_balanced_09	2026100538	0.1	69	localentity:5bf84d38d462be69ef4627e7	localentity:9ebaad993a34cb81c36093e5	274898f8f29c4a0ca79574c52ea2b0d2fa0041429dc5414d0cce4c18bef56274	80a99ce643c3daa2647011f1e2918826823a9a9fe01849fb296533e8a4550208	52	61	6	6	9	0	0.17307692307692307	0.0
9	length_balanced_09	2026100538	0.1	69	localentity:5ce728e1957de53bf9e827ff	localentity:c1f58836c56bd545ab620fd4	53f9602d11058cd80e3f37ca3ae833affc28eacb99cf2f92726ca27666b1ddd6	90d984635d0cc6bb66a9539ed83153a79dd8b9ab8d5245ceaff2b02d5b2a9826	61	57	7	8	4	1	0.06557377049180328	0.14285714285714285
9	length_balanced_09	2026100538	0.1	69	localentity:6286353b35f2d03c954476a4	localentity:2b1b3658c6caa3941ee28882	1a27139960ee752b6a8f6231ccd228040c70faf034a073556d99fd78d32c12cd	d942de671b2308a7ab59f39f18949c0f07f93b6768138c2720aacad06b3fbf8d	45	36	6	5	9	1	0.2	0.16666666666666666
9	length_balanced_09	2026100538	0.1	69	localentity:6bfd4ac417754224d615e0fd	localentity:d321ea3d68897e0102a9df19	851d8b37b1bb22190bdf7f01230f17635dd14eb362ae05346a7e8271647ffb6c	55f3cd643eb9cfc1d63969b6f8834701d8783371fccecedac65b7b005d370208	68	63	8	8	5	0	0.07352941176470588	0.0
9	length_balanced_09	2026100538	0.1	69	localentity:6cfed425bbe09fd2228dcdec	localentity:7059ad6b26889a2a5fb6d28f	ed0bb509307fea9c1b833c0d7e3e5313c42cfd669c9d19d24ccd9b810b63aa76	7b73e415b7f1ffcb51a675e9f9874718829e1b0b6e0f245c194826331a288fd7	177	181	19	19	4	0	0.022598870056497175	0.0
9	length_balanced_09	2026100538	0.1	69	localentity:6ea0c6e37fddf8fd506a9d36	localentity:bffd6428b58a617fcc19a9b8	7341dff866fcad6c986ae9ab80a58d9627e36feb7e5dba6415fe8582414ab990	1d8333f8fb7dcb825b9a1cd780cac90c433ce67e18341c63f77119b3cb86eba6	71	73	7	7	2	0	0.028169014084507043	0.0
9	length_balanced_09	2026100538	0.1	69	localentity:7059ad6b26889a2a5fb6d28f	localentity:50e3f15b00a2b0d9880bb228	7b73e415b7f1ffcb51a675e9f9874718829e1b0b6e0f245c194826331a288fd7	63ac7e4ab709c319d833c06d289a7fd7af9d840d58f651410e402e8d7842553c	181	174	19	18	7	1	0.03867403314917127	0.05263157894736842
9	length_balanced_09	2026100538	0.1	69	localentity:7536111106ec557185a3073b	localentity:028d462217cb771c4875d196	6a381588b792d00e10645c33e2b246c2e8dbdbaf80400df2172c5e1674f28860	d942de671b2308a7ab59f39f18949c0f07f93b6768138c2720aacad06b3fbf8d	50	36	6	5	14	1	0.28	0.16666666666666666
9	length_balanced_09	2026100538	0.1	69	localentity:782fc52de3b3df027712c4dc	localentity:9e736491b40ad49317383122	a40fd3def1140ad1bba96fe4389be43be9b052881fae50983fd2a798f43aa022	612987ee6997aed8fa39c1a8322093b5e85bad732a7b3d74ead7dbeb7c3956a2	153	148	17	15	5	2	0.032679738562091505	0.11764705882352941
9	length_balanced_09	2026100538	0.1	69	localentity:792c35007fd6b835fd4d16c4	localentity:454114ced8f67b52dae3185e	d72295968fc84ec82aa3ab17c7cef3a38ed13483e6b557f6cf646e28957ba38a	35ded772a20b7fbb3c620927a1460f61856d06d496d88ea19d6c36c0188b0899	99	101	13	11	2	2	0.020202020202020204	0.15384615384615385
9	length_balanced_09	2026100538	0.1	69	localentity:7ded944e56e6a89265bc4eae	localentity:07aa24afd39f643b44d67ee7	274898f8f29c4a0ca79574c52ea2b0d2fa0041429dc5414d0cce4c18bef56274	b6efa4d5ac11967babed26627536e32c9a19d562d5fa150f056f7744217939c6	52	55	6	6	3	0	0.057692307692307696	0.0
9	length_balanced_09	2026100538	0.1	69	localentity:8883362cb7bc384cdfb665b3	localentity:e5404f13bc1e889099bae606	cdc066e9f49b5c2fb8827c1f5709a1eb459a4fc63a5f435fad085dad1f35cfb3	d58d2b6d4cfc44384af536672e0af7539b9dc919b0a6fc3d9e392258f4b1efec	379	369	41	39	10	2	0.026385224274406333	0.04878048780487805
9	length_balanced_09	2026100538	0.1	69	localentity:8b6ebc5c05ad29d84c76f634	localentity:d23e1f8eaba7eba32c459796	24130a414d9acc8b9e0212a9d40c7da3764d4cd6b31e33a1086a9d59ffaa6525	55f3cd643eb9cfc1d63969b6f8834701d8783371fccecedac65b7b005d370208	67	63	8	8	4	0	0.05970149253731343	0.0
9	length_balanced_09	2026100538	0.1	69	localentity:8bf1d242afa1e522b26081a6	localentity:462e44494ff027730349f96b	7341dff866fcad6c986ae9ab80a58d9627e36feb7e5dba6415fe8582414ab990	1d8333f8fb7dcb825b9a1cd780cac90c433ce67e18341c63f77119b3cb86eba6	71	73	7	7	2	0	0.028169014084507043	0.0
9	length_balanced_09	2026100538	0.1	69	localentity:960ef9ebe8b264bf1051ee8c	localentity:3310497069b0015d6d6866dc	1a0a0eba4cf56d9491264d3df1549007d1f533b72f592c1dd5aef6e6132f66d5	81288f4bbd9799f7de93789ca60759f6382eb12b1942b0395d10fda06005e4d6	187	171	23	20	16	3	0.0855614973262032	0.13043478260869565
9	length_balanced_09	2026100538	0.1	69	localentity:9e736491b40ad49317383122	localentity:782fc52de3b3df027712c4dc	612987ee6997aed8fa39c1a8322093b5e85bad732a7b3d74ead7dbeb7c3956a2	a40fd3def1140ad1bba96fe4389be43be9b052881fae50983fd2a798f43aa022	148	153	15	17	5	2	0.033783783783783786	0.13333333333333333
9	length_balanced_09	2026100538	0.1	69	localentity:9ebaad993a34cb81c36093e5	localentity:b8414499f9575213bc9951c5	80a99ce643c3daa2647011f1e2918826823a9a9fe01849fb296533e8a4550208	5967f7b34279a307fce6ff054e26b2389341c16dc21d2ce884e098c9b8a46628	61	60	6	6	1	0	0.01639344262295082	0.0
9	length_balanced_09	2026100538	0.1	69	localentity:a6ecf5ebe170b8f50a18418f	localentity:7ded944e56e6a89265bc4eae	d942de671b2308a7ab59f39f18949c0f07f93b6768138c2720aacad06b3fbf8d	274898f8f29c4a0ca79574c52ea2b0d2fa0041429dc5414d0cce4c18bef56274	36	52	5	6	16	1	0.4444444444444444	0.2
9	length_balanced_09	2026100538	0.1	69	localentity:a7edcf0395abe679c80950da	localentity:8883362cb7bc384cdfb665b3	e0a388cbaa922558e3f003bcafdff9e30d877ec0460ade601eacd926b751d8a2	cdc066e9f49b5c2fb8827c1f5709a1eb459a4fc63a5f435fad085dad1f35cfb3	691	379	78	41	312	37	0.4515195369030391	0.47435897435897434
9	length_balanced_09	2026100538	0.1	69	localentity:aac1641eb6476d7d3274844b	localentity:fdb3569df605118d8a98eb43	274898f8f29c4a0ca79574c52ea2b0d2fa0041429dc5414d0cce4c18bef56274	d942de671b2308a7ab59f39f18949c0f07f93b6768138c2720aacad06b3fbf8d	52	36	6	5	16	1	0.3076923076923077	0.16666666666666666
9	length_balanced_09	2026100538	0.1	69	localentity:aae4d88d7dd87a6b9b170cac	localentity:40b4083f36b311a7ee5ae78e	8fae9830656ace746d823f9b6392200ed2dd591fbc50da14e550ffd94e51dfd1	59a0c61d78b8bf664c061fca507c003c8899e0328136e92de65b0f461cbcb040	125	133	11	13	8	2	0.064	0.18181818181818182
9	length_balanced_09	2026100538	0.1	69	localentity:ad9318e0877eeaae6a8bbcfd	localentity:272e9169628f3a6ba7420d76	94100b5ed4a54caf7ceb9240fbf5fd03f3a48f3fae05ffdf6dd43e0d4a867adf	93d04f2aa026899ac953748e356c886a68c42013012ba6f6eca775c25cae4a01	54	48	8	9	6	1	0.1111111111111111	0.125
9	length_balanced_09	2026100538	0.1	69	localentity:b18ef729b45b2c454ac8932c	localentity:eb7bac7a626cb929ed6d43aa	8563557a9e62ba1e88d03fa5151ec3c4b6961a0264b5de8124c7cb52d75e99dd	35ded772a20b7fbb3c620927a1460f61856d06d496d88ea19d6c36c0188b0899	110	101	12	11	9	1	0.08181818181818182	0.08333333333333333
9	length_balanced_09	2026100538	0.1	69	localentity:b4cfbd0ef230b997b022b207	localentity:de0da30e013fa9b0ac4f3ed8	b1c1241e17aca8ecd9ff64fa8a44e3cfa8b01e15ed834a54e2380c5ff0ef94bd	cb6d0c7d700ff6c2f2beef588640dc100d673f712b49c5e87e7a6e5f26a49da4	132	128	15	14	4	1	0.030303030303030304	0.06666666666666667
9	length_balanced_09	2026100538	0.1	69	localentity:b4e7d8261502f18b0a9cbc87	localentity:b18ef729b45b2c454ac8932c	4845617182a06160ee3c7a095ce9a95bb8464c3b734de30ef1dd961e5f09ec21	8563557a9e62ba1e88d03fa5151ec3c4b6961a0264b5de8124c7cb52d75e99dd	97	110	11	12	13	1	0.13402061855670103	0.09090909090909091
9	length_balanced_09	2026100538	0.1	69	localentity:b50e885a27329923556ea367	localentity:6ea0c6e37fddf8fd506a9d36	aad5fd5d9cca3ddbf8a90253a4561980ca60771585f0e8b7ae621777c594907a	7341dff866fcad6c986ae9ab80a58d9627e36feb7e5dba6415fe8582414ab990	76	71	8	7	5	1	0.06578947368421052	0.125
9	length_balanced_09	2026100538	0.1	69	localentity:b74ff55a2dc32c1ea5811fca	localentity:a6ecf5ebe170b8f50a18418f	36afba0acdfc13e711109c074586876f9a4f15063ecb4075ece57f315eacaf4f	d942de671b2308a7ab59f39f18949c0f07f93b6768138c2720aacad06b3fbf8d	49	36	5	5	13	0	0.2653061224489796	0.0
9	length_balanced_09	2026100538	0.1	69	localentity:b8414499f9575213bc9951c5	localentity:aac1641eb6476d7d3274844b	5967f7b34279a307fce6ff054e26b2389341c16dc21d2ce884e098c9b8a46628	274898f8f29c4a0ca79574c52ea2b0d2fa0041429dc5414d0cce4c18bef56274	60	52	6	6	8	0	0.13333333333333333	0.0
9	length_balanced_09	2026100538	0.1	69	localentity:bffd6428b58a617fcc19a9b8	localentity:8bf1d242afa1e522b26081a6	1d8333f8fb7dcb825b9a1cd780cac90c433ce67e18341c63f77119b3cb86eba6	7341dff866fcad6c986ae9ab80a58d9627e36feb7e5dba6415fe8582414ab990	73	71	7	7	2	0	0.0273972602739726	0.0
9	length_balanced_09	2026100538	0.1	69	localentity:c1f58836c56bd545ab620fd4	localentity:ad9318e0877eeaae6a8bbcfd	90d984635d0cc6bb66a9539ed83153a79dd8b9ab8d5245ceaff2b02d5b2a9826	94100b5ed4a54caf7ceb9240fbf5fd03f3a48f3fae05ffdf6dd43e0d4a867adf	57	54	8	8	3	0	0.05263157894736842	0.0
9	length_balanced_09	2026100538	0.1	69	localentity:c74fdff99aead8264ce65d91	localentity:fcc22f2eac4763de5ab3b970	e87ba8e48fd8bc4d9a401ab5aa874c6f1f6dce49407760df2bc93c3417ab7ba7	011974d219bab421b78dfed01b30b647f142848b74956d1c3c6679b62f9ceb89	233	272	25	31	39	6	0.16738197424892703	0.24
9	length_balanced_09	2026100538	0.1	69	localentity:d23e1f8eaba7eba32c459796	localentity:6bfd4ac417754224d615e0fd	55f3cd643eb9cfc1d63969b6f8834701d8783371fccecedac65b7b005d370208	851d8b37b1bb22190bdf7f01230f17635dd14eb362ae05346a7e8271647ffb6c	63	68	8	8	5	0	0.07936507936507936	0.0
9	length_balanced_09	2026100538	0.1	69	localentity:d321ea3d68897e0102a9df19	localentity:8b6ebc5c05ad29d84c76f634	55f3cd643eb9cfc1d63969b6f8834701d8783371fccecedac65b7b005d370208	24130a414d9acc8b9e0212a9d40c7da3764d4cd6b31e33a1086a9d59ffaa6525	63	67	8	8	4	0	0.06349206349206349	0.0
9	length_balanced_09	2026100538	0.1	69	localentity:dc353cf1b082054fe3df3b93	localentity:587893b0464eb19053263023	00f2a54a074be251c2b6a807bf2a2bed61ee2a07a14fd06ad752ca2605e7d49a	1d8333f8fb7dcb825b9a1cd780cac90c433ce67e18341c63f77119b3cb86eba6	73	73	7	7	0	0	0.0	0.0
9	length_balanced_09	2026100538	0.1	69	localentity:ddcd67031137902587164378	localentity:dc353cf1b082054fe3df3b93	7341dff866fcad6c986ae9ab80a58d9627e36feb7e5dba6415fe8582414ab990	00f2a54a074be251c2b6a807bf2a2bed61ee2a07a14fd06ad752ca2605e7d49a	71	73	7	7	2	0	0.028169014084507043	0.0
9	length_balanced_09	2026100538	0.1	69	localentity:de0da30e013fa9b0ac4f3ed8	localentity:b4cfbd0ef230b997b022b207	cb6d0c7d700ff6c2f2beef588640dc100d673f712b49c5e87e7a6e5f26a49da4	b1c1241e17aca8ecd9ff64fa8a44e3cfa8b01e15ed834a54e2380c5ff0ef94bd	128	132	14	15	4	1	0.03125	0.07142857142857142
9	length_balanced_09	2026100538	0.1	69	localentity:e24cdf9c28a133f1f759182c	localentity:b50e885a27329923556ea367	7729d359e95bcc669735c6b140878e92b5a69a0c31d217cc3178754fc515af07	aad5fd5d9cca3ddbf8a90253a4561980ca60771585f0e8b7ae621777c594907a	71	76	9	8	5	1	0.07042253521126761	0.1111111111111111
9	length_balanced_09	2026100538	0.1	69	localentity:e5404f13bc1e889099bae606	localentity:a7edcf0395abe679c80950da	d58d2b6d4cfc44384af536672e0af7539b9dc919b0a6fc3d9e392258f4b1efec	e0a388cbaa922558e3f003bcafdff9e30d877ec0460ade601eacd926b751d8a2	369	691	39	78	322	39	0.8726287262872628	1.0
9	length_balanced_09	2026100538	0.1	69	localentity:e63625c4cedf6c47f2eb071c	localentity:7536111106ec557185a3073b	274898f8f29c4a0ca79574c52ea2b0d2fa0041429dc5414d0cce4c18bef56274	6a381588b792d00e10645c33e2b246c2e8dbdbaf80400df2172c5e1674f28860	52	50	6	6	2	0	0.038461538461538464	0.0
9	length_balanced_09	2026100538	0.1	69	localentity:eb7bac7a626cb929ed6d43aa	localentity:792c35007fd6b835fd4d16c4	35ded772a20b7fbb3c620927a1460f61856d06d496d88ea19d6c36c0188b0899	d72295968fc84ec82aa3ab17c7cef3a38ed13483e6b557f6cf646e28957ba38a	101	99	11	13	2	2	0.019801980198019802	0.18181818181818182
9	length_balanced_09	2026100538	0.1	69	localentity:ec908be7a236c726e270b643	localentity:960ef9ebe8b264bf1051ee8c	2f9dbc62c95bb68953a92d1e80f5f3f2e9e6fd873e180e77c5cfa8f9817f2ad1	1a0a0eba4cf56d9491264d3df1549007d1f533b72f592c1dd5aef6e6132f66d5	213	187	20	23	26	3	0.12206572769953052	0.15
9	length_balanced_09	2026100538	0.1	69	localentity:fcc22f2eac4763de5ab3b970	localentity:c74fdff99aead8264ce65d91	011974d219bab421b78dfed01b30b647f142848b74956d1c3c6679b62f9ceb89	e87ba8e48fd8bc4d9a401ab5aa874c6f1f6dce49407760df2bc93c3417ab7ba7	272	233	31	25	39	6	0.14338235294117646	0.1935483870967742
9	length_balanced_09	2026100538	0.1	69	localentity:fdb3569df605118d8a98eb43	localentity:5bf84d38d462be69ef4627e7	d942de671b2308a7ab59f39f18949c0f07f93b6768138c2720aacad06b3fbf8d	274898f8f29c4a0ca79574c52ea2b0d2fa0041429dc5414d0cce4c18bef56274	36	52	5	6	16	1	0.4444444444444444	0.2
10	length_balanced_10	2026100530	0.2	25	localentity:028d462217cb771c4875d196	localentity:aac1641eb6476d7d3274844b	d942de671b2308a7ab59f39f18949c0f07f93b6768138c2720aacad06b3fbf8d	274898f8f29c4a0ca79574c52ea2b0d2fa0041429dc5414d0cce4c18bef56274	36	52	5	6	16	1	0.4444444444444444	0.2
10	length_balanced_10	2026100530	0.2	25	localentity:07aa24afd39f643b44d67ee7	localentity:7ded944e56e6a89265bc4eae	b6efa4d5ac11967babed26627536e32c9a19d562d5fa150f056f7744217939c6	274898f8f29c4a0ca79574c52ea2b0d2fa0041429dc5414d0cce4c18bef56274	55	52	6	6	3	0	0.05454545454545454	0.0
10	length_balanced_10	2026100530	0.2	25	localentity:1e21c490ec65c6aa8f1d84b7	localentity:5ce728e1957de53bf9e827ff	04fbfd8af617351d4fe1d73b91d535ac0aa620a8b2567da12b8bdfed27807444	53f9602d11058cd80e3f37ca3ae833affc28eacb99cf2f92726ca27666b1ddd6	68	61	7	7	7	0	0.10294117647058823	0.0
10	length_balanced_10	2026100530	0.2	25	localentity:272e9169628f3a6ba7420d76	localentity:c1f58836c56bd545ab620fd4	93d04f2aa026899ac953748e356c886a68c42013012ba6f6eca775c25cae4a01	90d984635d0cc6bb66a9539ed83153a79dd8b9ab8d5245ceaff2b02d5b2a9826	48	57	9	8	9	1	0.1875	0.1111111111111111
10	length_balanced_10	2026100530	0.2	25	localentity:2b1b3658c6caa3941ee28882	localentity:e63625c4cedf6c47f2eb071c	d942de671b2308a7ab59f39f18949c0f07f93b6768138c2720aacad06b3fbf8d	274898f8f29c4a0ca79574c52ea2b0d2fa0041429dc5414d0cce4c18bef56274	36	52	5	6	16	1	0.4444444444444444	0.2
10	length_balanced_10	2026100530	0.2	25	localentity:2e169a0857dc1d4f0315b724	localentity:36b6809cd394b93106bc4aaf	c80c4516676027fbb57a05c76f9efbebd7221038647165221af116aa69d65afb	2f633ad1cb4e3029dacc27a126a04e57fc0fe03da3b8baf559db189b0dd7f1cb	83	85	10	11	2	1	0.024096385542168676	0.1
10	length_balanced_10	2026100530	0.2	25	localentity:3310497069b0015d6d6866dc	localentity:782fc52de3b3df027712c4dc	81288f4bbd9799f7de93789ca60759f6382eb12b1942b0395d10fda06005e4d6	a40fd3def1140ad1bba96fe4389be43be9b052881fae50983fd2a798f43aa022	171	153	20	17	18	3	0.10526315789473684	0.15
10	length_balanced_10	2026100530	0.2	25	localentity:36b6809cd394b93106bc4aaf	localentity:2e169a0857dc1d4f0315b724	2f633ad1cb4e3029dacc27a126a04e57fc0fe03da3b8baf559db189b0dd7f1cb	c80c4516676027fbb57a05c76f9efbebd7221038647165221af116aa69d65afb	85	83	11	10	2	1	0.023529411764705882	0.09090909090909091
10	length_balanced_10	2026100530	0.2	25	localentity:40b4083f36b311a7ee5ae78e	localentity:9e736491b40ad49317383122	59a0c61d78b8bf664c061fca507c003c8899e0328136e92de65b0f461cbcb040	612987ee6997aed8fa39c1a8322093b5e85bad732a7b3d74ead7dbeb7c3956a2	133	148	13	15	15	2	0.11278195488721804	0.15384615384615385
10	length_balanced_10	2026100530	0.2	25	localentity:454114ced8f67b52dae3185e	localentity:792c35007fd6b835fd4d16c4	35ded772a20b7fbb3c620927a1460f61856d06d496d88ea19d6c36c0188b0899	d72295968fc84ec82aa3ab17c7cef3a38ed13483e6b557f6cf646e28957ba38a	101	99	11	13	2	2	0.019801980198019802	0.18181818181818182
10	length_balanced_10	2026100530	0.2	25	localentity:462e44494ff027730349f96b	localentity:5a14856655c54b0826e246b9	1d8333f8fb7dcb825b9a1cd780cac90c433ce67e18341c63f77119b3cb86eba6	5b3ca63f99a0ccbc2a14f63444f3c7ae71f39a43b1e7f1203bb072723970b2ce	73	69	7	7	4	0	0.0547945205479452	0.0
10	length_balanced_10	2026100530	0.2	25	localentity:50e3f15b00a2b0d9880bb228	localentity:3310497069b0015d6d6866dc	63ac7e4ab709c319d833c06d289a7fd7af9d840d58f651410e402e8d7842553c	81288f4bbd9799f7de93789ca60759f6382eb12b1942b0395d10fda06005e4d6	174	171	18	20	3	2	0.017241379310344827	0.1111111111111111
10	length_balanced_10	2026100530	0.2	25	localentity:587893b0464eb19053263023	localentity:6ea0c6e37fddf8fd506a9d36	1d8333f8fb7dcb825b9a1cd780cac90c433ce67e18341c63f77119b3cb86eba6	7341dff866fcad6c986ae9ab80a58d9627e36feb7e5dba6415fe8582414ab990	73	71	7	7	2	0	0.0273972602739726	0.0
10	length_balanced_10	2026100530	0.2	25	localentity:5a14856655c54b0826e246b9	localentity:462e44494ff027730349f96b	5b3ca63f99a0ccbc2a14f63444f3c7ae71f39a43b1e7f1203bb072723970b2ce	1d8333f8fb7dcb825b9a1cd780cac90c433ce67e18341c63f77119b3cb86eba6	69	73	7	7	4	0	0.057971014492753624	0.0
10	length_balanced_10	2026100530	0.2	25	localentity:5bf84d38d462be69ef4627e7	localentity:028d462217cb771c4875d196	274898f8f29c4a0ca79574c52ea2b0d2fa0041429dc5414d0cce4c18bef56274	d942de671b2308a7ab59f39f18949c0f07f93b6768138c2720aacad06b3fbf8d	52	36	6	5	16	1	0.3076923076923077	0.16666666666666666
10	length_balanced_10	2026100530	0.2	25	localentity:5ce728e1957de53bf9e827ff	localentity:8bf1d242afa1e522b26081a6	53f9602d11058cd80e3f37ca3ae833affc28eacb99cf2f92726ca27666b1ddd6	7341dff866fcad6c986ae9ab80a58d9627e36feb7e5dba6415fe8582414ab990	61	71	7	7	10	0	0.16393442622950818	0.0
10	length_balanced_10	2026100530	0.2	25	localentity:6286353b35f2d03c954476a4	localentity:fdb3569df605118d8a98eb43	1a27139960ee752b6a8f6231ccd228040c70faf034a073556d99fd78d32c12cd	d942de671b2308a7ab59f39f18949c0f07f93b6768138c2720aacad06b3fbf8d	45	36	6	5	9	1	0.2	0.16666666666666666
10	length_balanced_10	2026100530	0.2	25	localentity:6bfd4ac417754224d615e0fd	localentity:d23e1f8eaba7eba32c459796	851d8b37b1bb22190bdf7f01230f17635dd14eb362ae05346a7e8271647ffb6c	55f3cd643eb9cfc1d63969b6f8834701d8783371fccecedac65b7b005d370208	68	63	8	8	5	0	0.07352941176470588	0.0
10	length_balanced_10	2026100530	0.2	25	localentity:6cfed425bbe09fd2228dcdec	localentity:960ef9ebe8b264bf1051ee8c	ed0bb509307fea9c1b833c0d7e3e5313c42cfd669c9d19d24ccd9b810b63aa76	1a0a0eba4cf56d9491264d3df1549007d1f533b72f592c1dd5aef6e6132f66d5	177	187	19	23	10	4	0.05649717514124294	0.21052631578947367
10	length_balanced_10	2026100530	0.2	25	localentity:6ea0c6e37fddf8fd506a9d36	localentity:1e21c490ec65c6aa8f1d84b7	7341dff866fcad6c986ae9ab80a58d9627e36feb7e5dba6415fe8582414ab990	04fbfd8af617351d4fe1d73b91d535ac0aa620a8b2567da12b8bdfed27807444	71	68	7	7	3	0	0.04225352112676056	0.0
10	length_balanced_10	2026100530	0.2	25	localentity:7059ad6b26889a2a5fb6d28f	localentity:ec908be7a236c726e270b643	7b73e415b7f1ffcb51a675e9f9874718829e1b0b6e0f245c194826331a288fd7	2f9dbc62c95bb68953a92d1e80f5f3f2e9e6fd873e180e77c5cfa8f9817f2ad1	181	213	19	20	32	1	0.17679558011049723	0.05263157894736842
10	length_balanced_10	2026100530	0.2	25	localentity:7536111106ec557185a3073b	localentity:5bf84d38d462be69ef4627e7	6a381588b792d00e10645c33e2b246c2e8dbdbaf80400df2172c5e1674f28860	274898f8f29c4a0ca79574c52ea2b0d2fa0041429dc5414d0cce4c18bef56274	50	52	6	6	2	0	0.04	0.0
10	length_balanced_10	2026100530	0.2	25	localentity:782fc52de3b3df027712c4dc	localentity:50e3f15b00a2b0d9880bb228	a40fd3def1140ad1bba96fe4389be43be9b052881fae50983fd2a798f43aa022	63ac7e4ab709c319d833c06d289a7fd7af9d840d58f651410e402e8d7842553c	153	174	17	18	21	1	0.13725490196078433	0.058823529411764705
10	length_balanced_10	2026100530	0.2	25	localentity:792c35007fd6b835fd4d16c4	localentity:b18ef729b45b2c454ac8932c	d72295968fc84ec82aa3ab17c7cef3a38ed13483e6b557f6cf646e28957ba38a	8563557a9e62ba1e88d03fa5151ec3c4b6961a0264b5de8124c7cb52d75e99dd	99	110	13	12	11	1	0.1111111111111111	0.07692307692307693
10	length_balanced_10	2026100530	0.2	25	localentity:7ded944e56e6a89265bc4eae	localentity:7536111106ec557185a3073b	274898f8f29c4a0ca79574c52ea2b0d2fa0041429dc5414d0cce4c18bef56274	6a381588b792d00e10645c33e2b246c2e8dbdbaf80400df2172c5e1674f28860	52	50	6	6	2	0	0.038461538461538464	0.0
10	length_balanced_10	2026100530	0.2	25	localentity:8883362cb7bc384cdfb665b3	localentity:a7edcf0395abe679c80950da	cdc066e9f49b5c2fb8827c1f5709a1eb459a4fc63a5f435fad085dad1f35cfb3	e0a388cbaa922558e3f003bcafdff9e30d877ec0460ade601eacd926b751d8a2	379	691	41	78	312	37	0.8232189973614775	0.9024390243902439
10	length_balanced_10	2026100530	0.2	25	localentity:8b6ebc5c05ad29d84c76f634	localentity:e24cdf9c28a133f1f759182c	24130a414d9acc8b9e0212a9d40c7da3764d4cd6b31e33a1086a9d59ffaa6525	7729d359e95bcc669735c6b140878e92b5a69a0c31d217cc3178754fc515af07	67	71	8	9	4	1	0.05970149253731343	0.125
10	length_balanced_10	2026100530	0.2	25	localentity:8bf1d242afa1e522b26081a6	localentity:dc353cf1b082054fe3df3b93	7341dff866fcad6c986ae9ab80a58d9627e36feb7e5dba6415fe8582414ab990	00f2a54a074be251c2b6a807bf2a2bed61ee2a07a14fd06ad752ca2605e7d49a	71	73	7	7	2	0	0.028169014084507043	0.0
10	length_balanced_10	2026100530	0.2	25	localentity:960ef9ebe8b264bf1051ee8c	localentity:7059ad6b26889a2a5fb6d28f	1a0a0eba4cf56d9491264d3df1549007d1f533b72f592c1dd5aef6e6132f66d5	7b73e415b7f1ffcb51a675e9f9874718829e1b0b6e0f245c194826331a288fd7	187	181	23	19	6	4	0.03208556149732621	0.17391304347826086
10	length_balanced_10	2026100530	0.2	25	localentity:9e736491b40ad49317383122	localentity:b4cfbd0ef230b997b022b207	612987ee6997aed8fa39c1a8322093b5e85bad732a7b3d74ead7dbeb7c3956a2	b1c1241e17aca8ecd9ff64fa8a44e3cfa8b01e15ed834a54e2380c5ff0ef94bd	148	132	15	15	16	0	0.10810810810810811	0.0
10	length_balanced_10	2026100530	0.2	25	localentity:9ebaad993a34cb81c36093e5	localentity:b8414499f9575213bc9951c5	80a99ce643c3daa2647011f1e2918826823a9a9fe01849fb296533e8a4550208	5967f7b34279a307fce6ff054e26b2389341c16dc21d2ce884e098c9b8a46628	61	60	6	6	1	0	0.01639344262295082	0.0
10	length_balanced_10	2026100530	0.2	25	localentity:a6ecf5ebe170b8f50a18418f	localentity:6286353b35f2d03c954476a4	d942de671b2308a7ab59f39f18949c0f07f93b6768138c2720aacad06b3fbf8d	1a27139960ee752b6a8f6231ccd228040c70faf034a073556d99fd78d32c12cd	36	45	5	6	9	1	0.25	0.2
10	length_balanced_10	2026100530	0.2	25	localentity:a7edcf0395abe679c80950da	localentity:e5404f13bc1e889099bae606	e0a388cbaa922558e3f003bcafdff9e30d877ec0460ade601eacd926b751d8a2	d58d2b6d4cfc44384af536672e0af7539b9dc919b0a6fc3d9e392258f4b1efec	691	369	78	39	322	39	0.46599131693198265	0.5
10	length_balanced_10	2026100530	0.2	25	localentity:aac1641eb6476d7d3274844b	localentity:a6ecf5ebe170b8f50a18418f	274898f8f29c4a0ca79574c52ea2b0d2fa0041429dc5414d0cce4c18bef56274	d942de671b2308a7ab59f39f18949c0f07f93b6768138c2720aacad06b3fbf8d	52	36	6	5	16	1	0.3076923076923077	0.16666666666666666
10	length_balanced_10	2026100530	0.2	25	localentity:aae4d88d7dd87a6b9b170cac	localentity:40b4083f36b311a7ee5ae78e	8fae9830656ace746d823f9b6392200ed2dd591fbc50da14e550ffd94e51dfd1	59a0c61d78b8bf664c061fca507c003c8899e0328136e92de65b0f461cbcb040	125	133	11	13	8	2	0.064	0.18181818181818182
10	length_balanced_10	2026100530	0.2	25	localentity:ad9318e0877eeaae6a8bbcfd	localentity:272e9169628f3a6ba7420d76	94100b5ed4a54caf7ceb9240fbf5fd03f3a48f3fae05ffdf6dd43e0d4a867adf	93d04f2aa026899ac953748e356c886a68c42013012ba6f6eca775c25cae4a01	54	48	8	9	6	1	0.1111111111111111	0.125
10	length_balanced_10	2026100530	0.2	25	localentity:b18ef729b45b2c454ac8932c	localentity:454114ced8f67b52dae3185e	8563557a9e62ba1e88d03fa5151ec3c4b6961a0264b5de8124c7cb52d75e99dd	35ded772a20b7fbb3c620927a1460f61856d06d496d88ea19d6c36c0188b0899	110	101	12	11	9	1	0.08181818181818182	0.08333333333333333
10	length_balanced_10	2026100530	0.2	25	localentity:b4cfbd0ef230b997b022b207	localentity:de0da30e013fa9b0ac4f3ed8	b1c1241e17aca8ecd9ff64fa8a44e3cfa8b01e15ed834a54e2380c5ff0ef94bd	cb6d0c7d700ff6c2f2beef588640dc100d673f712b49c5e87e7a6e5f26a49da4	132	128	15	14	4	1	0.030303030303030304	0.06666666666666667
10	length_balanced_10	2026100530	0.2	25	localentity:b4e7d8261502f18b0a9cbc87	localentity:eb7bac7a626cb929ed6d43aa	4845617182a06160ee3c7a095ce9a95bb8464c3b734de30ef1dd961e5f09ec21	35ded772a20b7fbb3c620927a1460f61856d06d496d88ea19d6c36c0188b0899	97	101	11	11	4	0	0.041237113402061855	0.0
10	length_balanced_10	2026100530	0.2	25	localentity:b50e885a27329923556ea367	localentity:6bfd4ac417754224d615e0fd	aad5fd5d9cca3ddbf8a90253a4561980ca60771585f0e8b7ae621777c594907a	851d8b37b1bb22190bdf7f01230f17635dd14eb362ae05346a7e8271647ffb6c	76	68	8	8	8	0	0.10526315789473684	0.0
10	length_balanced_10	2026100530	0.2	25	localentity:b74ff55a2dc32c1ea5811fca	localentity:2b1b3658c6caa3941ee28882	36afba0acdfc13e711109c074586876f9a4f15063ecb4075ece57f315eacaf4f	d942de671b2308a7ab59f39f18949c0f07f93b6768138c2720aacad06b3fbf8d	49	36	5	5	13	0	0.2653061224489796	0.0
10	length_balanced_10	2026100530	0.2	25	localentity:b8414499f9575213bc9951c5	localentity:9ebaad993a34cb81c36093e5	5967f7b34279a307fce6ff054e26b2389341c16dc21d2ce884e098c9b8a46628	80a99ce643c3daa2647011f1e2918826823a9a9fe01849fb296533e8a4550208	60	61	6	6	1	0	0.016666666666666666	0.0
10	length_balanced_10	2026100530	0.2	25	localentity:bffd6428b58a617fcc19a9b8	localentity:ddcd67031137902587164378	1d8333f8fb7dcb825b9a1cd780cac90c433ce67e18341c63f77119b3cb86eba6	7341dff866fcad6c986ae9ab80a58d9627e36feb7e5dba6415fe8582414ab990	73	71	7	7	2	0	0.0273972602739726	0.0
10	length_balanced_10	2026100530	0.2	25	localentity:c1f58836c56bd545ab620fd4	localentity:d321ea3d68897e0102a9df19	90d984635d0cc6bb66a9539ed83153a79dd8b9ab8d5245ceaff2b02d5b2a9826	55f3cd643eb9cfc1d63969b6f8834701d8783371fccecedac65b7b005d370208	57	63	8	8	6	0	0.10526315789473684	0.0
10	length_balanced_10	2026100530	0.2	25	localentity:c74fdff99aead8264ce65d91	localentity:fcc22f2eac4763de5ab3b970	e87ba8e48fd8bc4d9a401ab5aa874c6f1f6dce49407760df2bc93c3417ab7ba7	011974d219bab421b78dfed01b30b647f142848b74956d1c3c6679b62f9ceb89	233	272	25	31	39	6	0.16738197424892703	0.24
10	length_balanced_10	2026100530	0.2	25	localentity:d23e1f8eaba7eba32c459796	localentity:ad9318e0877eeaae6a8bbcfd	55f3cd643eb9cfc1d63969b6f8834701d8783371fccecedac65b7b005d370208	94100b5ed4a54caf7ceb9240fbf5fd03f3a48f3fae05ffdf6dd43e0d4a867adf	63	54	8	8	9	0	0.14285714285714285	0.0
10	length_balanced_10	2026100530	0.2	25	localentity:d321ea3d68897e0102a9df19	localentity:8b6ebc5c05ad29d84c76f634	55f3cd643eb9cfc1d63969b6f8834701d8783371fccecedac65b7b005d370208	24130a414d9acc8b9e0212a9d40c7da3764d4cd6b31e33a1086a9d59ffaa6525	63	67	8	8	4	0	0.06349206349206349	0.0
10	length_balanced_10	2026100530	0.2	25	localentity:dc353cf1b082054fe3df3b93	localentity:587893b0464eb19053263023	00f2a54a074be251c2b6a807bf2a2bed61ee2a07a14fd06ad752ca2605e7d49a	1d8333f8fb7dcb825b9a1cd780cac90c433ce67e18341c63f77119b3cb86eba6	73	73	7	7	0	0	0.0	0.0
10	length_balanced_10	2026100530	0.2	25	localentity:ddcd67031137902587164378	localentity:bffd6428b58a617fcc19a9b8	7341dff866fcad6c986ae9ab80a58d9627e36feb7e5dba6415fe8582414ab990	1d8333f8fb7dcb825b9a1cd780cac90c433ce67e18341c63f77119b3cb86eba6	71	73	7	7	2	0	0.028169014084507043	0.0
10	length_balanced_10	2026100530	0.2	25	localentity:de0da30e013fa9b0ac4f3ed8	localentity:aae4d88d7dd87a6b9b170cac	cb6d0c7d700ff6c2f2beef588640dc100d673f712b49c5e87e7a6e5f26a49da4	8fae9830656ace746d823f9b6392200ed2dd591fbc50da14e550ffd94e51dfd1	128	125	14	11	3	3	0.0234375	0.21428571428571427
10	length_balanced_10	2026100530	0.2	25	localentity:e24cdf9c28a133f1f759182c	localentity:b50e885a27329923556ea367	7729d359e95bcc669735c6b140878e92b5a69a0c31d217cc3178754fc515af07	aad5fd5d9cca3ddbf8a90253a4561980ca60771585f0e8b7ae621777c594907a	71	76	9	8	5	1	0.07042253521126761	0.1111111111111111
10	length_balanced_10	2026100530	0.2	25	localentity:e5404f13bc1e889099bae606	localentity:8883362cb7bc384cdfb665b3	d58d2b6d4cfc44384af536672e0af7539b9dc919b0a6fc3d9e392258f4b1efec	cdc066e9f49b5c2fb8827c1f5709a1eb459a4fc63a5f435fad085dad1f35cfb3	369	379	39	41	10	2	0.02710027100271003	0.05128205128205128
10	length_balanced_10	2026100530	0.2	25	localentity:e63625c4cedf6c47f2eb071c	localentity:07aa24afd39f643b44d67ee7	274898f8f29c4a0ca79574c52ea2b0d2fa0041429dc5414d0cce4c18bef56274	b6efa4d5ac11967babed26627536e32c9a19d562d5fa150f056f7744217939c6	52	55	6	6	3	0	0.057692307692307696	0.0
10	length_balanced_10	2026100530	0.2	25	localentity:eb7bac7a626cb929ed6d43aa	localentity:b4e7d8261502f18b0a9cbc87	35ded772a20b7fbb3c620927a1460f61856d06d496d88ea19d6c36c0188b0899	4845617182a06160ee3c7a095ce9a95bb8464c3b734de30ef1dd961e5f09ec21	101	97	11	11	4	0	0.039603960396039604	0.0
10	length_balanced_10	2026100530	0.2	25	localentity:ec908be7a236c726e270b643	localentity:6cfed425bbe09fd2228dcdec	2f9dbc62c95bb68953a92d1e80f5f3f2e9e6fd873e180e77c5cfa8f9817f2ad1	ed0bb509307fea9c1b833c0d7e3e5313c42cfd669c9d19d24ccd9b810b63aa76	213	177	20	19	36	1	0.16901408450704225	0.05
10	length_balanced_10	2026100530	0.2	25	localentity:fcc22f2eac4763de5ab3b970	localentity:c74fdff99aead8264ce65d91	011974d219bab421b78dfed01b30b647f142848b74956d1c3c6679b62f9ceb89	e87ba8e48fd8bc4d9a401ab5aa874c6f1f6dce49407760df2bc93c3417ab7ba7	272	233	31	25	39	6	0.14338235294117646	0.1935483870967742
10	length_balanced_10	2026100530	0.2	25	localentity:fdb3569df605118d8a98eb43	localentity:b74ff55a2dc32c1ea5811fca	d942de671b2308a7ab59f39f18949c0f07f93b6768138c2720aacad06b3fbf8d	36afba0acdfc13e711109c074586876f9a4f15063ecb4075ece57f315eacaf4f	36	49	5	5	13	0	0.3611111111111111	0.0
11	length_balanced_11	2026100527	0.1	49	localentity:028d462217cb771c4875d196	localentity:b74ff55a2dc32c1ea5811fca	d942de671b2308a7ab59f39f18949c0f07f93b6768138c2720aacad06b3fbf8d	36afba0acdfc13e711109c074586876f9a4f15063ecb4075ece57f315eacaf4f	36	49	5	5	13	0	0.3611111111111111	0.0
11	length_balanced_11	2026100527	0.1	49	localentity:07aa24afd39f643b44d67ee7	localentity:e63625c4cedf6c47f2eb071c	b6efa4d5ac11967babed26627536e32c9a19d562d5fa150f056f7744217939c6	274898f8f29c4a0ca79574c52ea2b0d2fa0041429dc5414d0cce4c18bef56274	55	52	6	6	3	0	0.05454545454545454	0.0
11	length_balanced_11	2026100527	0.1	49	localentity:1e21c490ec65c6aa8f1d84b7	localentity:8bf1d242afa1e522b26081a6	04fbfd8af617351d4fe1d73b91d535ac0aa620a8b2567da12b8bdfed27807444	7341dff866fcad6c986ae9ab80a58d9627e36feb7e5dba6415fe8582414ab990	68	71	7	7	3	0	0.04411764705882353	0.0
11	length_balanced_11	2026100527	0.1	49	localentity:272e9169628f3a6ba7420d76	localentity:ad9318e0877eeaae6a8bbcfd	93d04f2aa026899ac953748e356c886a68c42013012ba6f6eca775c25cae4a01	94100b5ed4a54caf7ceb9240fbf5fd03f3a48f3fae05ffdf6dd43e0d4a867adf	48	54	9	8	6	1	0.125	0.1111111111111111
11	length_balanced_11	2026100527	0.1	49	localentity:2b1b3658c6caa3941ee28882	localentity:5bf84d38d462be69ef4627e7	d942de671b2308a7ab59f39f18949c0f07f93b6768138c2720aacad06b3fbf8d	274898f8f29c4a0ca79574c52ea2b0d2fa0041429dc5414d0cce4c18bef56274	36	52	5	6	16	1	0.4444444444444444	0.2
11	length_balanced_11	2026100527	0.1	49	localentity:2e169a0857dc1d4f0315b724	localentity:e24cdf9c28a133f1f759182c	c80c4516676027fbb57a05c76f9efbebd7221038647165221af116aa69d65afb	7729d359e95bcc669735c6b140878e92b5a69a0c31d217cc3178754fc515af07	83	71	10	9	12	1	0.14457831325301204	0.1
11	length_balanced_11	2026100527	0.1	49	localentity:3310497069b0015d6d6866dc	localentity:50e3f15b00a2b0d9880bb228	81288f4bbd9799f7de93789ca60759f6382eb12b1942b0395d10fda06005e4d6	63ac7e4ab709c319d833c06d289a7fd7af9d840d58f651410e402e8d7842553c	171	174	20	18	3	2	0.017543859649122806	0.1
11	length_balanced_11	2026100527	0.1	49	localentity:36b6809cd394b93106bc4aaf	localentity:b4e7d8261502f18b0a9cbc87	2f633ad1cb4e3029dacc27a126a04e57fc0fe03da3b8baf559db189b0dd7f1cb	4845617182a06160ee3c7a095ce9a95bb8464c3b734de30ef1dd961e5f09ec21	85	97	11	11	12	0	0.1411764705882353	0.0
11	length_balanced_11	2026100527	0.1	49	localentity:40b4083f36b311a7ee5ae78e	localentity:b4cfbd0ef230b997b022b207	59a0c61d78b8bf664c061fca507c003c8899e0328136e92de65b0f461cbcb040	b1c1241e17aca8ecd9ff64fa8a44e3cfa8b01e15ed834a54e2380c5ff0ef94bd	133	132	13	15	1	2	0.007518796992481203	0.15384615384615385
11	length_balanced_11	2026100527	0.1	49	localentity:454114ced8f67b52dae3185e	localentity:aae4d88d7dd87a6b9b170cac	35ded772a20b7fbb3c620927a1460f61856d06d496d88ea19d6c36c0188b0899	8fae9830656ace746d823f9b6392200ed2dd591fbc50da14e550ffd94e51dfd1	101	125	11	11	24	0	0.2376237623762376	0.0
11	length_balanced_11	2026100527	0.1	49	localentity:462e44494ff027730349f96b	localentity:5a14856655c54b0826e246b9	1d8333f8fb7dcb825b9a1cd780cac90c433ce67e18341c63f77119b3cb86eba6	5b3ca63f99a0ccbc2a14f63444f3c7ae71f39a43b1e7f1203bb072723970b2ce	73	69	7	7	4	0	0.0547945205479452	0.0
11	length_balanced_11	2026100527	0.1	49	localentity:50e3f15b00a2b0d9880bb228	localentity:7059ad6b26889a2a5fb6d28f	63ac7e4ab709c319d833c06d289a7fd7af9d840d58f651410e402e8d7842553c	7b73e415b7f1ffcb51a675e9f9874718829e1b0b6e0f245c194826331a288fd7	174	181	18	19	7	1	0.040229885057471264	0.05555555555555555
11	length_balanced_11	2026100527	0.1	49	localentity:587893b0464eb19053263023	localentity:ddcd67031137902587164378	1d8333f8fb7dcb825b9a1cd780cac90c433ce67e18341c63f77119b3cb86eba6	7341dff866fcad6c986ae9ab80a58d9627e36feb7e5dba6415fe8582414ab990	73	71	7	7	2	0	0.0273972602739726	0.0
11	length_balanced_11	2026100527	0.1	49	localentity:5a14856655c54b0826e246b9	localentity:587893b0464eb19053263023	5b3ca63f99a0ccbc2a14f63444f3c7ae71f39a43b1e7f1203bb072723970b2ce	1d8333f8fb7dcb825b9a1cd780cac90c433ce67e18341c63f77119b3cb86eba6	69	73	7	7	4	0	0.057971014492753624	0.0
11	length_balanced_11	2026100527	0.1	49	localentity:5bf84d38d462be69ef4627e7	localentity:b8414499f9575213bc9951c5	274898f8f29c4a0ca79574c52ea2b0d2fa0041429dc5414d0cce4c18bef56274	5967f7b34279a307fce6ff054e26b2389341c16dc21d2ce884e098c9b8a46628	52	60	6	6	8	0	0.15384615384615385	0.0
11	length_balanced_11	2026100527	0.1	49	localentity:5ce728e1957de53bf9e827ff	localentity:d321ea3d68897e0102a9df19	53f9602d11058cd80e3f37ca3ae833affc28eacb99cf2f92726ca27666b1ddd6	55f3cd643eb9cfc1d63969b6f8834701d8783371fccecedac65b7b005d370208	61	63	7	8	2	1	0.03278688524590164	0.14285714285714285
11	length_balanced_11	2026100527	0.1	49	localentity:6286353b35f2d03c954476a4	localentity:028d462217cb771c4875d196	1a27139960ee752b6a8f6231ccd228040c70faf034a073556d99fd78d32c12cd	d942de671b2308a7ab59f39f18949c0f07f93b6768138c2720aacad06b3fbf8d	45	36	6	5	9	1	0.2	0.16666666666666666
11	length_balanced_11	2026100527	0.1	49	localentity:6bfd4ac417754224d615e0fd	localentity:d23e1f8eaba7eba32c459796	851d8b37b1bb22190bdf7f01230f17635dd14eb362ae05346a7e8271647ffb6c	55f3cd643eb9cfc1d63969b6f8834701d8783371fccecedac65b7b005d370208	68	63	8	8	5	0	0.07352941176470588	0.0
11	length_balanced_11	2026100527	0.1	49	localentity:6cfed425bbe09fd2228dcdec	localentity:3310497069b0015d6d6866dc	ed0bb509307fea9c1b833c0d7e3e5313c42cfd669c9d19d24ccd9b810b63aa76	81288f4bbd9799f7de93789ca60759f6382eb12b1942b0395d10fda06005e4d6	177	171	19	20	6	1	0.03389830508474576	0.05263157894736842
11	length_balanced_11	2026100527	0.1	49	localentity:6ea0c6e37fddf8fd506a9d36	localentity:1e21c490ec65c6aa8f1d84b7	7341dff866fcad6c986ae9ab80a58d9627e36feb7e5dba6415fe8582414ab990	04fbfd8af617351d4fe1d73b91d535ac0aa620a8b2567da12b8bdfed27807444	71	68	7	7	3	0	0.04225352112676056	0.0
11	length_balanced_11	2026100527	0.1	49	localentity:7059ad6b26889a2a5fb6d28f	localentity:6cfed425bbe09fd2228dcdec	7b73e415b7f1ffcb51a675e9f9874718829e1b0b6e0f245c194826331a288fd7	ed0bb509307fea9c1b833c0d7e3e5313c42cfd669c9d19d24ccd9b810b63aa76	181	177	19	19	4	0	0.022099447513812154	0.0
11	length_balanced_11	2026100527	0.1	49	localentity:7536111106ec557185a3073b	localentity:aac1641eb6476d7d3274844b	6a381588b792d00e10645c33e2b246c2e8dbdbaf80400df2172c5e1674f28860	274898f8f29c4a0ca79574c52ea2b0d2fa0041429dc5414d0cce4c18bef56274	50	52	6	6	2	0	0.04	0.0
11	length_balanced_11	2026100527	0.1	49	localentity:782fc52de3b3df027712c4dc	localentity:9e736491b40ad49317383122	a40fd3def1140ad1bba96fe4389be43be9b052881fae50983fd2a798f43aa022	612987ee6997aed8fa39c1a8322093b5e85bad732a7b3d74ead7dbeb7c3956a2	153	148	17	15	5	2	0.032679738562091505	0.11764705882352941
11	length_balanced_11	2026100527	0.1	49	localentity:792c35007fd6b835fd4d16c4	localentity:eb7bac7a626cb929ed6d43aa	d72295968fc84ec82aa3ab17c7cef3a38ed13483e6b557f6cf646e28957ba38a	35ded772a20b7fbb3c620927a1460f61856d06d496d88ea19d6c36c0188b0899	99	101	13	11	2	2	0.020202020202020204	0.15384615384615385
11	length_balanced_11	2026100527	0.1	49	localentity:7ded944e56e6a89265bc4eae	localentity:a6ecf5ebe170b8f50a18418f	274898f8f29c4a0ca79574c52ea2b0d2fa0041429dc5414d0cce4c18bef56274	d942de671b2308a7ab59f39f18949c0f07f93b6768138c2720aacad06b3fbf8d	52	36	6	5	16	1	0.3076923076923077	0.16666666666666666
11	length_balanced_11	2026100527	0.1	49	localentity:8883362cb7bc384cdfb665b3	localentity:e5404f13bc1e889099bae606	cdc066e9f49b5c2fb8827c1f5709a1eb459a4fc63a5f435fad085dad1f35cfb3	d58d2b6d4cfc44384af536672e0af7539b9dc919b0a6fc3d9e392258f4b1efec	379	369	41	39	10	2	0.026385224274406333	0.04878048780487805
11	length_balanced_11	2026100527	0.1	49	localentity:8b6ebc5c05ad29d84c76f634	localentity:b50e885a27329923556ea367	24130a414d9acc8b9e0212a9d40c7da3764d4cd6b31e33a1086a9d59ffaa6525	aad5fd5d9cca3ddbf8a90253a4561980ca60771585f0e8b7ae621777c594907a	67	76	8	8	9	0	0.13432835820895522	0.0
11	length_balanced_11	2026100527	0.1	49	localentity:8bf1d242afa1e522b26081a6	localentity:bffd6428b58a617fcc19a9b8	7341dff866fcad6c986ae9ab80a58d9627e36feb7e5dba6415fe8582414ab990	1d8333f8fb7dcb825b9a1cd780cac90c433ce67e18341c63f77119b3cb86eba6	71	73	7	7	2	0	0.028169014084507043	0.0
11	length_balanced_11	2026100527	0.1	49	localentity:960ef9ebe8b264bf1051ee8c	localentity:ec908be7a236c726e270b643	1a0a0eba4cf56d9491264d3df1549007d1f533b72f592c1dd5aef6e6132f66d5	2f9dbc62c95bb68953a92d1e80f5f3f2e9e6fd873e180e77c5cfa8f9817f2ad1	187	213	23	20	26	3	0.13903743315508021	0.13043478260869565
11	length_balanced_11	2026100527	0.1	49	localentity:9e736491b40ad49317383122	localentity:782fc52de3b3df027712c4dc	612987ee6997aed8fa39c1a8322093b5e85bad732a7b3d74ead7dbeb7c3956a2	a40fd3def1140ad1bba96fe4389be43be9b052881fae50983fd2a798f43aa022	148	153	15	17	5	2	0.033783783783783786	0.13333333333333333
11	length_balanced_11	2026100527	0.1	49	localentity:9ebaad993a34cb81c36093e5	localentity:07aa24afd39f643b44d67ee7	80a99ce643c3daa2647011f1e2918826823a9a9fe01849fb296533e8a4550208	b6efa4d5ac11967babed26627536e32c9a19d562d5fa150f056f7744217939c6	61	55	6	6	6	0	0.09836065573770492	0.0
11	length_balanced_11	2026100527	0.1	49	localentity:a6ecf5ebe170b8f50a18418f	localentity:7536111106ec557185a3073b	d942de671b2308a7ab59f39f18949c0f07f93b6768138c2720aacad06b3fbf8d	6a381588b792d00e10645c33e2b246c2e8dbdbaf80400df2172c5e1674f28860	36	50	5	6	14	1	0.3888888888888889	0.2
11	length_balanced_11	2026100527	0.1	49	localentity:a7edcf0395abe679c80950da	localentity:8883362cb7bc384cdfb665b3	e0a388cbaa922558e3f003bcafdff9e30d877ec0460ade601eacd926b751d8a2	cdc066e9f49b5c2fb8827c1f5709a1eb459a4fc63a5f435fad085dad1f35cfb3	691	379	78	41	312	37	0.4515195369030391	0.47435897435897434
11	length_balanced_11	2026100527	0.1	49	localentity:aac1641eb6476d7d3274844b	localentity:fdb3569df605118d8a98eb43	274898f8f29c4a0ca79574c52ea2b0d2fa0041429dc5414d0cce4c18bef56274	d942de671b2308a7ab59f39f18949c0f07f93b6768138c2720aacad06b3fbf8d	52	36	6	5	16	1	0.3076923076923077	0.16666666666666666
11	length_balanced_11	2026100527	0.1	49	localentity:aae4d88d7dd87a6b9b170cac	localentity:454114ced8f67b52dae3185e	8fae9830656ace746d823f9b6392200ed2dd591fbc50da14e550ffd94e51dfd1	35ded772a20b7fbb3c620927a1460f61856d06d496d88ea19d6c36c0188b0899	125	101	11	11	24	0	0.192	0.0
11	length_balanced_11	2026100527	0.1	49	localentity:ad9318e0877eeaae6a8bbcfd	localentity:c1f58836c56bd545ab620fd4	94100b5ed4a54caf7ceb9240fbf5fd03f3a48f3fae05ffdf6dd43e0d4a867adf	90d984635d0cc6bb66a9539ed83153a79dd8b9ab8d5245ceaff2b02d5b2a9826	54	57	8	8	3	0	0.05555555555555555	0.0
11	length_balanced_11	2026100527	0.1	49	localentity:b18ef729b45b2c454ac8932c	localentity:792c35007fd6b835fd4d16c4	8563557a9e62ba1e88d03fa5151ec3c4b6961a0264b5de8124c7cb52d75e99dd	d72295968fc84ec82aa3ab17c7cef3a38ed13483e6b557f6cf646e28957ba38a	110	99	12	13	11	1	0.1	0.08333333333333333
11	length_balanced_11	2026100527	0.1	49	localentity:b4cfbd0ef230b997b022b207	localentity:de0da30e013fa9b0ac4f3ed8	b1c1241e17aca8ecd9ff64fa8a44e3cfa8b01e15ed834a54e2380c5ff0ef94bd	cb6d0c7d700ff6c2f2beef588640dc100d673f712b49c5e87e7a6e5f26a49da4	132	128	15	14	4	1	0.030303030303030304	0.06666666666666667
11	length_balanced_11	2026100527	0.1	49	localentity:b4e7d8261502f18b0a9cbc87	localentity:36b6809cd394b93106bc4aaf	4845617182a06160ee3c7a095ce9a95bb8464c3b734de30ef1dd961e5f09ec21	2f633ad1cb4e3029dacc27a126a04e57fc0fe03da3b8baf559db189b0dd7f1cb	97	85	11	11	12	0	0.12371134020618557	0.0
11	length_balanced_11	2026100527	0.1	49	localentity:b50e885a27329923556ea367	localentity:8b6ebc5c05ad29d84c76f634	aad5fd5d9cca3ddbf8a90253a4561980ca60771585f0e8b7ae621777c594907a	24130a414d9acc8b9e0212a9d40c7da3764d4cd6b31e33a1086a9d59ffaa6525	76	67	8	8	9	0	0.11842105263157894	0.0
11	length_balanced_11	2026100527	0.1	49	localentity:b74ff55a2dc32c1ea5811fca	localentity:2b1b3658c6caa3941ee28882	36afba0acdfc13e711109c074586876f9a4f15063ecb4075ece57f315eacaf4f	d942de671b2308a7ab59f39f18949c0f07f93b6768138c2720aacad06b3fbf8d	49	36	5	5	13	0	0.2653061224489796	0.0
11	length_balanced_11	2026100527	0.1	49	localentity:b8414499f9575213bc9951c5	localentity:7ded944e56e6a89265bc4eae	5967f7b34279a307fce6ff054e26b2389341c16dc21d2ce884e098c9b8a46628	274898f8f29c4a0ca79574c52ea2b0d2fa0041429dc5414d0cce4c18bef56274	60	52	6	6	8	0	0.13333333333333333	0.0
11	length_balanced_11	2026100527	0.1	49	localentity:bffd6428b58a617fcc19a9b8	localentity:dc353cf1b082054fe3df3b93	1d8333f8fb7dcb825b9a1cd780cac90c433ce67e18341c63f77119b3cb86eba6	00f2a54a074be251c2b6a807bf2a2bed61ee2a07a14fd06ad752ca2605e7d49a	73	73	7	7	0	0	0.0	0.0
11	length_balanced_11	2026100527	0.1	49	localentity:c1f58836c56bd545ab620fd4	localentity:272e9169628f3a6ba7420d76	90d984635d0cc6bb66a9539ed83153a79dd8b9ab8d5245ceaff2b02d5b2a9826	93d04f2aa026899ac953748e356c886a68c42013012ba6f6eca775c25cae4a01	57	48	8	9	9	1	0.15789473684210525	0.125
11	length_balanced_11	2026100527	0.1	49	localentity:c74fdff99aead8264ce65d91	localentity:fcc22f2eac4763de5ab3b970	e87ba8e48fd8bc4d9a401ab5aa874c6f1f6dce49407760df2bc93c3417ab7ba7	011974d219bab421b78dfed01b30b647f142848b74956d1c3c6679b62f9ceb89	233	272	25	31	39	6	0.16738197424892703	0.24
11	length_balanced_11	2026100527	0.1	49	localentity:d23e1f8eaba7eba32c459796	localentity:5ce728e1957de53bf9e827ff	55f3cd643eb9cfc1d63969b6f8834701d8783371fccecedac65b7b005d370208	53f9602d11058cd80e3f37ca3ae833affc28eacb99cf2f92726ca27666b1ddd6	63	61	8	7	2	1	0.031746031746031744	0.125
11	length_balanced_11	2026100527	0.1	49	localentity:d321ea3d68897e0102a9df19	localentity:6bfd4ac417754224d615e0fd	55f3cd643eb9cfc1d63969b6f8834701d8783371fccecedac65b7b005d370208	851d8b37b1bb22190bdf7f01230f17635dd14eb362ae05346a7e8271647ffb6c	63	68	8	8	5	0	0.07936507936507936	0.0
11	length_balanced_11	2026100527	0.1	49	localentity:dc353cf1b082054fe3df3b93	localentity:6ea0c6e37fddf8fd506a9d36	00f2a54a074be251c2b6a807bf2a2bed61ee2a07a14fd06ad752ca2605e7d49a	7341dff866fcad6c986ae9ab80a58d9627e36feb7e5dba6415fe8582414ab990	73	71	7	7	2	0	0.0273972602739726	0.0
11	length_balanced_11	2026100527	0.1	49	localentity:ddcd67031137902587164378	localentity:462e44494ff027730349f96b	7341dff866fcad6c986ae9ab80a58d9627e36feb7e5dba6415fe8582414ab990	1d8333f8fb7dcb825b9a1cd780cac90c433ce67e18341c63f77119b3cb86eba6	71	73	7	7	2	0	0.028169014084507043	0.0
11	length_balanced_11	2026100527	0.1	49	localentity:de0da30e013fa9b0ac4f3ed8	localentity:40b4083f36b311a7ee5ae78e	cb6d0c7d700ff6c2f2beef588640dc100d673f712b49c5e87e7a6e5f26a49da4	59a0c61d78b8bf664c061fca507c003c8899e0328136e92de65b0f461cbcb040	128	133	14	13	5	1	0.0390625	0.07142857142857142
11	length_balanced_11	2026100527	0.1	49	localentity:e24cdf9c28a133f1f759182c	localentity:2e169a0857dc1d4f0315b724	7729d359e95bcc669735c6b140878e92b5a69a0c31d217cc3178754fc515af07	c80c4516676027fbb57a05c76f9efbebd7221038647165221af116aa69d65afb	71	83	9	10	12	1	0.16901408450704225	0.1111111111111111
11	length_balanced_11	2026100527	0.1	49	localentity:e5404f13bc1e889099bae606	localentity:a7edcf0395abe679c80950da	d58d2b6d4cfc44384af536672e0af7539b9dc919b0a6fc3d9e392258f4b1efec	e0a388cbaa922558e3f003bcafdff9e30d877ec0460ade601eacd926b751d8a2	369	691	39	78	322	39	0.8726287262872628	1.0
11	length_balanced_11	2026100527	0.1	49	localentity:e63625c4cedf6c47f2eb071c	localentity:9ebaad993a34cb81c36093e5	274898f8f29c4a0ca79574c52ea2b0d2fa0041429dc5414d0cce4c18bef56274	80a99ce643c3daa2647011f1e2918826823a9a9fe01849fb296533e8a4550208	52	61	6	6	9	0	0.17307692307692307	0.0
11	length_balanced_11	2026100527	0.1	49	localentity:eb7bac7a626cb929ed6d43aa	localentity:b18ef729b45b2c454ac8932c	35ded772a20b7fbb3c620927a1460f61856d06d496d88ea19d6c36c0188b0899	8563557a9e62ba1e88d03fa5151ec3c4b6961a0264b5de8124c7cb52d75e99dd	101	110	11	12	9	1	0.0891089108910891	0.09090909090909091
11	length_balanced_11	2026100527	0.1	49	localentity:ec908be7a236c726e270b643	localentity:960ef9ebe8b264bf1051ee8c	2f9dbc62c95bb68953a92d1e80f5f3f2e9e6fd873e180e77c5cfa8f9817f2ad1	1a0a0eba4cf56d9491264d3df1549007d1f533b72f592c1dd5aef6e6132f66d5	213	187	20	23	26	3	0.12206572769953052	0.15
11	length_balanced_11	2026100527	0.1	49	localentity:fcc22f2eac4763de5ab3b970	localentity:c74fdff99aead8264ce65d91	011974d219bab421b78dfed01b30b647f142848b74956d1c3c6679b62f9ceb89	e87ba8e48fd8bc4d9a401ab5aa874c6f1f6dce49407760df2bc93c3417ab7ba7	272	233	31	25	39	6	0.14338235294117646	0.1935483870967742
11	length_balanced_11	2026100527	0.1	49	localentity:fdb3569df605118d8a98eb43	localentity:6286353b35f2d03c954476a4	d942de671b2308a7ab59f39f18949c0f07f93b6768138c2720aacad06b3fbf8d	1a27139960ee752b6a8f6231ccd228040c70faf034a073556d99fd78d32c12cd	36	45	5	6	9	1	0.25	0.2
12	length_balanced_12	2026100528	0.1	38	localentity:028d462217cb771c4875d196	localentity:6286353b35f2d03c954476a4	d942de671b2308a7ab59f39f18949c0f07f93b6768138c2720aacad06b3fbf8d	1a27139960ee752b6a8f6231ccd228040c70faf034a073556d99fd78d32c12cd	36	45	5	6	9	1	0.25	0.2
12	length_balanced_12	2026100528	0.1	38	localentity:07aa24afd39f643b44d67ee7	localentity:7ded944e56e6a89265bc4eae	b6efa4d5ac11967babed26627536e32c9a19d562d5fa150f056f7744217939c6	274898f8f29c4a0ca79574c52ea2b0d2fa0041429dc5414d0cce4c18bef56274	55	52	6	6	3	0	0.05454545454545454	0.0
12	length_balanced_12	2026100528	0.1	38	localentity:1e21c490ec65c6aa8f1d84b7	localentity:8bf1d242afa1e522b26081a6	04fbfd8af617351d4fe1d73b91d535ac0aa620a8b2567da12b8bdfed27807444	7341dff866fcad6c986ae9ab80a58d9627e36feb7e5dba6415fe8582414ab990	68	71	7	7	3	0	0.04411764705882353	0.0
12	length_balanced_12	2026100528	0.1	38	localentity:272e9169628f3a6ba7420d76	localentity:ad9318e0877eeaae6a8bbcfd	93d04f2aa026899ac953748e356c886a68c42013012ba6f6eca775c25cae4a01	94100b5ed4a54caf7ceb9240fbf5fd03f3a48f3fae05ffdf6dd43e0d4a867adf	48	54	9	8	6	1	0.125	0.1111111111111111
12	length_balanced_12	2026100528	0.1	38	localentity:2b1b3658c6caa3941ee28882	localentity:e63625c4cedf6c47f2eb071c	d942de671b2308a7ab59f39f18949c0f07f93b6768138c2720aacad06b3fbf8d	274898f8f29c4a0ca79574c52ea2b0d2fa0041429dc5414d0cce4c18bef56274	36	52	5	6	16	1	0.4444444444444444	0.2
12	length_balanced_12	2026100528	0.1	38	localentity:2e169a0857dc1d4f0315b724	localentity:36b6809cd394b93106bc4aaf	c80c4516676027fbb57a05c76f9efbebd7221038647165221af116aa69d65afb	2f633ad1cb4e3029dacc27a126a04e57fc0fe03da3b8baf559db189b0dd7f1cb	83	85	10	11	2	1	0.024096385542168676	0.1
12	length_balanced_12	2026100528	0.1	38	localentity:3310497069b0015d6d6866dc	localentity:ec908be7a236c726e270b643	81288f4bbd9799f7de93789ca60759f6382eb12b1942b0395d10fda06005e4d6	2f9dbc62c95bb68953a92d1e80f5f3f2e9e6fd873e180e77c5cfa8f9817f2ad1	171	213	20	20	42	0	0.24561403508771928	0.0
12	length_balanced_12	2026100528	0.1	38	localentity:36b6809cd394b93106bc4aaf	localentity:2e169a0857dc1d4f0315b724	2f633ad1cb4e3029dacc27a126a04e57fc0fe03da3b8baf559db189b0dd7f1cb	c80c4516676027fbb57a05c76f9efbebd7221038647165221af116aa69d65afb	85	83	11	10	2	1	0.023529411764705882	0.09090909090909091
12	length_balanced_12	2026100528	0.1	38	localentity:40b4083f36b311a7ee5ae78e	localentity:de0da30e013fa9b0ac4f3ed8	59a0c61d78b8bf664c061fca507c003c8899e0328136e92de65b0f461cbcb040	cb6d0c7d700ff6c2f2beef588640dc100d673f712b49c5e87e7a6e5f26a49da4	133	128	13	14	5	1	0.03759398496240601	0.07692307692307693
12	length_balanced_12	2026100528	0.1	38	localentity:454114ced8f67b52dae3185e	localentity:aae4d88d7dd87a6b9b170cac	35ded772a20b7fbb3c620927a1460f61856d06d496d88ea19d6c36c0188b0899	8fae9830656ace746d823f9b6392200ed2dd591fbc50da14e550ffd94e51dfd1	101	125	11	11	24	0	0.2376237623762376	0.0
12	length_balanced_12	2026100528	0.1	38	localentity:462e44494ff027730349f96b	localentity:dc353cf1b082054fe3df3b93	1d8333f8fb7dcb825b9a1cd780cac90c433ce67e18341c63f77119b3cb86eba6	00f2a54a074be251c2b6a807bf2a2bed61ee2a07a14fd06ad752ca2605e7d49a	73	73	7	7	0	0	0.0	0.0
12	length_balanced_12	2026100528	0.1	38	localentity:50e3f15b00a2b0d9880bb228	localentity:782fc52de3b3df027712c4dc	63ac7e4ab709c319d833c06d289a7fd7af9d840d58f651410e402e8d7842553c	a40fd3def1140ad1bba96fe4389be43be9b052881fae50983fd2a798f43aa022	174	153	18	17	21	1	0.1206896551724138	0.05555555555555555
12	length_balanced_12	2026100528	0.1	38	localentity:587893b0464eb19053263023	localentity:6ea0c6e37fddf8fd506a9d36	1d8333f8fb7dcb825b9a1cd780cac90c433ce67e18341c63f77119b3cb86eba6	7341dff866fcad6c986ae9ab80a58d9627e36feb7e5dba6415fe8582414ab990	73	71	7	7	2	0	0.0273972602739726	0.0
12	length_balanced_12	2026100528	0.1	38	localentity:5a14856655c54b0826e246b9	localentity:587893b0464eb19053263023	5b3ca63f99a0ccbc2a14f63444f3c7ae71f39a43b1e7f1203bb072723970b2ce	1d8333f8fb7dcb825b9a1cd780cac90c433ce67e18341c63f77119b3cb86eba6	69	73	7	7	4	0	0.057971014492753624	0.0
12	length_balanced_12	2026100528	0.1	38	localentity:5bf84d38d462be69ef4627e7	localentity:07aa24afd39f643b44d67ee7	274898f8f29c4a0ca79574c52ea2b0d2fa0041429dc5414d0cce4c18bef56274	b6efa4d5ac11967babed26627536e32c9a19d562d5fa150f056f7744217939c6	52	55	6	6	3	0	0.057692307692307696	0.0
12	length_balanced_12	2026100528	0.1	38	localentity:5ce728e1957de53bf9e827ff	localentity:5a14856655c54b0826e246b9	53f9602d11058cd80e3f37ca3ae833affc28eacb99cf2f92726ca27666b1ddd6	5b3ca63f99a0ccbc2a14f63444f3c7ae71f39a43b1e7f1203bb072723970b2ce	61	69	7	7	8	0	0.13114754098360656	0.0
12	length_balanced_12	2026100528	0.1	38	localentity:6286353b35f2d03c954476a4	localentity:fdb3569df605118d8a98eb43	1a27139960ee752b6a8f6231ccd228040c70faf034a073556d99fd78d32c12cd	d942de671b2308a7ab59f39f18949c0f07f93b6768138c2720aacad06b3fbf8d	45	36	6	5	9	1	0.2	0.16666666666666666
12	length_balanced_12	2026100528	0.1	38	localentity:6bfd4ac417754224d615e0fd	localentity:d321ea3d68897e0102a9df19	851d8b37b1bb22190bdf7f01230f17635dd14eb362ae05346a7e8271647ffb6c	55f3cd643eb9cfc1d63969b6f8834701d8783371fccecedac65b7b005d370208	68	63	8	8	5	0	0.07352941176470588	0.0
12	length_balanced_12	2026100528	0.1	38	localentity:6cfed425bbe09fd2228dcdec	localentity:7059ad6b26889a2a5fb6d28f	ed0bb509307fea9c1b833c0d7e3e5313c42cfd669c9d19d24ccd9b810b63aa76	7b73e415b7f1ffcb51a675e9f9874718829e1b0b6e0f245c194826331a288fd7	177	181	19	19	4	0	0.022598870056497175	0.0
12	length_balanced_12	2026100528	0.1	38	localentity:6ea0c6e37fddf8fd506a9d36	localentity:bffd6428b58a617fcc19a9b8	7341dff866fcad6c986ae9ab80a58d9627e36feb7e5dba6415fe8582414ab990	1d8333f8fb7dcb825b9a1cd780cac90c433ce67e18341c63f77119b3cb86eba6	71	73	7	7	2	0	0.028169014084507043	0.0
12	length_balanced_12	2026100528	0.1	38	localentity:7059ad6b26889a2a5fb6d28f	localentity:50e3f15b00a2b0d9880bb228	7b73e415b7f1ffcb51a675e9f9874718829e1b0b6e0f245c194826331a288fd7	63ac7e4ab709c319d833c06d289a7fd7af9d840d58f651410e402e8d7842553c	181	174	19	18	7	1	0.03867403314917127	0.05263157894736842
12	length_balanced_12	2026100528	0.1	38	localentity:7536111106ec557185a3073b	localentity:5bf84d38d462be69ef4627e7	6a381588b792d00e10645c33e2b246c2e8dbdbaf80400df2172c5e1674f28860	274898f8f29c4a0ca79574c52ea2b0d2fa0041429dc5414d0cce4c18bef56274	50	52	6	6	2	0	0.04	0.0
12	length_balanced_12	2026100528	0.1	38	localentity:782fc52de3b3df027712c4dc	localentity:6cfed425bbe09fd2228dcdec	a40fd3def1140ad1bba96fe4389be43be9b052881fae50983fd2a798f43aa022	ed0bb509307fea9c1b833c0d7e3e5313c42cfd669c9d19d24ccd9b810b63aa76	153	177	17	19	24	2	0.1568627450980392	0.11764705882352941
12	length_balanced_12	2026100528	0.1	38	localentity:792c35007fd6b835fd4d16c4	localentity:454114ced8f67b52dae3185e	d72295968fc84ec82aa3ab17c7cef3a38ed13483e6b557f6cf646e28957ba38a	35ded772a20b7fbb3c620927a1460f61856d06d496d88ea19d6c36c0188b0899	99	101	13	11	2	2	0.020202020202020204	0.15384615384615385
12	length_balanced_12	2026100528	0.1	38	localentity:7ded944e56e6a89265bc4eae	localentity:7536111106ec557185a3073b	274898f8f29c4a0ca79574c52ea2b0d2fa0041429dc5414d0cce4c18bef56274	6a381588b792d00e10645c33e2b246c2e8dbdbaf80400df2172c5e1674f28860	52	50	6	6	2	0	0.038461538461538464	0.0
12	length_balanced_12	2026100528	0.1	38	localentity:8883362cb7bc384cdfb665b3	localentity:e5404f13bc1e889099bae606	cdc066e9f49b5c2fb8827c1f5709a1eb459a4fc63a5f435fad085dad1f35cfb3	d58d2b6d4cfc44384af536672e0af7539b9dc919b0a6fc3d9e392258f4b1efec	379	369	41	39	10	2	0.026385224274406333	0.04878048780487805
12	length_balanced_12	2026100528	0.1	38	localentity:8b6ebc5c05ad29d84c76f634	localentity:b50e885a27329923556ea367	24130a414d9acc8b9e0212a9d40c7da3764d4cd6b31e33a1086a9d59ffaa6525	aad5fd5d9cca3ddbf8a90253a4561980ca60771585f0e8b7ae621777c594907a	67	76	8	8	9	0	0.13432835820895522	0.0
12	length_balanced_12	2026100528	0.1	38	localentity:8bf1d242afa1e522b26081a6	localentity:e24cdf9c28a133f1f759182c	7341dff866fcad6c986ae9ab80a58d9627e36feb7e5dba6415fe8582414ab990	7729d359e95bcc669735c6b140878e92b5a69a0c31d217cc3178754fc515af07	71	71	7	9	0	2	0.0	0.2857142857142857
12	length_balanced_12	2026100528	0.1	38	localentity:960ef9ebe8b264bf1051ee8c	localentity:3310497069b0015d6d6866dc	1a0a0eba4cf56d9491264d3df1549007d1f533b72f592c1dd5aef6e6132f66d5	81288f4bbd9799f7de93789ca60759f6382eb12b1942b0395d10fda06005e4d6	187	171	23	20	16	3	0.0855614973262032	0.13043478260869565
12	length_balanced_12	2026100528	0.1	38	localentity:9e736491b40ad49317383122	localentity:b4cfbd0ef230b997b022b207	612987ee6997aed8fa39c1a8322093b5e85bad732a7b3d74ead7dbeb7c3956a2	b1c1241e17aca8ecd9ff64fa8a44e3cfa8b01e15ed834a54e2380c5ff0ef94bd	148	132	15	15	16	0	0.10810810810810811	0.0
12	length_balanced_12	2026100528	0.1	38	localentity:9ebaad993a34cb81c36093e5	localentity:b8414499f9575213bc9951c5	80a99ce643c3daa2647011f1e2918826823a9a9fe01849fb296533e8a4550208	5967f7b34279a307fce6ff054e26b2389341c16dc21d2ce884e098c9b8a46628	61	60	6	6	1	0	0.01639344262295082	0.0
12	length_balanced_12	2026100528	0.1	38	localentity:a6ecf5ebe170b8f50a18418f	localentity:aac1641eb6476d7d3274844b	d942de671b2308a7ab59f39f18949c0f07f93b6768138c2720aacad06b3fbf8d	274898f8f29c4a0ca79574c52ea2b0d2fa0041429dc5414d0cce4c18bef56274	36	52	5	6	16	1	0.4444444444444444	0.2
12	length_balanced_12	2026100528	0.1	38	localentity:a7edcf0395abe679c80950da	localentity:8883362cb7bc384cdfb665b3	e0a388cbaa922558e3f003bcafdff9e30d877ec0460ade601eacd926b751d8a2	cdc066e9f49b5c2fb8827c1f5709a1eb459a4fc63a5f435fad085dad1f35cfb3	691	379	78	41	312	37	0.4515195369030391	0.47435897435897434
12	length_balanced_12	2026100528	0.1	38	localentity:aac1641eb6476d7d3274844b	localentity:a6ecf5ebe170b8f50a18418f	274898f8f29c4a0ca79574c52ea2b0d2fa0041429dc5414d0cce4c18bef56274	d942de671b2308a7ab59f39f18949c0f07f93b6768138c2720aacad06b3fbf8d	52	36	6	5	16	1	0.3076923076923077	0.16666666666666666
12	length_balanced_12	2026100528	0.1	38	localentity:aae4d88d7dd87a6b9b170cac	localentity:b18ef729b45b2c454ac8932c	8fae9830656ace746d823f9b6392200ed2dd591fbc50da14e550ffd94e51dfd1	8563557a9e62ba1e88d03fa5151ec3c4b6961a0264b5de8124c7cb52d75e99dd	125	110	11	12	15	1	0.12	0.09090909090909091
12	length_balanced_12	2026100528	0.1	38	localentity:ad9318e0877eeaae6a8bbcfd	localentity:c1f58836c56bd545ab620fd4	94100b5ed4a54caf7ceb9240fbf5fd03f3a48f3fae05ffdf6dd43e0d4a867adf	90d984635d0cc6bb66a9539ed83153a79dd8b9ab8d5245ceaff2b02d5b2a9826	54	57	8	8	3	0	0.05555555555555555	0.0
12	length_balanced_12	2026100528	0.1	38	localentity:b18ef729b45b2c454ac8932c	localentity:792c35007fd6b835fd4d16c4	8563557a9e62ba1e88d03fa5151ec3c4b6961a0264b5de8124c7cb52d75e99dd	d72295968fc84ec82aa3ab17c7cef3a38ed13483e6b557f6cf646e28957ba38a	110	99	12	13	11	1	0.1	0.08333333333333333
12	length_balanced_12	2026100528	0.1	38	localentity:b4cfbd0ef230b997b022b207	localentity:9e736491b40ad49317383122	b1c1241e17aca8ecd9ff64fa8a44e3cfa8b01e15ed834a54e2380c5ff0ef94bd	612987ee6997aed8fa39c1a8322093b5e85bad732a7b3d74ead7dbeb7c3956a2	132	148	15	15	16	0	0.12121212121212122	0.0
12	length_balanced_12	2026100528	0.1	38	localentity:b4e7d8261502f18b0a9cbc87	localentity:eb7bac7a626cb929ed6d43aa	4845617182a06160ee3c7a095ce9a95bb8464c3b734de30ef1dd961e5f09ec21	35ded772a20b7fbb3c620927a1460f61856d06d496d88ea19d6c36c0188b0899	97	101	11	11	4	0	0.041237113402061855	0.0
12	length_balanced_12	2026100528	0.1	38	localentity:b50e885a27329923556ea367	localentity:d23e1f8eaba7eba32c459796	aad5fd5d9cca3ddbf8a90253a4561980ca60771585f0e8b7ae621777c594907a	55f3cd643eb9cfc1d63969b6f8834701d8783371fccecedac65b7b005d370208	76	63	8	8	13	0	0.17105263157894737	0.0
12	length_balanced_12	2026100528	0.1	38	localentity:b74ff55a2dc32c1ea5811fca	localentity:028d462217cb771c4875d196	36afba0acdfc13e711109c074586876f9a4f15063ecb4075ece57f315eacaf4f	d942de671b2308a7ab59f39f18949c0f07f93b6768138c2720aacad06b3fbf8d	49	36	5	5	13	0	0.2653061224489796	0.0
12	length_balanced_12	2026100528	0.1	38	localentity:b8414499f9575213bc9951c5	localentity:9ebaad993a34cb81c36093e5	5967f7b34279a307fce6ff054e26b2389341c16dc21d2ce884e098c9b8a46628	80a99ce643c3daa2647011f1e2918826823a9a9fe01849fb296533e8a4550208	60	61	6	6	1	0	0.016666666666666666	0.0
12	length_balanced_12	2026100528	0.1	38	localentity:bffd6428b58a617fcc19a9b8	localentity:ddcd67031137902587164378	1d8333f8fb7dcb825b9a1cd780cac90c433ce67e18341c63f77119b3cb86eba6	7341dff866fcad6c986ae9ab80a58d9627e36feb7e5dba6415fe8582414ab990	73	71	7	7	2	0	0.0273972602739726	0.0
12	length_balanced_12	2026100528	0.1	38	localentity:c1f58836c56bd545ab620fd4	localentity:272e9169628f3a6ba7420d76	90d984635d0cc6bb66a9539ed83153a79dd8b9ab8d5245ceaff2b02d5b2a9826	93d04f2aa026899ac953748e356c886a68c42013012ba6f6eca775c25cae4a01	57	48	8	9	9	1	0.15789473684210525	0.125
12	length_balanced_12	2026100528	0.1	38	localentity:c74fdff99aead8264ce65d91	localentity:fcc22f2eac4763de5ab3b970	e87ba8e48fd8bc4d9a401ab5aa874c6f1f6dce49407760df2bc93c3417ab7ba7	011974d219bab421b78dfed01b30b647f142848b74956d1c3c6679b62f9ceb89	233	272	25	31	39	6	0.16738197424892703	0.24
12	length_balanced_12	2026100528	0.1	38	localentity:d23e1f8eaba7eba32c459796	localentity:5ce728e1957de53bf9e827ff	55f3cd643eb9cfc1d63969b6f8834701d8783371fccecedac65b7b005d370208	53f9602d11058cd80e3f37ca3ae833affc28eacb99cf2f92726ca27666b1ddd6	63	61	8	7	2	1	0.031746031746031744	0.125
12	length_balanced_12	2026100528	0.1	38	localentity:d321ea3d68897e0102a9df19	localentity:6bfd4ac417754224d615e0fd	55f3cd643eb9cfc1d63969b6f8834701d8783371fccecedac65b7b005d370208	851d8b37b1bb22190bdf7f01230f17635dd14eb362ae05346a7e8271647ffb6c	63	68	8	8	5	0	0.07936507936507936	0.0
12	length_balanced_12	2026100528	0.1	38	localentity:dc353cf1b082054fe3df3b93	localentity:462e44494ff027730349f96b	00f2a54a074be251c2b6a807bf2a2bed61ee2a07a14fd06ad752ca2605e7d49a	1d8333f8fb7dcb825b9a1cd780cac90c433ce67e18341c63f77119b3cb86eba6	73	73	7	7	0	0	0.0	0.0
12	length_balanced_12	2026100528	0.1	38	localentity:ddcd67031137902587164378	localentity:1e21c490ec65c6aa8f1d84b7	7341dff866fcad6c986ae9ab80a58d9627e36feb7e5dba6415fe8582414ab990	04fbfd8af617351d4fe1d73b91d535ac0aa620a8b2567da12b8bdfed27807444	71	68	7	7	3	0	0.04225352112676056	0.0
12	length_balanced_12	2026100528	0.1	38	localentity:de0da30e013fa9b0ac4f3ed8	localentity:40b4083f36b311a7ee5ae78e	cb6d0c7d700ff6c2f2beef588640dc100d673f712b49c5e87e7a6e5f26a49da4	59a0c61d78b8bf664c061fca507c003c8899e0328136e92de65b0f461cbcb040	128	133	14	13	5	1	0.0390625	0.07142857142857142
12	length_balanced_12	2026100528	0.1	38	localentity:e24cdf9c28a133f1f759182c	localentity:8b6ebc5c05ad29d84c76f634	7729d359e95bcc669735c6b140878e92b5a69a0c31d217cc3178754fc515af07	24130a414d9acc8b9e0212a9d40c7da3764d4cd6b31e33a1086a9d59ffaa6525	71	67	9	8	4	1	0.056338028169014086	0.1111111111111111
12	length_balanced_12	2026100528	0.1	38	localentity:e5404f13bc1e889099bae606	localentity:a7edcf0395abe679c80950da	d58d2b6d4cfc44384af536672e0af7539b9dc919b0a6fc3d9e392258f4b1efec	e0a388cbaa922558e3f003bcafdff9e30d877ec0460ade601eacd926b751d8a2	369	691	39	78	322	39	0.8726287262872628	1.0
12	length_balanced_12	2026100528	0.1	38	localentity:e63625c4cedf6c47f2eb071c	localentity:2b1b3658c6caa3941ee28882	274898f8f29c4a0ca79574c52ea2b0d2fa0041429dc5414d0cce4c18bef56274	d942de671b2308a7ab59f39f18949c0f07f93b6768138c2720aacad06b3fbf8d	52	36	6	5	16	1	0.3076923076923077	0.16666666666666666
12	length_balanced_12	2026100528	0.1	38	localentity:eb7bac7a626cb929ed6d43aa	localentity:b4e7d8261502f18b0a9cbc87	35ded772a20b7fbb3c620927a1460f61856d06d496d88ea19d6c36c0188b0899	4845617182a06160ee3c7a095ce9a95bb8464c3b734de30ef1dd961e5f09ec21	101	97	11	11	4	0	0.039603960396039604	0.0
12	length_balanced_12	2026100528	0.1	38	localentity:ec908be7a236c726e270b643	localentity:960ef9ebe8b264bf1051ee8c	2f9dbc62c95bb68953a92d1e80f5f3f2e9e6fd873e180e77c5cfa8f9817f2ad1	1a0a0eba4cf56d9491264d3df1549007d1f533b72f592c1dd5aef6e6132f66d5	213	187	20	23	26	3	0.12206572769953052	0.15
12	length_balanced_12	2026100528	0.1	38	localentity:fcc22f2eac4763de5ab3b970	localentity:c74fdff99aead8264ce65d91	011974d219bab421b78dfed01b30b647f142848b74956d1c3c6679b62f9ceb89	e87ba8e48fd8bc4d9a401ab5aa874c6f1f6dce49407760df2bc93c3417ab7ba7	272	233	31	25	39	6	0.14338235294117646	0.1935483870967742
12	length_balanced_12	2026100528	0.1	38	localentity:fdb3569df605118d8a98eb43	localentity:b74ff55a2dc32c1ea5811fca	d942de671b2308a7ab59f39f18949c0f07f93b6768138c2720aacad06b3fbf8d	36afba0acdfc13e711109c074586876f9a4f15063ecb4075ece57f315eacaf4f	36	49	5	5	13	0	0.3611111111111111	0.0
13	length_balanced_13	2026100523	0.1	58	localentity:028d462217cb771c4875d196	localentity:5bf84d38d462be69ef4627e7	d942de671b2308a7ab59f39f18949c0f07f93b6768138c2720aacad06b3fbf8d	274898f8f29c4a0ca79574c52ea2b0d2fa0041429dc5414d0cce4c18bef56274	36	52	5	6	16	1	0.4444444444444444	0.2
13	length_balanced_13	2026100523	0.1	58	localentity:07aa24afd39f643b44d67ee7	localentity:e63625c4cedf6c47f2eb071c	b6efa4d5ac11967babed26627536e32c9a19d562d5fa150f056f7744217939c6	274898f8f29c4a0ca79574c52ea2b0d2fa0041429dc5414d0cce4c18bef56274	55	52	6	6	3	0	0.05454545454545454	0.0
13	length_balanced_13	2026100523	0.1	58	localentity:1e21c490ec65c6aa8f1d84b7	localentity:bffd6428b58a617fcc19a9b8	04fbfd8af617351d4fe1d73b91d535ac0aa620a8b2567da12b8bdfed27807444	1d8333f8fb7dcb825b9a1cd780cac90c433ce67e18341c63f77119b3cb86eba6	68	73	7	7	5	0	0.07352941176470588	0.0
13	length_balanced_13	2026100523	0.1	58	localentity:272e9169628f3a6ba7420d76	localentity:ad9318e0877eeaae6a8bbcfd	93d04f2aa026899ac953748e356c886a68c42013012ba6f6eca775c25cae4a01	94100b5ed4a54caf7ceb9240fbf5fd03f3a48f3fae05ffdf6dd43e0d4a867adf	48	54	9	8	6	1	0.125	0.1111111111111111
13	length_balanced_13	2026100523	0.1	58	localentity:2b1b3658c6caa3941ee28882	localentity:aac1641eb6476d7d3274844b	d942de671b2308a7ab59f39f18949c0f07f93b6768138c2720aacad06b3fbf8d	274898f8f29c4a0ca79574c52ea2b0d2fa0041429dc5414d0cce4c18bef56274	36	52	5	6	16	1	0.4444444444444444	0.2
13	length_balanced_13	2026100523	0.1	58	localentity:2e169a0857dc1d4f0315b724	localentity:36b6809cd394b93106bc4aaf	c80c4516676027fbb57a05c76f9efbebd7221038647165221af116aa69d65afb	2f633ad1cb4e3029dacc27a126a04e57fc0fe03da3b8baf559db189b0dd7f1cb	83	85	10	11	2	1	0.024096385542168676	0.1
13	length_balanced_13	2026100523	0.1	58	localentity:3310497069b0015d6d6866dc	localentity:50e3f15b00a2b0d9880bb228	81288f4bbd9799f7de93789ca60759f6382eb12b1942b0395d10fda06005e4d6	63ac7e4ab709c319d833c06d289a7fd7af9d840d58f651410e402e8d7842553c	171	174	20	18	3	2	0.017543859649122806	0.1
13	length_balanced_13	2026100523	0.1	58	localentity:36b6809cd394b93106bc4aaf	localentity:2e169a0857dc1d4f0315b724	2f633ad1cb4e3029dacc27a126a04e57fc0fe03da3b8baf559db189b0dd7f1cb	c80c4516676027fbb57a05c76f9efbebd7221038647165221af116aa69d65afb	85	83	11	10	2	1	0.023529411764705882	0.09090909090909091
13	length_balanced_13	2026100523	0.1	58	localentity:40b4083f36b311a7ee5ae78e	localentity:aae4d88d7dd87a6b9b170cac	59a0c61d78b8bf664c061fca507c003c8899e0328136e92de65b0f461cbcb040	8fae9830656ace746d823f9b6392200ed2dd591fbc50da14e550ffd94e51dfd1	133	125	13	11	8	2	0.06015037593984962	0.15384615384615385
13	length_balanced_13	2026100523	0.1	58	localentity:454114ced8f67b52dae3185e	localentity:792c35007fd6b835fd4d16c4	35ded772a20b7fbb3c620927a1460f61856d06d496d88ea19d6c36c0188b0899	d72295968fc84ec82aa3ab17c7cef3a38ed13483e6b557f6cf646e28957ba38a	101	99	11	13	2	2	0.019801980198019802	0.18181818181818182
13	length_balanced_13	2026100523	0.1	58	localentity:462e44494ff027730349f96b	localentity:dc353cf1b082054fe3df3b93	1d8333f8fb7dcb825b9a1cd780cac90c433ce67e18341c63f77119b3cb86eba6	00f2a54a074be251c2b6a807bf2a2bed61ee2a07a14fd06ad752ca2605e7d49a	73	73	7	7	0	0	0.0	0.0
13	length_balanced_13	2026100523	0.1	58	localentity:50e3f15b00a2b0d9880bb228	localentity:960ef9ebe8b264bf1051ee8c	63ac7e4ab709c319d833c06d289a7fd7af9d840d58f651410e402e8d7842553c	1a0a0eba4cf56d9491264d3df1549007d1f533b72f592c1dd5aef6e6132f66d5	174	187	18	23	13	5	0.07471264367816093	0.2777777777777778
13	length_balanced_13	2026100523	0.1	58	localentity:587893b0464eb19053263023	localentity:6ea0c6e37fddf8fd506a9d36	1d8333f8fb7dcb825b9a1cd780cac90c433ce67e18341c63f77119b3cb86eba6	7341dff866fcad6c986ae9ab80a58d9627e36feb7e5dba6415fe8582414ab990	73	71	7	7	2	0	0.0273972602739726	0.0
13	length_balanced_13	2026100523	0.1	58	localentity:5a14856655c54b0826e246b9	localentity:8bf1d242afa1e522b26081a6	5b3ca63f99a0ccbc2a14f63444f3c7ae71f39a43b1e7f1203bb072723970b2ce	7341dff866fcad6c986ae9ab80a58d9627e36feb7e5dba6415fe8582414ab990	69	71	7	7	2	0	0.028985507246376812	0.0
13	length_balanced_13	2026100523	0.1	58	localentity:5bf84d38d462be69ef4627e7	localentity:fdb3569df605118d8a98eb43	274898f8f29c4a0ca79574c52ea2b0d2fa0041429dc5414d0cce4c18bef56274	d942de671b2308a7ab59f39f18949c0f07f93b6768138c2720aacad06b3fbf8d	52	36	6	5	16	1	0.3076923076923077	0.16666666666666666
13	length_balanced_13	2026100523	0.1	58	localentity:5ce728e1957de53bf9e827ff	localentity:d321ea3d68897e0102a9df19	53f9602d11058cd80e3f37ca3ae833affc28eacb99cf2f92726ca27666b1ddd6	55f3cd643eb9cfc1d63969b6f8834701d8783371fccecedac65b7b005d370208	61	63	7	8	2	1	0.03278688524590164	0.14285714285714285
13	length_balanced_13	2026100523	0.1	58	localentity:6286353b35f2d03c954476a4	localentity:2b1b3658c6caa3941ee28882	1a27139960ee752b6a8f6231ccd228040c70faf034a073556d99fd78d32c12cd	d942de671b2308a7ab59f39f18949c0f07f93b6768138c2720aacad06b3fbf8d	45	36	6	5	9	1	0.2	0.16666666666666666
13	length_balanced_13	2026100523	0.1	58	localentity:6bfd4ac417754224d615e0fd	localentity:e24cdf9c28a133f1f759182c	851d8b37b1bb22190bdf7f01230f17635dd14eb362ae05346a7e8271647ffb6c	7729d359e95bcc669735c6b140878e92b5a69a0c31d217cc3178754fc515af07	68	71	8	9	3	1	0.04411764705882353	0.125
13	length_balanced_13	2026100523	0.1	58	localentity:6cfed425bbe09fd2228dcdec	localentity:7059ad6b26889a2a5fb6d28f	ed0bb509307fea9c1b833c0d7e3e5313c42cfd669c9d19d24ccd9b810b63aa76	7b73e415b7f1ffcb51a675e9f9874718829e1b0b6e0f245c194826331a288fd7	177	181	19	19	4	0	0.022598870056497175	0.0
13	length_balanced_13	2026100523	0.1	58	localentity:6ea0c6e37fddf8fd506a9d36	localentity:587893b0464eb19053263023	7341dff866fcad6c986ae9ab80a58d9627e36feb7e5dba6415fe8582414ab990	1d8333f8fb7dcb825b9a1cd780cac90c433ce67e18341c63f77119b3cb86eba6	71	73	7	7	2	0	0.028169014084507043	0.0
13	length_balanced_13	2026100523	0.1	58	localentity:7059ad6b26889a2a5fb6d28f	localentity:6cfed425bbe09fd2228dcdec	7b73e415b7f1ffcb51a675e9f9874718829e1b0b6e0f245c194826331a288fd7	ed0bb509307fea9c1b833c0d7e3e5313c42cfd669c9d19d24ccd9b810b63aa76	181	177	19	19	4	0	0.022099447513812154	0.0
13	length_balanced_13	2026100523	0.1	58	localentity:7536111106ec557185a3073b	localentity:7ded944e56e6a89265bc4eae	6a381588b792d00e10645c33e2b246c2e8dbdbaf80400df2172c5e1674f28860	274898f8f29c4a0ca79574c52ea2b0d2fa0041429dc5414d0cce4c18bef56274	50	52	6	6	2	0	0.04	0.0
13	length_balanced_13	2026100523	0.1	58	localentity:782fc52de3b3df027712c4dc	localentity:9e736491b40ad49317383122	a40fd3def1140ad1bba96fe4389be43be9b052881fae50983fd2a798f43aa022	612987ee6997aed8fa39c1a8322093b5e85bad732a7b3d74ead7dbeb7c3956a2	153	148	17	15	5	2	0.032679738562091505	0.11764705882352941
13	length_balanced_13	2026100523	0.1	58	localentity:792c35007fd6b835fd4d16c4	localentity:b4e7d8261502f18b0a9cbc87	d72295968fc84ec82aa3ab17c7cef3a38ed13483e6b557f6cf646e28957ba38a	4845617182a06160ee3c7a095ce9a95bb8464c3b734de30ef1dd961e5f09ec21	99	97	13	11	2	2	0.020202020202020204	0.15384615384615385
13	length_balanced_13	2026100523	0.1	58	localentity:7ded944e56e6a89265bc4eae	localentity:07aa24afd39f643b44d67ee7	274898f8f29c4a0ca79574c52ea2b0d2fa0041429dc5414d0cce4c18bef56274	b6efa4d5ac11967babed26627536e32c9a19d562d5fa150f056f7744217939c6	52	55	6	6	3	0	0.057692307692307696	0.0
13	length_balanced_13	2026100523	0.1	58	localentity:8883362cb7bc384cdfb665b3	localentity:e5404f13bc1e889099bae606	cdc066e9f49b5c2fb8827c1f5709a1eb459a4fc63a5f435fad085dad1f35cfb3	d58d2b6d4cfc44384af536672e0af7539b9dc919b0a6fc3d9e392258f4b1efec	379	369	41	39	10	2	0.026385224274406333	0.04878048780487805
13	length_balanced_13	2026100523	0.1	58	localentity:8b6ebc5c05ad29d84c76f634	localentity:6bfd4ac417754224d615e0fd	24130a414d9acc8b9e0212a9d40c7da3764d4cd6b31e33a1086a9d59ffaa6525	851d8b37b1bb22190bdf7f01230f17635dd14eb362ae05346a7e8271647ffb6c	67	68	8	8	1	0	0.014925373134328358	0.0
13	length_balanced_13	2026100523	0.1	58	localentity:8bf1d242afa1e522b26081a6	localentity:5a14856655c54b0826e246b9	7341dff866fcad6c986ae9ab80a58d9627e36feb7e5dba6415fe8582414ab990	5b3ca63f99a0ccbc2a14f63444f3c7ae71f39a43b1e7f1203bb072723970b2ce	71	69	7	7	2	0	0.028169014084507043	0.0
13	length_balanced_13	2026100523	0.1	58	localentity:960ef9ebe8b264bf1051ee8c	localentity:ec908be7a236c726e270b643	1a0a0eba4cf56d9491264d3df1549007d1f533b72f592c1dd5aef6e6132f66d5	2f9dbc62c95bb68953a92d1e80f5f3f2e9e6fd873e180e77c5cfa8f9817f2ad1	187	213	23	20	26	3	0.13903743315508021	0.13043478260869565
13	length_balanced_13	2026100523	0.1	58	localentity:9e736491b40ad49317383122	localentity:782fc52de3b3df027712c4dc	612987ee6997aed8fa39c1a8322093b5e85bad732a7b3d74ead7dbeb7c3956a2	a40fd3def1140ad1bba96fe4389be43be9b052881fae50983fd2a798f43aa022	148	153	15	17	5	2	0.033783783783783786	0.13333333333333333
13	length_balanced_13	2026100523	0.1	58	localentity:9ebaad993a34cb81c36093e5	localentity:b8414499f9575213bc9951c5	80a99ce643c3daa2647011f1e2918826823a9a9fe01849fb296533e8a4550208	5967f7b34279a307fce6ff054e26b2389341c16dc21d2ce884e098c9b8a46628	61	60	6	6	1	0	0.01639344262295082	0.0
13	length_balanced_13	2026100523	0.1	58	localentity:a6ecf5ebe170b8f50a18418f	localentity:6286353b35f2d03c954476a4	d942de671b2308a7ab59f39f18949c0f07f93b6768138c2720aacad06b3fbf8d	1a27139960ee752b6a8f6231ccd228040c70faf034a073556d99fd78d32c12cd	36	45	5	6	9	1	0.25	0.2
13	length_balanced_13	2026100523	0.1	58	localentity:a7edcf0395abe679c80950da	localentity:8883362cb7bc384cdfb665b3	e0a388cbaa922558e3f003bcafdff9e30d877ec0460ade601eacd926b751d8a2	cdc066e9f49b5c2fb8827c1f5709a1eb459a4fc63a5f435fad085dad1f35cfb3	691	379	78	41	312	37	0.4515195369030391	0.47435897435897434
13	length_balanced_13	2026100523	0.1	58	localentity:aac1641eb6476d7d3274844b	localentity:028d462217cb771c4875d196	274898f8f29c4a0ca79574c52ea2b0d2fa0041429dc5414d0cce4c18bef56274	d942de671b2308a7ab59f39f18949c0f07f93b6768138c2720aacad06b3fbf8d	52	36	6	5	16	1	0.3076923076923077	0.16666666666666666
13	length_balanced_13	2026100523	0.1	58	localentity:aae4d88d7dd87a6b9b170cac	localentity:40b4083f36b311a7ee5ae78e	8fae9830656ace746d823f9b6392200ed2dd591fbc50da14e550ffd94e51dfd1	59a0c61d78b8bf664c061fca507c003c8899e0328136e92de65b0f461cbcb040	125	133	11	13	8	2	0.064	0.18181818181818182
13	length_balanced_13	2026100523	0.1	58	localentity:ad9318e0877eeaae6a8bbcfd	localentity:c1f58836c56bd545ab620fd4	94100b5ed4a54caf7ceb9240fbf5fd03f3a48f3fae05ffdf6dd43e0d4a867adf	90d984635d0cc6bb66a9539ed83153a79dd8b9ab8d5245ceaff2b02d5b2a9826	54	57	8	8	3	0	0.05555555555555555	0.0
13	length_balanced_13	2026100523	0.1	58	localentity:b18ef729b45b2c454ac8932c	localentity:454114ced8f67b52dae3185e	8563557a9e62ba1e88d03fa5151ec3c4b6961a0264b5de8124c7cb52d75e99dd	35ded772a20b7fbb3c620927a1460f61856d06d496d88ea19d6c36c0188b0899	110	101	12	11	9	1	0.08181818181818182	0.08333333333333333
13	length_balanced_13	2026100523	0.1	58	localentity:b4cfbd0ef230b997b022b207	localentity:de0da30e013fa9b0ac4f3ed8	b1c1241e17aca8ecd9ff64fa8a44e3cfa8b01e15ed834a54e2380c5ff0ef94bd	cb6d0c7d700ff6c2f2beef588640dc100d673f712b49c5e87e7a6e5f26a49da4	132	128	15	14	4	1	0.030303030303030304	0.06666666666666667
13	length_balanced_13	2026100523	0.1	58	localentity:b4e7d8261502f18b0a9cbc87	localentity:eb7bac7a626cb929ed6d43aa	4845617182a06160ee3c7a095ce9a95bb8464c3b734de30ef1dd961e5f09ec21	35ded772a20b7fbb3c620927a1460f61856d06d496d88ea19d6c36c0188b0899	97	101	11	11	4	0	0.041237113402061855	0.0
13	length_balanced_13	2026100523	0.1	58	localentity:b50e885a27329923556ea367	localentity:462e44494ff027730349f96b	aad5fd5d9cca3ddbf8a90253a4561980ca60771585f0e8b7ae621777c594907a	1d8333f8fb7dcb825b9a1cd780cac90c433ce67e18341c63f77119b3cb86eba6	76	73	8	7	3	1	0.039473684210526314	0.125
13	length_balanced_13	2026100523	0.1	58	localentity:b74ff55a2dc32c1ea5811fca	localentity:a6ecf5ebe170b8f50a18418f	36afba0acdfc13e711109c074586876f9a4f15063ecb4075ece57f315eacaf4f	d942de671b2308a7ab59f39f18949c0f07f93b6768138c2720aacad06b3fbf8d	49	36	5	5	13	0	0.2653061224489796	0.0
13	length_balanced_13	2026100523	0.1	58	localentity:b8414499f9575213bc9951c5	localentity:9ebaad993a34cb81c36093e5	5967f7b34279a307fce6ff054e26b2389341c16dc21d2ce884e098c9b8a46628	80a99ce643c3daa2647011f1e2918826823a9a9fe01849fb296533e8a4550208	60	61	6	6	1	0	0.016666666666666666	0.0
13	length_balanced_13	2026100523	0.1	58	localentity:bffd6428b58a617fcc19a9b8	localentity:1e21c490ec65c6aa8f1d84b7	1d8333f8fb7dcb825b9a1cd780cac90c433ce67e18341c63f77119b3cb86eba6	04fbfd8af617351d4fe1d73b91d535ac0aa620a8b2567da12b8bdfed27807444	73	68	7	7	5	0	0.0684931506849315	0.0
13	length_balanced_13	2026100523	0.1	58	localentity:c1f58836c56bd545ab620fd4	localentity:272e9169628f3a6ba7420d76	90d984635d0cc6bb66a9539ed83153a79dd8b9ab8d5245ceaff2b02d5b2a9826	93d04f2aa026899ac953748e356c886a68c42013012ba6f6eca775c25cae4a01	57	48	8	9	9	1	0.15789473684210525	0.125
13	length_balanced_13	2026100523	0.1	58	localentity:c74fdff99aead8264ce65d91	localentity:fcc22f2eac4763de5ab3b970	e87ba8e48fd8bc4d9a401ab5aa874c6f1f6dce49407760df2bc93c3417ab7ba7	011974d219bab421b78dfed01b30b647f142848b74956d1c3c6679b62f9ceb89	233	272	25	31	39	6	0.16738197424892703	0.24
13	length_balanced_13	2026100523	0.1	58	localentity:d23e1f8eaba7eba32c459796	localentity:8b6ebc5c05ad29d84c76f634	55f3cd643eb9cfc1d63969b6f8834701d8783371fccecedac65b7b005d370208	24130a414d9acc8b9e0212a9d40c7da3764d4cd6b31e33a1086a9d59ffaa6525	63	67	8	8	4	0	0.06349206349206349	0.0
13	length_balanced_13	2026100523	0.1	58	localentity:d321ea3d68897e0102a9df19	localentity:5ce728e1957de53bf9e827ff	55f3cd643eb9cfc1d63969b6f8834701d8783371fccecedac65b7b005d370208	53f9602d11058cd80e3f37ca3ae833affc28eacb99cf2f92726ca27666b1ddd6	63	61	8	7	2	1	0.031746031746031744	0.125
13	length_balanced_13	2026100523	0.1	58	localentity:dc353cf1b082054fe3df3b93	localentity:ddcd67031137902587164378	00f2a54a074be251c2b6a807bf2a2bed61ee2a07a14fd06ad752ca2605e7d49a	7341dff866fcad6c986ae9ab80a58d9627e36feb7e5dba6415fe8582414ab990	73	71	7	7	2	0	0.0273972602739726	0.0
13	length_balanced_13	2026100523	0.1	58	localentity:ddcd67031137902587164378	localentity:b50e885a27329923556ea367	7341dff866fcad6c986ae9ab80a58d9627e36feb7e5dba6415fe8582414ab990	aad5fd5d9cca3ddbf8a90253a4561980ca60771585f0e8b7ae621777c594907a	71	76	7	8	5	1	0.07042253521126761	0.14285714285714285
13	length_balanced_13	2026100523	0.1	58	localentity:de0da30e013fa9b0ac4f3ed8	localentity:b4cfbd0ef230b997b022b207	cb6d0c7d700ff6c2f2beef588640dc100d673f712b49c5e87e7a6e5f26a49da4	b1c1241e17aca8ecd9ff64fa8a44e3cfa8b01e15ed834a54e2380c5ff0ef94bd	128	132	14	15	4	1	0.03125	0.07142857142857142
13	length_balanced_13	2026100523	0.1	58	localentity:e24cdf9c28a133f1f759182c	localentity:d23e1f8eaba7eba32c459796	7729d359e95bcc669735c6b140878e92b5a69a0c31d217cc3178754fc515af07	55f3cd643eb9cfc1d63969b6f8834701d8783371fccecedac65b7b005d370208	71	63	9	8	8	1	0.11267605633802817	0.1111111111111111
13	length_balanced_13	2026100523	0.1	58	localentity:e5404f13bc1e889099bae606	localentity:a7edcf0395abe679c80950da	d58d2b6d4cfc44384af536672e0af7539b9dc919b0a6fc3d9e392258f4b1efec	e0a388cbaa922558e3f003bcafdff9e30d877ec0460ade601eacd926b751d8a2	369	691	39	78	322	39	0.8726287262872628	1.0
13	length_balanced_13	2026100523	0.1	58	localentity:e63625c4cedf6c47f2eb071c	localentity:7536111106ec557185a3073b	274898f8f29c4a0ca79574c52ea2b0d2fa0041429dc5414d0cce4c18bef56274	6a381588b792d00e10645c33e2b246c2e8dbdbaf80400df2172c5e1674f28860	52	50	6	6	2	0	0.038461538461538464	0.0
13	length_balanced_13	2026100523	0.1	58	localentity:eb7bac7a626cb929ed6d43aa	localentity:b18ef729b45b2c454ac8932c	35ded772a20b7fbb3c620927a1460f61856d06d496d88ea19d6c36c0188b0899	8563557a9e62ba1e88d03fa5151ec3c4b6961a0264b5de8124c7cb52d75e99dd	101	110	11	12	9	1	0.0891089108910891	0.09090909090909091
13	length_balanced_13	2026100523	0.1	58	localentity:ec908be7a236c726e270b643	localentity:3310497069b0015d6d6866dc	2f9dbc62c95bb68953a92d1e80f5f3f2e9e6fd873e180e77c5cfa8f9817f2ad1	81288f4bbd9799f7de93789ca60759f6382eb12b1942b0395d10fda06005e4d6	213	171	20	20	42	0	0.19718309859154928	0.0
13	length_balanced_13	2026100523	0.1	58	localentity:fcc22f2eac4763de5ab3b970	localentity:c74fdff99aead8264ce65d91	011974d219bab421b78dfed01b30b647f142848b74956d1c3c6679b62f9ceb89	e87ba8e48fd8bc4d9a401ab5aa874c6f1f6dce49407760df2bc93c3417ab7ba7	272	233	31	25	39	6	0.14338235294117646	0.1935483870967742
13	length_balanced_13	2026100523	0.1	58	localentity:fdb3569df605118d8a98eb43	localentity:b74ff55a2dc32c1ea5811fca	d942de671b2308a7ab59f39f18949c0f07f93b6768138c2720aacad06b3fbf8d	36afba0acdfc13e711109c074586876f9a4f15063ecb4075ece57f315eacaf4f	36	49	5	5	13	0	0.3611111111111111	0.0
14	length_balanced_14	2026100534	0.2	69	localentity:028d462217cb771c4875d196	localentity:e63625c4cedf6c47f2eb071c	d942de671b2308a7ab59f39f18949c0f07f93b6768138c2720aacad06b3fbf8d	274898f8f29c4a0ca79574c52ea2b0d2fa0041429dc5414d0cce4c18bef56274	36	52	5	6	16	1	0.4444444444444444	0.2
14	length_balanced_14	2026100534	0.2	69	localentity:07aa24afd39f643b44d67ee7	localentity:aac1641eb6476d7d3274844b	b6efa4d5ac11967babed26627536e32c9a19d562d5fa150f056f7744217939c6	274898f8f29c4a0ca79574c52ea2b0d2fa0041429dc5414d0cce4c18bef56274	55	52	6	6	3	0	0.05454545454545454	0.0
14	length_balanced_14	2026100534	0.2	69	localentity:1e21c490ec65c6aa8f1d84b7	localentity:ddcd67031137902587164378	04fbfd8af617351d4fe1d73b91d535ac0aa620a8b2567da12b8bdfed27807444	7341dff866fcad6c986ae9ab80a58d9627e36feb7e5dba6415fe8582414ab990	68	71	7	7	3	0	0.04411764705882353	0.0
14	length_balanced_14	2026100534	0.2	69	localentity:272e9169628f3a6ba7420d76	localentity:ad9318e0877eeaae6a8bbcfd	93d04f2aa026899ac953748e356c886a68c42013012ba6f6eca775c25cae4a01	94100b5ed4a54caf7ceb9240fbf5fd03f3a48f3fae05ffdf6dd43e0d4a867adf	48	54	9	8	6	1	0.125	0.1111111111111111
14	length_balanced_14	2026100534	0.2	69	localentity:2b1b3658c6caa3941ee28882	localentity:5bf84d38d462be69ef4627e7	d942de671b2308a7ab59f39f18949c0f07f93b6768138c2720aacad06b3fbf8d	274898f8f29c4a0ca79574c52ea2b0d2fa0041429dc5414d0cce4c18bef56274	36	52	5	6	16	1	0.4444444444444444	0.2
14	length_balanced_14	2026100534	0.2	69	localentity:2e169a0857dc1d4f0315b724	localentity:36b6809cd394b93106bc4aaf	c80c4516676027fbb57a05c76f9efbebd7221038647165221af116aa69d65afb	2f633ad1cb4e3029dacc27a126a04e57fc0fe03da3b8baf559db189b0dd7f1cb	83	85	10	11	2	1	0.024096385542168676	0.1
14	length_balanced_14	2026100534	0.2	69	localentity:3310497069b0015d6d6866dc	localentity:6cfed425bbe09fd2228dcdec	81288f4bbd9799f7de93789ca60759f6382eb12b1942b0395d10fda06005e4d6	ed0bb509307fea9c1b833c0d7e3e5313c42cfd669c9d19d24ccd9b810b63aa76	171	177	20	19	6	1	0.03508771929824561	0.05
14	length_balanced_14	2026100534	0.2	69	localentity:36b6809cd394b93106bc4aaf	localentity:2e169a0857dc1d4f0315b724	2f633ad1cb4e3029dacc27a126a04e57fc0fe03da3b8baf559db189b0dd7f1cb	c80c4516676027fbb57a05c76f9efbebd7221038647165221af116aa69d65afb	85	83	11	10	2	1	0.023529411764705882	0.09090909090909091
14	length_balanced_14	2026100534	0.2	69	localentity:40b4083f36b311a7ee5ae78e	localentity:de0da30e013fa9b0ac4f3ed8	59a0c61d78b8bf664c061fca507c003c8899e0328136e92de65b0f461cbcb040	cb6d0c7d700ff6c2f2beef588640dc100d673f712b49c5e87e7a6e5f26a49da4	133	128	13	14	5	1	0.03759398496240601	0.07692307692307693
14	length_balanced_14	2026100534	0.2	69	localentity:454114ced8f67b52dae3185e	localentity:b4e7d8261502f18b0a9cbc87	35ded772a20b7fbb3c620927a1460f61856d06d496d88ea19d6c36c0188b0899	4845617182a06160ee3c7a095ce9a95bb8464c3b734de30ef1dd961e5f09ec21	101	97	11	11	4	0	0.039603960396039604	0.0
14	length_balanced_14	2026100534	0.2	69	localentity:462e44494ff027730349f96b	localentity:e24cdf9c28a133f1f759182c	1d8333f8fb7dcb825b9a1cd780cac90c433ce67e18341c63f77119b3cb86eba6	7729d359e95bcc669735c6b140878e92b5a69a0c31d217cc3178754fc515af07	73	71	7	9	2	2	0.0273972602739726	0.2857142857142857
14	length_balanced_14	2026100534	0.2	69	localentity:50e3f15b00a2b0d9880bb228	localentity:7059ad6b26889a2a5fb6d28f	63ac7e4ab709c319d833c06d289a7fd7af9d840d58f651410e402e8d7842553c	7b73e415b7f1ffcb51a675e9f9874718829e1b0b6e0f245c194826331a288fd7	174	181	18	19	7	1	0.040229885057471264	0.05555555555555555
14	length_balanced_14	2026100534	0.2	69	localentity:587893b0464eb19053263023	localentity:dc353cf1b082054fe3df3b93	1d8333f8fb7dcb825b9a1cd780cac90c433ce67e18341c63f77119b3cb86eba6	00f2a54a074be251c2b6a807bf2a2bed61ee2a07a14fd06ad752ca2605e7d49a	73	73	7	7	0	0	0.0	0.0
14	length_balanced_14	2026100534	0.2	69	localentity:5a14856655c54b0826e246b9	localentity:8bf1d242afa1e522b26081a6	5b3ca63f99a0ccbc2a14f63444f3c7ae71f39a43b1e7f1203bb072723970b2ce	7341dff866fcad6c986ae9ab80a58d9627e36feb7e5dba6415fe8582414ab990	69	71	7	7	2	0	0.028985507246376812	0.0
14	length_balanced_14	2026100534	0.2	69	localentity:5bf84d38d462be69ef4627e7	localentity:7536111106ec557185a3073b	274898f8f29c4a0ca79574c52ea2b0d2fa0041429dc5414d0cce4c18bef56274	6a381588b792d00e10645c33e2b246c2e8dbdbaf80400df2172c5e1674f28860	52	50	6	6	2	0	0.038461538461538464	0.0
14	length_balanced_14	2026100534	0.2	69	localentity:5ce728e1957de53bf9e827ff	localentity:bffd6428b58a617fcc19a9b8	53f9602d11058cd80e3f37ca3ae833affc28eacb99cf2f92726ca27666b1ddd6	1d8333f8fb7dcb825b9a1cd780cac90c433ce67e18341c63f77119b3cb86eba6	61	73	7	7	12	0	0.19672131147540983	0.0
14	length_balanced_14	2026100534	0.2	69	localentity:6286353b35f2d03c954476a4	localentity:028d462217cb771c4875d196	1a27139960ee752b6a8f6231ccd228040c70faf034a073556d99fd78d32c12cd	d942de671b2308a7ab59f39f18949c0f07f93b6768138c2720aacad06b3fbf8d	45	36	6	5	9	1	0.2	0.16666666666666666
14	length_balanced_14	2026100534	0.2	69	localentity:6bfd4ac417754224d615e0fd	localentity:d23e1f8eaba7eba32c459796	851d8b37b1bb22190bdf7f01230f17635dd14eb362ae05346a7e8271647ffb6c	55f3cd643eb9cfc1d63969b6f8834701d8783371fccecedac65b7b005d370208	68	63	8	8	5	0	0.07352941176470588	0.0
14	length_balanced_14	2026100534	0.2	69	localentity:6cfed425bbe09fd2228dcdec	localentity:50e3f15b00a2b0d9880bb228	ed0bb509307fea9c1b833c0d7e3e5313c42cfd669c9d19d24ccd9b810b63aa76	63ac7e4ab709c319d833c06d289a7fd7af9d840d58f651410e402e8d7842553c	177	174	19	18	3	1	0.01694915254237288	0.05263157894736842
14	length_balanced_14	2026100534	0.2	69	localentity:6ea0c6e37fddf8fd506a9d36	localentity:587893b0464eb19053263023	7341dff866fcad6c986ae9ab80a58d9627e36feb7e5dba6415fe8582414ab990	1d8333f8fb7dcb825b9a1cd780cac90c433ce67e18341c63f77119b3cb86eba6	71	73	7	7	2	0	0.028169014084507043	0.0
14	length_balanced_14	2026100534	0.2	69	localentity:7059ad6b26889a2a5fb6d28f	localentity:3310497069b0015d6d6866dc	7b73e415b7f1ffcb51a675e9f9874718829e1b0b6e0f245c194826331a288fd7	81288f4bbd9799f7de93789ca60759f6382eb12b1942b0395d10fda06005e4d6	181	171	19	20	10	1	0.055248618784530384	0.05263157894736842
14	length_balanced_14	2026100534	0.2	69	localentity:7536111106ec557185a3073b	localentity:fdb3569df605118d8a98eb43	6a381588b792d00e10645c33e2b246c2e8dbdbaf80400df2172c5e1674f28860	d942de671b2308a7ab59f39f18949c0f07f93b6768138c2720aacad06b3fbf8d	50	36	6	5	14	1	0.28	0.16666666666666666
14	length_balanced_14	2026100534	0.2	69	localentity:782fc52de3b3df027712c4dc	localentity:9e736491b40ad49317383122	a40fd3def1140ad1bba96fe4389be43be9b052881fae50983fd2a798f43aa022	612987ee6997aed8fa39c1a8322093b5e85bad732a7b3d74ead7dbeb7c3956a2	153	148	17	15	5	2	0.032679738562091505	0.11764705882352941
14	length_balanced_14	2026100534	0.2	69	localentity:792c35007fd6b835fd4d16c4	localentity:b18ef729b45b2c454ac8932c	d72295968fc84ec82aa3ab17c7cef3a38ed13483e6b557f6cf646e28957ba38a	8563557a9e62ba1e88d03fa5151ec3c4b6961a0264b5de8124c7cb52d75e99dd	99	110	13	12	11	1	0.1111111111111111	0.07692307692307693
14	length_balanced_14	2026100534	0.2	69	localentity:7ded944e56e6a89265bc4eae	localentity:b8414499f9575213bc9951c5	274898f8f29c4a0ca79574c52ea2b0d2fa0041429dc5414d0cce4c18bef56274	5967f7b34279a307fce6ff054e26b2389341c16dc21d2ce884e098c9b8a46628	52	60	6	6	8	0	0.15384615384615385	0.0
14	length_balanced_14	2026100534	0.2	69	localentity:8883362cb7bc384cdfb665b3	localentity:a7edcf0395abe679c80950da	cdc066e9f49b5c2fb8827c1f5709a1eb459a4fc63a5f435fad085dad1f35cfb3	e0a388cbaa922558e3f003bcafdff9e30d877ec0460ade601eacd926b751d8a2	379	691	41	78	312	37	0.8232189973614775	0.9024390243902439
14	length_balanced_14	2026100534	0.2	69	localentity:8b6ebc5c05ad29d84c76f634	localentity:b50e885a27329923556ea367	24130a414d9acc8b9e0212a9d40c7da3764d4cd6b31e33a1086a9d59ffaa6525	aad5fd5d9cca3ddbf8a90253a4561980ca60771585f0e8b7ae621777c594907a	67	76	8	8	9	0	0.13432835820895522	0.0
14	length_balanced_14	2026100534	0.2	69	localentity:8bf1d242afa1e522b26081a6	localentity:5a14856655c54b0826e246b9	7341dff866fcad6c986ae9ab80a58d9627e36feb7e5dba6415fe8582414ab990	5b3ca63f99a0ccbc2a14f63444f3c7ae71f39a43b1e7f1203bb072723970b2ce	71	69	7	7	2	0	0.028169014084507043	0.0
14	length_balanced_14	2026100534	0.2	69	localentity:960ef9ebe8b264bf1051ee8c	localentity:ec908be7a236c726e270b643	1a0a0eba4cf56d9491264d3df1549007d1f533b72f592c1dd5aef6e6132f66d5	2f9dbc62c95bb68953a92d1e80f5f3f2e9e6fd873e180e77c5cfa8f9817f2ad1	187	213	23	20	26	3	0.13903743315508021	0.13043478260869565
14	length_balanced_14	2026100534	0.2	69	localentity:9e736491b40ad49317383122	localentity:782fc52de3b3df027712c4dc	612987ee6997aed8fa39c1a8322093b5e85bad732a7b3d74ead7dbeb7c3956a2	a40fd3def1140ad1bba96fe4389be43be9b052881fae50983fd2a798f43aa022	148	153	15	17	5	2	0.033783783783783786	0.13333333333333333
14	length_balanced_14	2026100534	0.2	69	localentity:9ebaad993a34cb81c36093e5	localentity:7ded944e56e6a89265bc4eae	80a99ce643c3daa2647011f1e2918826823a9a9fe01849fb296533e8a4550208	274898f8f29c4a0ca79574c52ea2b0d2fa0041429dc5414d0cce4c18bef56274	61	52	6	6	9	0	0.14754098360655737	0.0
14	length_balanced_14	2026100534	0.2	69	localentity:a6ecf5ebe170b8f50a18418f	localentity:b74ff55a2dc32c1ea5811fca	d942de671b2308a7ab59f39f18949c0f07f93b6768138c2720aacad06b3fbf8d	36afba0acdfc13e711109c074586876f9a4f15063ecb4075ece57f315eacaf4f	36	49	5	5	13	0	0.3611111111111111	0.0
14	length_balanced_14	2026100534	0.2	69	localentity:a7edcf0395abe679c80950da	localentity:e5404f13bc1e889099bae606	e0a388cbaa922558e3f003bcafdff9e30d877ec0460ade601eacd926b751d8a2	d58d2b6d4cfc44384af536672e0af7539b9dc919b0a6fc3d9e392258f4b1efec	691	369	78	39	322	39	0.46599131693198265	0.5
14	length_balanced_14	2026100534	0.2	69	localentity:aac1641eb6476d7d3274844b	localentity:2b1b3658c6caa3941ee28882	274898f8f29c4a0ca79574c52ea2b0d2fa0041429dc5414d0cce4c18bef56274	d942de671b2308a7ab59f39f18949c0f07f93b6768138c2720aacad06b3fbf8d	52	36	6	5	16	1	0.3076923076923077	0.16666666666666666
14	length_balanced_14	2026100534	0.2	69	localentity:aae4d88d7dd87a6b9b170cac	localentity:454114ced8f67b52dae3185e	8fae9830656ace746d823f9b6392200ed2dd591fbc50da14e550ffd94e51dfd1	35ded772a20b7fbb3c620927a1460f61856d06d496d88ea19d6c36c0188b0899	125	101	11	11	24	0	0.192	0.0
14	length_balanced_14	2026100534	0.2	69	localentity:ad9318e0877eeaae6a8bbcfd	localentity:c1f58836c56bd545ab620fd4	94100b5ed4a54caf7ceb9240fbf5fd03f3a48f3fae05ffdf6dd43e0d4a867adf	90d984635d0cc6bb66a9539ed83153a79dd8b9ab8d5245ceaff2b02d5b2a9826	54	57	8	8	3	0	0.05555555555555555	0.0
14	length_balanced_14	2026100534	0.2	69	localentity:b18ef729b45b2c454ac8932c	localentity:aae4d88d7dd87a6b9b170cac	8563557a9e62ba1e88d03fa5151ec3c4b6961a0264b5de8124c7cb52d75e99dd	8fae9830656ace746d823f9b6392200ed2dd591fbc50da14e550ffd94e51dfd1	110	125	12	11	15	1	0.13636363636363635	0.08333333333333333
14	length_balanced_14	2026100534	0.2	69	localentity:b4cfbd0ef230b997b022b207	localentity:40b4083f36b311a7ee5ae78e	b1c1241e17aca8ecd9ff64fa8a44e3cfa8b01e15ed834a54e2380c5ff0ef94bd	59a0c61d78b8bf664c061fca507c003c8899e0328136e92de65b0f461cbcb040	132	133	15	13	1	2	0.007575757575757576	0.13333333333333333
14	length_balanced_14	2026100534	0.2	69	localentity:b4e7d8261502f18b0a9cbc87	localentity:eb7bac7a626cb929ed6d43aa	4845617182a06160ee3c7a095ce9a95bb8464c3b734de30ef1dd961e5f09ec21	35ded772a20b7fbb3c620927a1460f61856d06d496d88ea19d6c36c0188b0899	97	101	11	11	4	0	0.041237113402061855	0.0
14	length_balanced_14	2026100534	0.2	69	localentity:b50e885a27329923556ea367	localentity:8b6ebc5c05ad29d84c76f634	aad5fd5d9cca3ddbf8a90253a4561980ca60771585f0e8b7ae621777c594907a	24130a414d9acc8b9e0212a9d40c7da3764d4cd6b31e33a1086a9d59ffaa6525	76	67	8	8	9	0	0.11842105263157894	0.0
14	length_balanced_14	2026100534	0.2	69	localentity:b74ff55a2dc32c1ea5811fca	localentity:a6ecf5ebe170b8f50a18418f	36afba0acdfc13e711109c074586876f9a4f15063ecb4075ece57f315eacaf4f	d942de671b2308a7ab59f39f18949c0f07f93b6768138c2720aacad06b3fbf8d	49	36	5	5	13	0	0.2653061224489796	0.0
14	length_balanced_14	2026100534	0.2	69	localentity:b8414499f9575213bc9951c5	localentity:9ebaad993a34cb81c36093e5	5967f7b34279a307fce6ff054e26b2389341c16dc21d2ce884e098c9b8a46628	80a99ce643c3daa2647011f1e2918826823a9a9fe01849fb296533e8a4550208	60	61	6	6	1	0	0.016666666666666666	0.0
14	length_balanced_14	2026100534	0.2	69	localentity:bffd6428b58a617fcc19a9b8	localentity:6ea0c6e37fddf8fd506a9d36	1d8333f8fb7dcb825b9a1cd780cac90c433ce67e18341c63f77119b3cb86eba6	7341dff866fcad6c986ae9ab80a58d9627e36feb7e5dba6415fe8582414ab990	73	71	7	7	2	0	0.0273972602739726	0.0
14	length_balanced_14	2026100534	0.2	69	localentity:c1f58836c56bd545ab620fd4	localentity:272e9169628f3a6ba7420d76	90d984635d0cc6bb66a9539ed83153a79dd8b9ab8d5245ceaff2b02d5b2a9826	93d04f2aa026899ac953748e356c886a68c42013012ba6f6eca775c25cae4a01	57	48	8	9	9	1	0.15789473684210525	0.125
14	length_balanced_14	2026100534	0.2	69	localentity:c74fdff99aead8264ce65d91	localentity:fcc22f2eac4763de5ab3b970	e87ba8e48fd8bc4d9a401ab5aa874c6f1f6dce49407760df2bc93c3417ab7ba7	011974d219bab421b78dfed01b30b647f142848b74956d1c3c6679b62f9ceb89	233	272	25	31	39	6	0.16738197424892703	0.24
14	length_balanced_14	2026100534	0.2	69	localentity:d23e1f8eaba7eba32c459796	localentity:5ce728e1957de53bf9e827ff	55f3cd643eb9cfc1d63969b6f8834701d8783371fccecedac65b7b005d370208	53f9602d11058cd80e3f37ca3ae833affc28eacb99cf2f92726ca27666b1ddd6	63	61	8	7	2	1	0.031746031746031744	0.125
14	length_balanced_14	2026100534	0.2	69	localentity:d321ea3d68897e0102a9df19	localentity:6bfd4ac417754224d615e0fd	55f3cd643eb9cfc1d63969b6f8834701d8783371fccecedac65b7b005d370208	851d8b37b1bb22190bdf7f01230f17635dd14eb362ae05346a7e8271647ffb6c	63	68	8	8	5	0	0.07936507936507936	0.0
14	length_balanced_14	2026100534	0.2	69	localentity:dc353cf1b082054fe3df3b93	localentity:1e21c490ec65c6aa8f1d84b7	00f2a54a074be251c2b6a807bf2a2bed61ee2a07a14fd06ad752ca2605e7d49a	04fbfd8af617351d4fe1d73b91d535ac0aa620a8b2567da12b8bdfed27807444	73	68	7	7	5	0	0.0684931506849315	0.0
14	length_balanced_14	2026100534	0.2	69	localentity:ddcd67031137902587164378	localentity:462e44494ff027730349f96b	7341dff866fcad6c986ae9ab80a58d9627e36feb7e5dba6415fe8582414ab990	1d8333f8fb7dcb825b9a1cd780cac90c433ce67e18341c63f77119b3cb86eba6	71	73	7	7	2	0	0.028169014084507043	0.0
14	length_balanced_14	2026100534	0.2	69	localentity:de0da30e013fa9b0ac4f3ed8	localentity:b4cfbd0ef230b997b022b207	cb6d0c7d700ff6c2f2beef588640dc100d673f712b49c5e87e7a6e5f26a49da4	b1c1241e17aca8ecd9ff64fa8a44e3cfa8b01e15ed834a54e2380c5ff0ef94bd	128	132	14	15	4	1	0.03125	0.07142857142857142
14	length_balanced_14	2026100534	0.2	69	localentity:e24cdf9c28a133f1f759182c	localentity:d321ea3d68897e0102a9df19	7729d359e95bcc669735c6b140878e92b5a69a0c31d217cc3178754fc515af07	55f3cd643eb9cfc1d63969b6f8834701d8783371fccecedac65b7b005d370208	71	63	9	8	8	1	0.11267605633802817	0.1111111111111111
14	length_balanced_14	2026100534	0.2	69	localentity:e5404f13bc1e889099bae606	localentity:8883362cb7bc384cdfb665b3	d58d2b6d4cfc44384af536672e0af7539b9dc919b0a6fc3d9e392258f4b1efec	cdc066e9f49b5c2fb8827c1f5709a1eb459a4fc63a5f435fad085dad1f35cfb3	369	379	39	41	10	2	0.02710027100271003	0.05128205128205128
14	length_balanced_14	2026100534	0.2	69	localentity:e63625c4cedf6c47f2eb071c	localentity:07aa24afd39f643b44d67ee7	274898f8f29c4a0ca79574c52ea2b0d2fa0041429dc5414d0cce4c18bef56274	b6efa4d5ac11967babed26627536e32c9a19d562d5fa150f056f7744217939c6	52	55	6	6	3	0	0.057692307692307696	0.0
14	length_balanced_14	2026100534	0.2	69	localentity:eb7bac7a626cb929ed6d43aa	localentity:792c35007fd6b835fd4d16c4	35ded772a20b7fbb3c620927a1460f61856d06d496d88ea19d6c36c0188b0899	d72295968fc84ec82aa3ab17c7cef3a38ed13483e6b557f6cf646e28957ba38a	101	99	11	13	2	2	0.019801980198019802	0.18181818181818182
14	length_balanced_14	2026100534	0.2	69	localentity:ec908be7a236c726e270b643	localentity:960ef9ebe8b264bf1051ee8c	2f9dbc62c95bb68953a92d1e80f5f3f2e9e6fd873e180e77c5cfa8f9817f2ad1	1a0a0eba4cf56d9491264d3df1549007d1f533b72f592c1dd5aef6e6132f66d5	213	187	20	23	26	3	0.12206572769953052	0.15
14	length_balanced_14	2026100534	0.2	69	localentity:fcc22f2eac4763de5ab3b970	localentity:c74fdff99aead8264ce65d91	011974d219bab421b78dfed01b30b647f142848b74956d1c3c6679b62f9ceb89	e87ba8e48fd8bc4d9a401ab5aa874c6f1f6dce49407760df2bc93c3417ab7ba7	272	233	31	25	39	6	0.14338235294117646	0.1935483870967742
14	length_balanced_14	2026100534	0.2	69	localentity:fdb3569df605118d8a98eb43	localentity:6286353b35f2d03c954476a4	d942de671b2308a7ab59f39f18949c0f07f93b6768138c2720aacad06b3fbf8d	1a27139960ee752b6a8f6231ccd228040c70faf034a073556d99fd78d32c12cd	36	45	5	6	9	1	0.25	0.2
15	length_balanced_15	2026100540	0.2	13	localentity:028d462217cb771c4875d196	localentity:7536111106ec557185a3073b	d942de671b2308a7ab59f39f18949c0f07f93b6768138c2720aacad06b3fbf8d	6a381588b792d00e10645c33e2b246c2e8dbdbaf80400df2172c5e1674f28860	36	50	5	6	14	1	0.3888888888888889	0.2
15	length_balanced_15	2026100540	0.2	13	localentity:07aa24afd39f643b44d67ee7	localentity:5bf84d38d462be69ef4627e7	b6efa4d5ac11967babed26627536e32c9a19d562d5fa150f056f7744217939c6	274898f8f29c4a0ca79574c52ea2b0d2fa0041429dc5414d0cce4c18bef56274	55	52	6	6	3	0	0.05454545454545454	0.0
15	length_balanced_15	2026100540	0.2	13	localentity:1e21c490ec65c6aa8f1d84b7	localentity:5ce728e1957de53bf9e827ff	04fbfd8af617351d4fe1d73b91d535ac0aa620a8b2567da12b8bdfed27807444	53f9602d11058cd80e3f37ca3ae833affc28eacb99cf2f92726ca27666b1ddd6	68	61	7	7	7	0	0.10294117647058823	0.0
15	length_balanced_15	2026100540	0.2	13	localentity:272e9169628f3a6ba7420d76	localentity:d23e1f8eaba7eba32c459796	93d04f2aa026899ac953748e356c886a68c42013012ba6f6eca775c25cae4a01	55f3cd643eb9cfc1d63969b6f8834701d8783371fccecedac65b7b005d370208	48	63	9	8	15	1	0.3125	0.1111111111111111
15	length_balanced_15	2026100540	0.2	13	localentity:2b1b3658c6caa3941ee28882	localentity:e63625c4cedf6c47f2eb071c	d942de671b2308a7ab59f39f18949c0f07f93b6768138c2720aacad06b3fbf8d	274898f8f29c4a0ca79574c52ea2b0d2fa0041429dc5414d0cce4c18bef56274	36	52	5	6	16	1	0.4444444444444444	0.2
15	length_balanced_15	2026100540	0.2	13	localentity:2e169a0857dc1d4f0315b724	localentity:36b6809cd394b93106bc4aaf	c80c4516676027fbb57a05c76f9efbebd7221038647165221af116aa69d65afb	2f633ad1cb4e3029dacc27a126a04e57fc0fe03da3b8baf559db189b0dd7f1cb	83	85	10	11	2	1	0.024096385542168676	0.1
15	length_balanced_15	2026100540	0.2	13	localentity:3310497069b0015d6d6866dc	localentity:960ef9ebe8b264bf1051ee8c	81288f4bbd9799f7de93789ca60759f6382eb12b1942b0395d10fda06005e4d6	1a0a0eba4cf56d9491264d3df1549007d1f533b72f592c1dd5aef6e6132f66d5	171	187	20	23	16	3	0.0935672514619883	0.15
15	length_balanced_15	2026100540	0.2	13	localentity:36b6809cd394b93106bc4aaf	localentity:2e169a0857dc1d4f0315b724	2f633ad1cb4e3029dacc27a126a04e57fc0fe03da3b8baf559db189b0dd7f1cb	c80c4516676027fbb57a05c76f9efbebd7221038647165221af116aa69d65afb	85	83	11	10	2	1	0.023529411764705882	0.09090909090909091
15	length_balanced_15	2026100540	0.2	13	localentity:40b4083f36b311a7ee5ae78e	localentity:de0da30e013fa9b0ac4f3ed8	59a0c61d78b8bf664c061fca507c003c8899e0328136e92de65b0f461cbcb040	cb6d0c7d700ff6c2f2beef588640dc100d673f712b49c5e87e7a6e5f26a49da4	133	128	13	14	5	1	0.03759398496240601	0.07692307692307693
15	length_balanced_15	2026100540	0.2	13	localentity:454114ced8f67b52dae3185e	localentity:b4e7d8261502f18b0a9cbc87	35ded772a20b7fbb3c620927a1460f61856d06d496d88ea19d6c36c0188b0899	4845617182a06160ee3c7a095ce9a95bb8464c3b734de30ef1dd961e5f09ec21	101	97	11	11	4	0	0.039603960396039604	0.0
15	length_balanced_15	2026100540	0.2	13	localentity:462e44494ff027730349f96b	localentity:8bf1d242afa1e522b26081a6	1d8333f8fb7dcb825b9a1cd780cac90c433ce67e18341c63f77119b3cb86eba6	7341dff866fcad6c986ae9ab80a58d9627e36feb7e5dba6415fe8582414ab990	73	71	7	7	2	0	0.0273972602739726	0.0
15	length_balanced_15	2026100540	0.2	13	localentity:50e3f15b00a2b0d9880bb228	localentity:6cfed425bbe09fd2228dcdec	63ac7e4ab709c319d833c06d289a7fd7af9d840d58f651410e402e8d7842553c	ed0bb509307fea9c1b833c0d7e3e5313c42cfd669c9d19d24ccd9b810b63aa76	174	177	18	19	3	1	0.017241379310344827	0.05555555555555555
15	length_balanced_15	2026100540	0.2	13	localentity:587893b0464eb19053263023	localentity:ddcd67031137902587164378	1d8333f8fb7dcb825b9a1cd780cac90c433ce67e18341c63f77119b3cb86eba6	7341dff866fcad6c986ae9ab80a58d9627e36feb7e5dba6415fe8582414ab990	73	71	7	7	2	0	0.0273972602739726	0.0
15	length_balanced_15	2026100540	0.2	13	localentity:5a14856655c54b0826e246b9	localentity:6ea0c6e37fddf8fd506a9d36	5b3ca63f99a0ccbc2a14f63444f3c7ae71f39a43b1e7f1203bb072723970b2ce	7341dff866fcad6c986ae9ab80a58d9627e36feb7e5dba6415fe8582414ab990	69	71	7	7	2	0	0.028985507246376812	0.0
15	length_balanced_15	2026100540	0.2	13	localentity:5bf84d38d462be69ef4627e7	localentity:07aa24afd39f643b44d67ee7	274898f8f29c4a0ca79574c52ea2b0d2fa0041429dc5414d0cce4c18bef56274	b6efa4d5ac11967babed26627536e32c9a19d562d5fa150f056f7744217939c6	52	55	6	6	3	0	0.057692307692307696	0.0
15	length_balanced_15	2026100540	0.2	13	localentity:5ce728e1957de53bf9e827ff	localentity:d321ea3d68897e0102a9df19	53f9602d11058cd80e3f37ca3ae833affc28eacb99cf2f92726ca27666b1ddd6	55f3cd643eb9cfc1d63969b6f8834701d8783371fccecedac65b7b005d370208	61	63	7	8	2	1	0.03278688524590164	0.14285714285714285
15	length_balanced_15	2026100540	0.2	13	localentity:6286353b35f2d03c954476a4	localentity:a6ecf5ebe170b8f50a18418f	1a27139960ee752b6a8f6231ccd228040c70faf034a073556d99fd78d32c12cd	d942de671b2308a7ab59f39f18949c0f07f93b6768138c2720aacad06b3fbf8d	45	36	6	5	9	1	0.2	0.16666666666666666
15	length_balanced_15	2026100540	0.2	13	localentity:6bfd4ac417754224d615e0fd	localentity:8b6ebc5c05ad29d84c76f634	851d8b37b1bb22190bdf7f01230f17635dd14eb362ae05346a7e8271647ffb6c	24130a414d9acc8b9e0212a9d40c7da3764d4cd6b31e33a1086a9d59ffaa6525	68	67	8	8	1	0	0.014705882352941176	0.0
15	length_balanced_15	2026100540	0.2	13	localentity:6cfed425bbe09fd2228dcdec	localentity:50e3f15b00a2b0d9880bb228	ed0bb509307fea9c1b833c0d7e3e5313c42cfd669c9d19d24ccd9b810b63aa76	63ac7e4ab709c319d833c06d289a7fd7af9d840d58f651410e402e8d7842553c	177	174	19	18	3	1	0.01694915254237288	0.05263157894736842
15	length_balanced_15	2026100540	0.2	13	localentity:6ea0c6e37fddf8fd506a9d36	localentity:1e21c490ec65c6aa8f1d84b7	7341dff866fcad6c986ae9ab80a58d9627e36feb7e5dba6415fe8582414ab990	04fbfd8af617351d4fe1d73b91d535ac0aa620a8b2567da12b8bdfed27807444	71	68	7	7	3	0	0.04225352112676056	0.0
15	length_balanced_15	2026100540	0.2	13	localentity:7059ad6b26889a2a5fb6d28f	localentity:ec908be7a236c726e270b643	7b73e415b7f1ffcb51a675e9f9874718829e1b0b6e0f245c194826331a288fd7	2f9dbc62c95bb68953a92d1e80f5f3f2e9e6fd873e180e77c5cfa8f9817f2ad1	181	213	19	20	32	1	0.17679558011049723	0.05263157894736842
15	length_balanced_15	2026100540	0.2	13	localentity:7536111106ec557185a3073b	localentity:7ded944e56e6a89265bc4eae	6a381588b792d00e10645c33e2b246c2e8dbdbaf80400df2172c5e1674f28860	274898f8f29c4a0ca79574c52ea2b0d2fa0041429dc5414d0cce4c18bef56274	50	52	6	6	2	0	0.04	0.0
15	length_balanced_15	2026100540	0.2	13	localentity:782fc52de3b3df027712c4dc	localentity:b4cfbd0ef230b997b022b207	a40fd3def1140ad1bba96fe4389be43be9b052881fae50983fd2a798f43aa022	b1c1241e17aca8ecd9ff64fa8a44e3cfa8b01e15ed834a54e2380c5ff0ef94bd	153	132	17	15	21	2	0.13725490196078433	0.11764705882352941
15	length_balanced_15	2026100540	0.2	13	localentity:792c35007fd6b835fd4d16c4	localentity:eb7bac7a626cb929ed6d43aa	d72295968fc84ec82aa3ab17c7cef3a38ed13483e6b557f6cf646e28957ba38a	35ded772a20b7fbb3c620927a1460f61856d06d496d88ea19d6c36c0188b0899	99	101	13	11	2	2	0.020202020202020204	0.15384615384615385
15	length_balanced_15	2026100540	0.2	13	localentity:7ded944e56e6a89265bc4eae	localentity:fdb3569df605118d8a98eb43	274898f8f29c4a0ca79574c52ea2b0d2fa0041429dc5414d0cce4c18bef56274	d942de671b2308a7ab59f39f18949c0f07f93b6768138c2720aacad06b3fbf8d	52	36	6	5	16	1	0.3076923076923077	0.16666666666666666
15	length_balanced_15	2026100540	0.2	13	localentity:8883362cb7bc384cdfb665b3	localentity:e5404f13bc1e889099bae606	cdc066e9f49b5c2fb8827c1f5709a1eb459a4fc63a5f435fad085dad1f35cfb3	d58d2b6d4cfc44384af536672e0af7539b9dc919b0a6fc3d9e392258f4b1efec	379	369	41	39	10	2	0.026385224274406333	0.04878048780487805
15	length_balanced_15	2026100540	0.2	13	localentity:8b6ebc5c05ad29d84c76f634	localentity:e24cdf9c28a133f1f759182c	24130a414d9acc8b9e0212a9d40c7da3764d4cd6b31e33a1086a9d59ffaa6525	7729d359e95bcc669735c6b140878e92b5a69a0c31d217cc3178754fc515af07	67	71	8	9	4	1	0.05970149253731343	0.125
15	length_balanced_15	2026100540	0.2	13	localentity:8bf1d242afa1e522b26081a6	localentity:5a14856655c54b0826e246b9	7341dff866fcad6c986ae9ab80a58d9627e36feb7e5dba6415fe8582414ab990	5b3ca63f99a0ccbc2a14f63444f3c7ae71f39a43b1e7f1203bb072723970b2ce	71	69	7	7	2	0	0.028169014084507043	0.0
15	length_balanced_15	2026100540	0.2	13	localentity:960ef9ebe8b264bf1051ee8c	localentity:3310497069b0015d6d6866dc	1a0a0eba4cf56d9491264d3df1549007d1f533b72f592c1dd5aef6e6132f66d5	81288f4bbd9799f7de93789ca60759f6382eb12b1942b0395d10fda06005e4d6	187	171	23	20	16	3	0.0855614973262032	0.13043478260869565
15	length_balanced_15	2026100540	0.2	13	localentity:9e736491b40ad49317383122	localentity:782fc52de3b3df027712c4dc	612987ee6997aed8fa39c1a8322093b5e85bad732a7b3d74ead7dbeb7c3956a2	a40fd3def1140ad1bba96fe4389be43be9b052881fae50983fd2a798f43aa022	148	153	15	17	5	2	0.033783783783783786	0.13333333333333333
15	length_balanced_15	2026100540	0.2	13	localentity:9ebaad993a34cb81c36093e5	localentity:aac1641eb6476d7d3274844b	80a99ce643c3daa2647011f1e2918826823a9a9fe01849fb296533e8a4550208	274898f8f29c4a0ca79574c52ea2b0d2fa0041429dc5414d0cce4c18bef56274	61	52	6	6	9	0	0.14754098360655737	0.0
15	length_balanced_15	2026100540	0.2	13	localentity:a6ecf5ebe170b8f50a18418f	localentity:b74ff55a2dc32c1ea5811fca	d942de671b2308a7ab59f39f18949c0f07f93b6768138c2720aacad06b3fbf8d	36afba0acdfc13e711109c074586876f9a4f15063ecb4075ece57f315eacaf4f	36	49	5	5	13	0	0.3611111111111111	0.0
15	length_balanced_15	2026100540	0.2	13	localentity:a7edcf0395abe679c80950da	localentity:8883362cb7bc384cdfb665b3	e0a388cbaa922558e3f003bcafdff9e30d877ec0460ade601eacd926b751d8a2	cdc066e9f49b5c2fb8827c1f5709a1eb459a4fc63a5f435fad085dad1f35cfb3	691	379	78	41	312	37	0.4515195369030391	0.47435897435897434
15	length_balanced_15	2026100540	0.2	13	localentity:aac1641eb6476d7d3274844b	localentity:028d462217cb771c4875d196	274898f8f29c4a0ca79574c52ea2b0d2fa0041429dc5414d0cce4c18bef56274	d942de671b2308a7ab59f39f18949c0f07f93b6768138c2720aacad06b3fbf8d	52	36	6	5	16	1	0.3076923076923077	0.16666666666666666
15	length_balanced_15	2026100540	0.2	13	localentity:aae4d88d7dd87a6b9b170cac	localentity:40b4083f36b311a7ee5ae78e	8fae9830656ace746d823f9b6392200ed2dd591fbc50da14e550ffd94e51dfd1	59a0c61d78b8bf664c061fca507c003c8899e0328136e92de65b0f461cbcb040	125	133	11	13	8	2	0.064	0.18181818181818182
15	length_balanced_15	2026100540	0.2	13	localentity:ad9318e0877eeaae6a8bbcfd	localentity:272e9169628f3a6ba7420d76	94100b5ed4a54caf7ceb9240fbf5fd03f3a48f3fae05ffdf6dd43e0d4a867adf	93d04f2aa026899ac953748e356c886a68c42013012ba6f6eca775c25cae4a01	54	48	8	9	6	1	0.1111111111111111	0.125
15	length_balanced_15	2026100540	0.2	13	localentity:b18ef729b45b2c454ac8932c	localentity:792c35007fd6b835fd4d16c4	8563557a9e62ba1e88d03fa5151ec3c4b6961a0264b5de8124c7cb52d75e99dd	d72295968fc84ec82aa3ab17c7cef3a38ed13483e6b557f6cf646e28957ba38a	110	99	12	13	11	1	0.1	0.08333333333333333
15	length_balanced_15	2026100540	0.2	13	localentity:b4cfbd0ef230b997b022b207	localentity:9e736491b40ad49317383122	b1c1241e17aca8ecd9ff64fa8a44e3cfa8b01e15ed834a54e2380c5ff0ef94bd	612987ee6997aed8fa39c1a8322093b5e85bad732a7b3d74ead7dbeb7c3956a2	132	148	15	15	16	0	0.12121212121212122	0.0
15	length_balanced_15	2026100540	0.2	13	localentity:b4e7d8261502f18b0a9cbc87	localentity:454114ced8f67b52dae3185e	4845617182a06160ee3c7a095ce9a95bb8464c3b734de30ef1dd961e5f09ec21	35ded772a20b7fbb3c620927a1460f61856d06d496d88ea19d6c36c0188b0899	97	101	11	11	4	0	0.041237113402061855	0.0
15	length_balanced_15	2026100540	0.2	13	localentity:b50e885a27329923556ea367	localentity:bffd6428b58a617fcc19a9b8	aad5fd5d9cca3ddbf8a90253a4561980ca60771585f0e8b7ae621777c594907a	1d8333f8fb7dcb825b9a1cd780cac90c433ce67e18341c63f77119b3cb86eba6	76	73	8	7	3	1	0.039473684210526314	0.125
15	length_balanced_15	2026100540	0.2	13	localentity:b74ff55a2dc32c1ea5811fca	localentity:2b1b3658c6caa3941ee28882	36afba0acdfc13e711109c074586876f9a4f15063ecb4075ece57f315eacaf4f	d942de671b2308a7ab59f39f18949c0f07f93b6768138c2720aacad06b3fbf8d	49	36	5	5	13	0	0.2653061224489796	0.0
15	length_balanced_15	2026100540	0.2	13	localentity:b8414499f9575213bc9951c5	localentity:9ebaad993a34cb81c36093e5	5967f7b34279a307fce6ff054e26b2389341c16dc21d2ce884e098c9b8a46628	80a99ce643c3daa2647011f1e2918826823a9a9fe01849fb296533e8a4550208	60	61	6	6	1	0	0.016666666666666666	0.0
15	length_balanced_15	2026100540	0.2	13	localentity:bffd6428b58a617fcc19a9b8	localentity:dc353cf1b082054fe3df3b93	1d8333f8fb7dcb825b9a1cd780cac90c433ce67e18341c63f77119b3cb86eba6	00f2a54a074be251c2b6a807bf2a2bed61ee2a07a14fd06ad752ca2605e7d49a	73	73	7	7	0	0	0.0	0.0
15	length_balanced_15	2026100540	0.2	13	localentity:c1f58836c56bd545ab620fd4	localentity:ad9318e0877eeaae6a8bbcfd	90d984635d0cc6bb66a9539ed83153a79dd8b9ab8d5245ceaff2b02d5b2a9826	94100b5ed4a54caf7ceb9240fbf5fd03f3a48f3fae05ffdf6dd43e0d4a867adf	57	54	8	8	3	0	0.05263157894736842	0.0
15	length_balanced_15	2026100540	0.2	13	localentity:c74fdff99aead8264ce65d91	localentity:fcc22f2eac4763de5ab3b970	e87ba8e48fd8bc4d9a401ab5aa874c6f1f6dce49407760df2bc93c3417ab7ba7	011974d219bab421b78dfed01b30b647f142848b74956d1c3c6679b62f9ceb89	233	272	25	31	39	6	0.16738197424892703	0.24
15	length_balanced_15	2026100540	0.2	13	localentity:d23e1f8eaba7eba32c459796	localentity:c1f58836c56bd545ab620fd4	55f3cd643eb9cfc1d63969b6f8834701d8783371fccecedac65b7b005d370208	90d984635d0cc6bb66a9539ed83153a79dd8b9ab8d5245ceaff2b02d5b2a9826	63	57	8	8	6	0	0.09523809523809523	0.0
15	length_balanced_15	2026100540	0.2	13	localentity:d321ea3d68897e0102a9df19	localentity:6bfd4ac417754224d615e0fd	55f3cd643eb9cfc1d63969b6f8834701d8783371fccecedac65b7b005d370208	851d8b37b1bb22190bdf7f01230f17635dd14eb362ae05346a7e8271647ffb6c	63	68	8	8	5	0	0.07936507936507936	0.0
15	length_balanced_15	2026100540	0.2	13	localentity:dc353cf1b082054fe3df3b93	localentity:587893b0464eb19053263023	00f2a54a074be251c2b6a807bf2a2bed61ee2a07a14fd06ad752ca2605e7d49a	1d8333f8fb7dcb825b9a1cd780cac90c433ce67e18341c63f77119b3cb86eba6	73	73	7	7	0	0	0.0	0.0
15	length_balanced_15	2026100540	0.2	13	localentity:ddcd67031137902587164378	localentity:462e44494ff027730349f96b	7341dff866fcad6c986ae9ab80a58d9627e36feb7e5dba6415fe8582414ab990	1d8333f8fb7dcb825b9a1cd780cac90c433ce67e18341c63f77119b3cb86eba6	71	73	7	7	2	0	0.028169014084507043	0.0
15	length_balanced_15	2026100540	0.2	13	localentity:de0da30e013fa9b0ac4f3ed8	localentity:aae4d88d7dd87a6b9b170cac	cb6d0c7d700ff6c2f2beef588640dc100d673f712b49c5e87e7a6e5f26a49da4	8fae9830656ace746d823f9b6392200ed2dd591fbc50da14e550ffd94e51dfd1	128	125	14	11	3	3	0.0234375	0.21428571428571427
15	length_balanced_15	2026100540	0.2	13	localentity:e24cdf9c28a133f1f759182c	localentity:b50e885a27329923556ea367	7729d359e95bcc669735c6b140878e92b5a69a0c31d217cc3178754fc515af07	aad5fd5d9cca3ddbf8a90253a4561980ca60771585f0e8b7ae621777c594907a	71	76	9	8	5	1	0.07042253521126761	0.1111111111111111
15	length_balanced_15	2026100540	0.2	13	localentity:e5404f13bc1e889099bae606	localentity:a7edcf0395abe679c80950da	d58d2b6d4cfc44384af536672e0af7539b9dc919b0a6fc3d9e392258f4b1efec	e0a388cbaa922558e3f003bcafdff9e30d877ec0460ade601eacd926b751d8a2	369	691	39	78	322	39	0.8726287262872628	1.0
15	length_balanced_15	2026100540	0.2	13	localentity:e63625c4cedf6c47f2eb071c	localentity:b8414499f9575213bc9951c5	274898f8f29c4a0ca79574c52ea2b0d2fa0041429dc5414d0cce4c18bef56274	5967f7b34279a307fce6ff054e26b2389341c16dc21d2ce884e098c9b8a46628	52	60	6	6	8	0	0.15384615384615385	0.0
15	length_balanced_15	2026100540	0.2	13	localentity:eb7bac7a626cb929ed6d43aa	localentity:b18ef729b45b2c454ac8932c	35ded772a20b7fbb3c620927a1460f61856d06d496d88ea19d6c36c0188b0899	8563557a9e62ba1e88d03fa5151ec3c4b6961a0264b5de8124c7cb52d75e99dd	101	110	11	12	9	1	0.0891089108910891	0.09090909090909091
15	length_balanced_15	2026100540	0.2	13	localentity:ec908be7a236c726e270b643	localentity:7059ad6b26889a2a5fb6d28f	2f9dbc62c95bb68953a92d1e80f5f3f2e9e6fd873e180e77c5cfa8f9817f2ad1	7b73e415b7f1ffcb51a675e9f9874718829e1b0b6e0f245c194826331a288fd7	213	181	20	19	32	1	0.15023474178403756	0.05
15	length_balanced_15	2026100540	0.2	13	localentity:fcc22f2eac4763de5ab3b970	localentity:c74fdff99aead8264ce65d91	011974d219bab421b78dfed01b30b647f142848b74956d1c3c6679b62f9ceb89	e87ba8e48fd8bc4d9a401ab5aa874c6f1f6dce49407760df2bc93c3417ab7ba7	272	233	31	25	39	6	0.14338235294117646	0.1935483870967742
15	length_balanced_15	2026100540	0.2	13	localentity:fdb3569df605118d8a98eb43	localentity:6286353b35f2d03c954476a4	d942de671b2308a7ab59f39f18949c0f07f93b6768138c2720aacad06b3fbf8d	1a27139960ee752b6a8f6231ccd228040c70faf034a073556d99fd78d32c12cd	36	45	5	6	9	1	0.25	0.2
16	length_balanced_16	2026100521	0.1	77	localentity:028d462217cb771c4875d196	localentity:7536111106ec557185a3073b	d942de671b2308a7ab59f39f18949c0f07f93b6768138c2720aacad06b3fbf8d	6a381588b792d00e10645c33e2b246c2e8dbdbaf80400df2172c5e1674f28860	36	50	5	6	14	1	0.3888888888888889	0.2
16	length_balanced_16	2026100521	0.1	77	localentity:07aa24afd39f643b44d67ee7	localentity:7ded944e56e6a89265bc4eae	b6efa4d5ac11967babed26627536e32c9a19d562d5fa150f056f7744217939c6	274898f8f29c4a0ca79574c52ea2b0d2fa0041429dc5414d0cce4c18bef56274	55	52	6	6	3	0	0.05454545454545454	0.0
16	length_balanced_16	2026100521	0.1	77	localentity:1e21c490ec65c6aa8f1d84b7	localentity:8bf1d242afa1e522b26081a6	04fbfd8af617351d4fe1d73b91d535ac0aa620a8b2567da12b8bdfed27807444	7341dff866fcad6c986ae9ab80a58d9627e36feb7e5dba6415fe8582414ab990	68	71	7	7	3	0	0.04411764705882353	0.0
16	length_balanced_16	2026100521	0.1	77	localentity:272e9169628f3a6ba7420d76	localentity:ad9318e0877eeaae6a8bbcfd	93d04f2aa026899ac953748e356c886a68c42013012ba6f6eca775c25cae4a01	94100b5ed4a54caf7ceb9240fbf5fd03f3a48f3fae05ffdf6dd43e0d4a867adf	48	54	9	8	6	1	0.125	0.1111111111111111
16	length_balanced_16	2026100521	0.1	77	localentity:2b1b3658c6caa3941ee28882	localentity:b74ff55a2dc32c1ea5811fca	d942de671b2308a7ab59f39f18949c0f07f93b6768138c2720aacad06b3fbf8d	36afba0acdfc13e711109c074586876f9a4f15063ecb4075ece57f315eacaf4f	36	49	5	5	13	0	0.3611111111111111	0.0
16	length_balanced_16	2026100521	0.1	77	localentity:2e169a0857dc1d4f0315b724	localentity:36b6809cd394b93106bc4aaf	c80c4516676027fbb57a05c76f9efbebd7221038647165221af116aa69d65afb	2f633ad1cb4e3029dacc27a126a04e57fc0fe03da3b8baf559db189b0dd7f1cb	83	85	10	11	2	1	0.024096385542168676	0.1
16	length_balanced_16	2026100521	0.1	77	localentity:3310497069b0015d6d6866dc	localentity:960ef9ebe8b264bf1051ee8c	81288f4bbd9799f7de93789ca60759f6382eb12b1942b0395d10fda06005e4d6	1a0a0eba4cf56d9491264d3df1549007d1f533b72f592c1dd5aef6e6132f66d5	171	187	20	23	16	3	0.0935672514619883	0.15
16	length_balanced_16	2026100521	0.1	77	localentity:36b6809cd394b93106bc4aaf	localentity:2e169a0857dc1d4f0315b724	2f633ad1cb4e3029dacc27a126a04e57fc0fe03da3b8baf559db189b0dd7f1cb	c80c4516676027fbb57a05c76f9efbebd7221038647165221af116aa69d65afb	85	83	11	10	2	1	0.023529411764705882	0.09090909090909091
16	length_balanced_16	2026100521	0.1	77	localentity:40b4083f36b311a7ee5ae78e	localentity:9e736491b40ad49317383122	59a0c61d78b8bf664c061fca507c003c8899e0328136e92de65b0f461cbcb040	612987ee6997aed8fa39c1a8322093b5e85bad732a7b3d74ead7dbeb7c3956a2	133	148	13	15	15	2	0.11278195488721804	0.15384615384615385
16	length_balanced_16	2026100521	0.1	77	localentity:454114ced8f67b52dae3185e	localentity:792c35007fd6b835fd4d16c4	35ded772a20b7fbb3c620927a1460f61856d06d496d88ea19d6c36c0188b0899	d72295968fc84ec82aa3ab17c7cef3a38ed13483e6b557f6cf646e28957ba38a	101	99	11	13	2	2	0.019801980198019802	0.18181818181818182
16	length_balanced_16	2026100521	0.1	77	localentity:462e44494ff027730349f96b	localentity:ddcd67031137902587164378	1d8333f8fb7dcb825b9a1cd780cac90c433ce67e18341c63f77119b3cb86eba6	7341dff866fcad6c986ae9ab80a58d9627e36feb7e5dba6415fe8582414ab990	73	71	7	7	2	0	0.0273972602739726	0.0
16	length_balanced_16	2026100521	0.1	77	localentity:50e3f15b00a2b0d9880bb228	localentity:6cfed425bbe09fd2228dcdec	63ac7e4ab709c319d833c06d289a7fd7af9d840d58f651410e402e8d7842553c	ed0bb509307fea9c1b833c0d7e3e5313c42cfd669c9d19d24ccd9b810b63aa76	174	177	18	19	3	1	0.017241379310344827	0.05555555555555555
16	length_balanced_16	2026100521	0.1	77	localentity:587893b0464eb19053263023	localentity:b50e885a27329923556ea367	1d8333f8fb7dcb825b9a1cd780cac90c433ce67e18341c63f77119b3cb86eba6	aad5fd5d9cca3ddbf8a90253a4561980ca60771585f0e8b7ae621777c594907a	73	76	7	8	3	1	0.0410958904109589	0.14285714285714285
16	length_balanced_16	2026100521	0.1	77	localentity:5a14856655c54b0826e246b9	localentity:587893b0464eb19053263023	5b3ca63f99a0ccbc2a14f63444f3c7ae71f39a43b1e7f1203bb072723970b2ce	1d8333f8fb7dcb825b9a1cd780cac90c433ce67e18341c63f77119b3cb86eba6	69	73	7	7	4	0	0.057971014492753624	0.0
16	length_balanced_16	2026100521	0.1	77	localentity:5bf84d38d462be69ef4627e7	localentity:fdb3569df605118d8a98eb43	274898f8f29c4a0ca79574c52ea2b0d2fa0041429dc5414d0cce4c18bef56274	d942de671b2308a7ab59f39f18949c0f07f93b6768138c2720aacad06b3fbf8d	52	36	6	5	16	1	0.3076923076923077	0.16666666666666666
16	length_balanced_16	2026100521	0.1	77	localentity:5ce728e1957de53bf9e827ff	localentity:1e21c490ec65c6aa8f1d84b7	53f9602d11058cd80e3f37ca3ae833affc28eacb99cf2f92726ca27666b1ddd6	04fbfd8af617351d4fe1d73b91d535ac0aa620a8b2567da12b8bdfed27807444	61	68	7	7	7	0	0.11475409836065574	0.0
16	length_balanced_16	2026100521	0.1	77	localentity:6286353b35f2d03c954476a4	localentity:a6ecf5ebe170b8f50a18418f	1a27139960ee752b6a8f6231ccd228040c70faf034a073556d99fd78d32c12cd	d942de671b2308a7ab59f39f18949c0f07f93b6768138c2720aacad06b3fbf8d	45	36	6	5	9	1	0.2	0.16666666666666666
16	length_balanced_16	2026100521	0.1	77	localentity:6bfd4ac417754224d615e0fd	localentity:8b6ebc5c05ad29d84c76f634	851d8b37b1bb22190bdf7f01230f17635dd14eb362ae05346a7e8271647ffb6c	24130a414d9acc8b9e0212a9d40c7da3764d4cd6b31e33a1086a9d59ffaa6525	68	67	8	8	1	0	0.014705882352941176	0.0
16	length_balanced_16	2026100521	0.1	77	localentity:6cfed425bbe09fd2228dcdec	localentity:7059ad6b26889a2a5fb6d28f	ed0bb509307fea9c1b833c0d7e3e5313c42cfd669c9d19d24ccd9b810b63aa76	7b73e415b7f1ffcb51a675e9f9874718829e1b0b6e0f245c194826331a288fd7	177	181	19	19	4	0	0.022598870056497175	0.0
16	length_balanced_16	2026100521	0.1	77	localentity:6ea0c6e37fddf8fd506a9d36	localentity:462e44494ff027730349f96b	7341dff866fcad6c986ae9ab80a58d9627e36feb7e5dba6415fe8582414ab990	1d8333f8fb7dcb825b9a1cd780cac90c433ce67e18341c63f77119b3cb86eba6	71	73	7	7	2	0	0.028169014084507043	0.0
16	length_balanced_16	2026100521	0.1	77	localentity:7059ad6b26889a2a5fb6d28f	localentity:782fc52de3b3df027712c4dc	7b73e415b7f1ffcb51a675e9f9874718829e1b0b6e0f245c194826331a288fd7	a40fd3def1140ad1bba96fe4389be43be9b052881fae50983fd2a798f43aa022	181	153	19	17	28	2	0.15469613259668508	0.10526315789473684
16	length_balanced_16	2026100521	0.1	77	localentity:7536111106ec557185a3073b	localentity:aac1641eb6476d7d3274844b	6a381588b792d00e10645c33e2b246c2e8dbdbaf80400df2172c5e1674f28860	274898f8f29c4a0ca79574c52ea2b0d2fa0041429dc5414d0cce4c18bef56274	50	52	6	6	2	0	0.04	0.0
16	length_balanced_16	2026100521	0.1	77	localentity:782fc52de3b3df027712c4dc	localentity:50e3f15b00a2b0d9880bb228	a40fd3def1140ad1bba96fe4389be43be9b052881fae50983fd2a798f43aa022	63ac7e4ab709c319d833c06d289a7fd7af9d840d58f651410e402e8d7842553c	153	174	17	18	21	1	0.13725490196078433	0.058823529411764705
16	length_balanced_16	2026100521	0.1	77	localentity:792c35007fd6b835fd4d16c4	localentity:eb7bac7a626cb929ed6d43aa	d72295968fc84ec82aa3ab17c7cef3a38ed13483e6b557f6cf646e28957ba38a	35ded772a20b7fbb3c620927a1460f61856d06d496d88ea19d6c36c0188b0899	99	101	13	11	2	2	0.020202020202020204	0.15384615384615385
16	length_balanced_16	2026100521	0.1	77	localentity:7ded944e56e6a89265bc4eae	localentity:9ebaad993a34cb81c36093e5	274898f8f29c4a0ca79574c52ea2b0d2fa0041429dc5414d0cce4c18bef56274	80a99ce643c3daa2647011f1e2918826823a9a9fe01849fb296533e8a4550208	52	61	6	6	9	0	0.17307692307692307	0.0
16	length_balanced_16	2026100521	0.1	77	localentity:8883362cb7bc384cdfb665b3	localentity:e5404f13bc1e889099bae606	cdc066e9f49b5c2fb8827c1f5709a1eb459a4fc63a5f435fad085dad1f35cfb3	d58d2b6d4cfc44384af536672e0af7539b9dc919b0a6fc3d9e392258f4b1efec	379	369	41	39	10	2	0.026385224274406333	0.04878048780487805
16	length_balanced_16	2026100521	0.1	77	localentity:8b6ebc5c05ad29d84c76f634	localentity:e24cdf9c28a133f1f759182c	24130a414d9acc8b9e0212a9d40c7da3764d4cd6b31e33a1086a9d59ffaa6525	7729d359e95bcc669735c6b140878e92b5a69a0c31d217cc3178754fc515af07	67	71	8	9	4	1	0.05970149253731343	0.125
16	length_balanced_16	2026100521	0.1	77	localentity:8bf1d242afa1e522b26081a6	localentity:5a14856655c54b0826e246b9	7341dff866fcad6c986ae9ab80a58d9627e36feb7e5dba6415fe8582414ab990	5b3ca63f99a0ccbc2a14f63444f3c7ae71f39a43b1e7f1203bb072723970b2ce	71	69	7	7	2	0	0.028169014084507043	0.0
16	length_balanced_16	2026100521	0.1	77	localentity:960ef9ebe8b264bf1051ee8c	localentity:ec908be7a236c726e270b643	1a0a0eba4cf56d9491264d3df1549007d1f533b72f592c1dd5aef6e6132f66d5	2f9dbc62c95bb68953a92d1e80f5f3f2e9e6fd873e180e77c5cfa8f9817f2ad1	187	213	23	20	26	3	0.13903743315508021	0.13043478260869565
16	length_balanced_16	2026100521	0.1	77	localentity:9e736491b40ad49317383122	localentity:de0da30e013fa9b0ac4f3ed8	612987ee6997aed8fa39c1a8322093b5e85bad732a7b3d74ead7dbeb7c3956a2	cb6d0c7d700ff6c2f2beef588640dc100d673f712b49c5e87e7a6e5f26a49da4	148	128	15	14	20	1	0.13513513513513514	0.06666666666666667
16	length_balanced_16	2026100521	0.1	77	localentity:9ebaad993a34cb81c36093e5	localentity:b8414499f9575213bc9951c5	80a99ce643c3daa2647011f1e2918826823a9a9fe01849fb296533e8a4550208	5967f7b34279a307fce6ff054e26b2389341c16dc21d2ce884e098c9b8a46628	61	60	6	6	1	0	0.01639344262295082	0.0
16	length_balanced_16	2026100521	0.1	77	localentity:a6ecf5ebe170b8f50a18418f	localentity:6286353b35f2d03c954476a4	d942de671b2308a7ab59f39f18949c0f07f93b6768138c2720aacad06b3fbf8d	1a27139960ee752b6a8f6231ccd228040c70faf034a073556d99fd78d32c12cd	36	45	5	6	9	1	0.25	0.2
16	length_balanced_16	2026100521	0.1	77	localentity:a7edcf0395abe679c80950da	localentity:8883362cb7bc384cdfb665b3	e0a388cbaa922558e3f003bcafdff9e30d877ec0460ade601eacd926b751d8a2	cdc066e9f49b5c2fb8827c1f5709a1eb459a4fc63a5f435fad085dad1f35cfb3	691	379	78	41	312	37	0.4515195369030391	0.47435897435897434
16	length_balanced_16	2026100521	0.1	77	localentity:aac1641eb6476d7d3274844b	localentity:2b1b3658c6caa3941ee28882	274898f8f29c4a0ca79574c52ea2b0d2fa0041429dc5414d0cce4c18bef56274	d942de671b2308a7ab59f39f18949c0f07f93b6768138c2720aacad06b3fbf8d	52	36	6	5	16	1	0.3076923076923077	0.16666666666666666
16	length_balanced_16	2026100521	0.1	77	localentity:aae4d88d7dd87a6b9b170cac	localentity:b18ef729b45b2c454ac8932c	8fae9830656ace746d823f9b6392200ed2dd591fbc50da14e550ffd94e51dfd1	8563557a9e62ba1e88d03fa5151ec3c4b6961a0264b5de8124c7cb52d75e99dd	125	110	11	12	15	1	0.12	0.09090909090909091
16	length_balanced_16	2026100521	0.1	77	localentity:ad9318e0877eeaae6a8bbcfd	localentity:272e9169628f3a6ba7420d76	94100b5ed4a54caf7ceb9240fbf5fd03f3a48f3fae05ffdf6dd43e0d4a867adf	93d04f2aa026899ac953748e356c886a68c42013012ba6f6eca775c25cae4a01	54	48	8	9	6	1	0.1111111111111111	0.125
16	length_balanced_16	2026100521	0.1	77	localentity:b18ef729b45b2c454ac8932c	localentity:aae4d88d7dd87a6b9b170cac	8563557a9e62ba1e88d03fa5151ec3c4b6961a0264b5de8124c7cb52d75e99dd	8fae9830656ace746d823f9b6392200ed2dd591fbc50da14e550ffd94e51dfd1	110	125	12	11	15	1	0.13636363636363635	0.08333333333333333
16	length_balanced_16	2026100521	0.1	77	localentity:b4cfbd0ef230b997b022b207	localentity:40b4083f36b311a7ee5ae78e	b1c1241e17aca8ecd9ff64fa8a44e3cfa8b01e15ed834a54e2380c5ff0ef94bd	59a0c61d78b8bf664c061fca507c003c8899e0328136e92de65b0f461cbcb040	132	133	15	13	1	2	0.007575757575757576	0.13333333333333333
16	length_balanced_16	2026100521	0.1	77	localentity:b4e7d8261502f18b0a9cbc87	localentity:454114ced8f67b52dae3185e	4845617182a06160ee3c7a095ce9a95bb8464c3b734de30ef1dd961e5f09ec21	35ded772a20b7fbb3c620927a1460f61856d06d496d88ea19d6c36c0188b0899	97	101	11	11	4	0	0.041237113402061855	0.0
16	length_balanced_16	2026100521	0.1	77	localentity:b50e885a27329923556ea367	localentity:d23e1f8eaba7eba32c459796	aad5fd5d9cca3ddbf8a90253a4561980ca60771585f0e8b7ae621777c594907a	55f3cd643eb9cfc1d63969b6f8834701d8783371fccecedac65b7b005d370208	76	63	8	8	13	0	0.17105263157894737	0.0
16	length_balanced_16	2026100521	0.1	77	localentity:b74ff55a2dc32c1ea5811fca	localentity:028d462217cb771c4875d196	36afba0acdfc13e711109c074586876f9a4f15063ecb4075ece57f315eacaf4f	d942de671b2308a7ab59f39f18949c0f07f93b6768138c2720aacad06b3fbf8d	49	36	5	5	13	0	0.2653061224489796	0.0
16	length_balanced_16	2026100521	0.1	77	localentity:b8414499f9575213bc9951c5	localentity:5bf84d38d462be69ef4627e7	5967f7b34279a307fce6ff054e26b2389341c16dc21d2ce884e098c9b8a46628	274898f8f29c4a0ca79574c52ea2b0d2fa0041429dc5414d0cce4c18bef56274	60	52	6	6	8	0	0.13333333333333333	0.0
16	length_balanced_16	2026100521	0.1	77	localentity:bffd6428b58a617fcc19a9b8	localentity:6ea0c6e37fddf8fd506a9d36	1d8333f8fb7dcb825b9a1cd780cac90c433ce67e18341c63f77119b3cb86eba6	7341dff866fcad6c986ae9ab80a58d9627e36feb7e5dba6415fe8582414ab990	73	71	7	7	2	0	0.0273972602739726	0.0
16	length_balanced_16	2026100521	0.1	77	localentity:c1f58836c56bd545ab620fd4	localentity:d321ea3d68897e0102a9df19	90d984635d0cc6bb66a9539ed83153a79dd8b9ab8d5245ceaff2b02d5b2a9826	55f3cd643eb9cfc1d63969b6f8834701d8783371fccecedac65b7b005d370208	57	63	8	8	6	0	0.10526315789473684	0.0
16	length_balanced_16	2026100521	0.1	77	localentity:c74fdff99aead8264ce65d91	localentity:fcc22f2eac4763de5ab3b970	e87ba8e48fd8bc4d9a401ab5aa874c6f1f6dce49407760df2bc93c3417ab7ba7	011974d219bab421b78dfed01b30b647f142848b74956d1c3c6679b62f9ceb89	233	272	25	31	39	6	0.16738197424892703	0.24
16	length_balanced_16	2026100521	0.1	77	localentity:d23e1f8eaba7eba32c459796	localentity:5ce728e1957de53bf9e827ff	55f3cd643eb9cfc1d63969b6f8834701d8783371fccecedac65b7b005d370208	53f9602d11058cd80e3f37ca3ae833affc28eacb99cf2f92726ca27666b1ddd6	63	61	8	7	2	1	0.031746031746031744	0.125
16	length_balanced_16	2026100521	0.1	77	localentity:d321ea3d68897e0102a9df19	localentity:c1f58836c56bd545ab620fd4	55f3cd643eb9cfc1d63969b6f8834701d8783371fccecedac65b7b005d370208	90d984635d0cc6bb66a9539ed83153a79dd8b9ab8d5245ceaff2b02d5b2a9826	63	57	8	8	6	0	0.09523809523809523	0.0
16	length_balanced_16	2026100521	0.1	77	localentity:dc353cf1b082054fe3df3b93	localentity:bffd6428b58a617fcc19a9b8	00f2a54a074be251c2b6a807bf2a2bed61ee2a07a14fd06ad752ca2605e7d49a	1d8333f8fb7dcb825b9a1cd780cac90c433ce67e18341c63f77119b3cb86eba6	73	73	7	7	0	0	0.0	0.0
16	length_balanced_16	2026100521	0.1	77	localentity:ddcd67031137902587164378	localentity:dc353cf1b082054fe3df3b93	7341dff866fcad6c986ae9ab80a58d9627e36feb7e5dba6415fe8582414ab990	00f2a54a074be251c2b6a807bf2a2bed61ee2a07a14fd06ad752ca2605e7d49a	71	73	7	7	2	0	0.028169014084507043	0.0
16	length_balanced_16	2026100521	0.1	77	localentity:de0da30e013fa9b0ac4f3ed8	localentity:b4cfbd0ef230b997b022b207	cb6d0c7d700ff6c2f2beef588640dc100d673f712b49c5e87e7a6e5f26a49da4	b1c1241e17aca8ecd9ff64fa8a44e3cfa8b01e15ed834a54e2380c5ff0ef94bd	128	132	14	15	4	1	0.03125	0.07142857142857142
16	length_balanced_16	2026100521	0.1	77	localentity:e24cdf9c28a133f1f759182c	localentity:6bfd4ac417754224d615e0fd	7729d359e95bcc669735c6b140878e92b5a69a0c31d217cc3178754fc515af07	851d8b37b1bb22190bdf7f01230f17635dd14eb362ae05346a7e8271647ffb6c	71	68	9	8	3	1	0.04225352112676056	0.1111111111111111
16	length_balanced_16	2026100521	0.1	77	localentity:e5404f13bc1e889099bae606	localentity:a7edcf0395abe679c80950da	d58d2b6d4cfc44384af536672e0af7539b9dc919b0a6fc3d9e392258f4b1efec	e0a388cbaa922558e3f003bcafdff9e30d877ec0460ade601eacd926b751d8a2	369	691	39	78	322	39	0.8726287262872628	1.0
16	length_balanced_16	2026100521	0.1	77	localentity:e63625c4cedf6c47f2eb071c	localentity:07aa24afd39f643b44d67ee7	274898f8f29c4a0ca79574c52ea2b0d2fa0041429dc5414d0cce4c18bef56274	b6efa4d5ac11967babed26627536e32c9a19d562d5fa150f056f7744217939c6	52	55	6	6	3	0	0.057692307692307696	0.0
16	length_balanced_16	2026100521	0.1	77	localentity:eb7bac7a626cb929ed6d43aa	localentity:b4e7d8261502f18b0a9cbc87	35ded772a20b7fbb3c620927a1460f61856d06d496d88ea19d6c36c0188b0899	4845617182a06160ee3c7a095ce9a95bb8464c3b734de30ef1dd961e5f09ec21	101	97	11	11	4	0	0.039603960396039604	0.0
16	length_balanced_16	2026100521	0.1	77	localentity:ec908be7a236c726e270b643	localentity:3310497069b0015d6d6866dc	2f9dbc62c95bb68953a92d1e80f5f3f2e9e6fd873e180e77c5cfa8f9817f2ad1	81288f4bbd9799f7de93789ca60759f6382eb12b1942b0395d10fda06005e4d6	213	171	20	20	42	0	0.19718309859154928	0.0
16	length_balanced_16	2026100521	0.1	77	localentity:fcc22f2eac4763de5ab3b970	localentity:c74fdff99aead8264ce65d91	011974d219bab421b78dfed01b30b647f142848b74956d1c3c6679b62f9ceb89	e87ba8e48fd8bc4d9a401ab5aa874c6f1f6dce49407760df2bc93c3417ab7ba7	272	233	31	25	39	6	0.14338235294117646	0.1935483870967742
16	length_balanced_16	2026100521	0.1	77	localentity:fdb3569df605118d8a98eb43	localentity:e63625c4cedf6c47f2eb071c	d942de671b2308a7ab59f39f18949c0f07f93b6768138c2720aacad06b3fbf8d	274898f8f29c4a0ca79574c52ea2b0d2fa0041429dc5414d0cce4c18bef56274	36	52	5	6	16	1	0.4444444444444444	0.2
17	length_balanced_17	2026100532	0.2	67	localentity:028d462217cb771c4875d196	localentity:7536111106ec557185a3073b	d942de671b2308a7ab59f39f18949c0f07f93b6768138c2720aacad06b3fbf8d	6a381588b792d00e10645c33e2b246c2e8dbdbaf80400df2172c5e1674f28860	36	50	5	6	14	1	0.3888888888888889	0.2
17	length_balanced_17	2026100532	0.2	67	localentity:07aa24afd39f643b44d67ee7	localentity:7ded944e56e6a89265bc4eae	b6efa4d5ac11967babed26627536e32c9a19d562d5fa150f056f7744217939c6	274898f8f29c4a0ca79574c52ea2b0d2fa0041429dc5414d0cce4c18bef56274	55	52	6	6	3	0	0.05454545454545454	0.0
17	length_balanced_17	2026100532	0.2	67	localentity:1e21c490ec65c6aa8f1d84b7	localentity:bffd6428b58a617fcc19a9b8	04fbfd8af617351d4fe1d73b91d535ac0aa620a8b2567da12b8bdfed27807444	1d8333f8fb7dcb825b9a1cd780cac90c433ce67e18341c63f77119b3cb86eba6	68	73	7	7	5	0	0.07352941176470588	0.0
17	length_balanced_17	2026100532	0.2	67	localentity:272e9169628f3a6ba7420d76	localentity:c1f58836c56bd545ab620fd4	93d04f2aa026899ac953748e356c886a68c42013012ba6f6eca775c25cae4a01	90d984635d0cc6bb66a9539ed83153a79dd8b9ab8d5245ceaff2b02d5b2a9826	48	57	9	8	9	1	0.1875	0.1111111111111111
17	length_balanced_17	2026100532	0.2	67	localentity:2b1b3658c6caa3941ee28882	localentity:6286353b35f2d03c954476a4	d942de671b2308a7ab59f39f18949c0f07f93b6768138c2720aacad06b3fbf8d	1a27139960ee752b6a8f6231ccd228040c70faf034a073556d99fd78d32c12cd	36	45	5	6	9	1	0.25	0.2
17	length_balanced_17	2026100532	0.2	67	localentity:2e169a0857dc1d4f0315b724	localentity:36b6809cd394b93106bc4aaf	c80c4516676027fbb57a05c76f9efbebd7221038647165221af116aa69d65afb	2f633ad1cb4e3029dacc27a126a04e57fc0fe03da3b8baf559db189b0dd7f1cb	83	85	10	11	2	1	0.024096385542168676	0.1
17	length_balanced_17	2026100532	0.2	67	localentity:3310497069b0015d6d6866dc	localentity:50e3f15b00a2b0d9880bb228	81288f4bbd9799f7de93789ca60759f6382eb12b1942b0395d10fda06005e4d6	63ac7e4ab709c319d833c06d289a7fd7af9d840d58f651410e402e8d7842553c	171	174	20	18	3	2	0.017543859649122806	0.1
17	length_balanced_17	2026100532	0.2	67	localentity:36b6809cd394b93106bc4aaf	localentity:2e169a0857dc1d4f0315b724	2f633ad1cb4e3029dacc27a126a04e57fc0fe03da3b8baf559db189b0dd7f1cb	c80c4516676027fbb57a05c76f9efbebd7221038647165221af116aa69d65afb	85	83	11	10	2	1	0.023529411764705882	0.09090909090909091
17	length_balanced_17	2026100532	0.2	67	localentity:40b4083f36b311a7ee5ae78e	localentity:aae4d88d7dd87a6b9b170cac	59a0c61d78b8bf664c061fca507c003c8899e0328136e92de65b0f461cbcb040	8fae9830656ace746d823f9b6392200ed2dd591fbc50da14e550ffd94e51dfd1	133	125	13	11	8	2	0.06015037593984962	0.15384615384615385
17	length_balanced_17	2026100532	0.2	67	localentity:454114ced8f67b52dae3185e	localentity:b4e7d8261502f18b0a9cbc87	35ded772a20b7fbb3c620927a1460f61856d06d496d88ea19d6c36c0188b0899	4845617182a06160ee3c7a095ce9a95bb8464c3b734de30ef1dd961e5f09ec21	101	97	11	11	4	0	0.039603960396039604	0.0
17	length_balanced_17	2026100532	0.2	67	localentity:462e44494ff027730349f96b	localentity:5ce728e1957de53bf9e827ff	1d8333f8fb7dcb825b9a1cd780cac90c433ce67e18341c63f77119b3cb86eba6	53f9602d11058cd80e3f37ca3ae833affc28eacb99cf2f92726ca27666b1ddd6	73	61	7	7	12	0	0.1643835616438356	0.0
17	length_balanced_17	2026100532	0.2	67	localentity:50e3f15b00a2b0d9880bb228	localentity:6cfed425bbe09fd2228dcdec	63ac7e4ab709c319d833c06d289a7fd7af9d840d58f651410e402e8d7842553c	ed0bb509307fea9c1b833c0d7e3e5313c42cfd669c9d19d24ccd9b810b63aa76	174	177	18	19	3	1	0.017241379310344827	0.05555555555555555
17	length_balanced_17	2026100532	0.2	67	localentity:587893b0464eb19053263023	localentity:8bf1d242afa1e522b26081a6	1d8333f8fb7dcb825b9a1cd780cac90c433ce67e18341c63f77119b3cb86eba6	7341dff866fcad6c986ae9ab80a58d9627e36feb7e5dba6415fe8582414ab990	73	71	7	7	2	0	0.0273972602739726	0.0
17	length_balanced_17	2026100532	0.2	67	localentity:5a14856655c54b0826e246b9	localentity:1e21c490ec65c6aa8f1d84b7	5b3ca63f99a0ccbc2a14f63444f3c7ae71f39a43b1e7f1203bb072723970b2ce	04fbfd8af617351d4fe1d73b91d535ac0aa620a8b2567da12b8bdfed27807444	69	68	7	7	1	0	0.014492753623188406	0.0
17	length_balanced_17	2026100532	0.2	67	localentity:5bf84d38d462be69ef4627e7	localentity:b8414499f9575213bc9951c5	274898f8f29c4a0ca79574c52ea2b0d2fa0041429dc5414d0cce4c18bef56274	5967f7b34279a307fce6ff054e26b2389341c16dc21d2ce884e098c9b8a46628	52	60	6	6	8	0	0.15384615384615385	0.0
17	length_balanced_17	2026100532	0.2	67	localentity:5ce728e1957de53bf9e827ff	localentity:ddcd67031137902587164378	53f9602d11058cd80e3f37ca3ae833affc28eacb99cf2f92726ca27666b1ddd6	7341dff866fcad6c986ae9ab80a58d9627e36feb7e5dba6415fe8582414ab990	61	71	7	7	10	0	0.16393442622950818	0.0
17	length_balanced_17	2026100532	0.2	67	localentity:6286353b35f2d03c954476a4	localentity:a6ecf5ebe170b8f50a18418f	1a27139960ee752b6a8f6231ccd228040c70faf034a073556d99fd78d32c12cd	d942de671b2308a7ab59f39f18949c0f07f93b6768138c2720aacad06b3fbf8d	45	36	6	5	9	1	0.2	0.16666666666666666
17	length_balanced_17	2026100532	0.2	67	localentity:6bfd4ac417754224d615e0fd	localentity:8b6ebc5c05ad29d84c76f634	851d8b37b1bb22190bdf7f01230f17635dd14eb362ae05346a7e8271647ffb6c	24130a414d9acc8b9e0212a9d40c7da3764d4cd6b31e33a1086a9d59ffaa6525	68	67	8	8	1	0	0.014705882352941176	0.0
17	length_balanced_17	2026100532	0.2	67	localentity:6cfed425bbe09fd2228dcdec	localentity:3310497069b0015d6d6866dc	ed0bb509307fea9c1b833c0d7e3e5313c42cfd669c9d19d24ccd9b810b63aa76	81288f4bbd9799f7de93789ca60759f6382eb12b1942b0395d10fda06005e4d6	177	171	19	20	6	1	0.03389830508474576	0.05263157894736842
17	length_balanced_17	2026100532	0.2	67	localentity:6ea0c6e37fddf8fd506a9d36	localentity:5a14856655c54b0826e246b9	7341dff866fcad6c986ae9ab80a58d9627e36feb7e5dba6415fe8582414ab990	5b3ca63f99a0ccbc2a14f63444f3c7ae71f39a43b1e7f1203bb072723970b2ce	71	69	7	7	2	0	0.028169014084507043	0.0
17	length_balanced_17	2026100532	0.2	67	localentity:7059ad6b26889a2a5fb6d28f	localentity:960ef9ebe8b264bf1051ee8c	7b73e415b7f1ffcb51a675e9f9874718829e1b0b6e0f245c194826331a288fd7	1a0a0eba4cf56d9491264d3df1549007d1f533b72f592c1dd5aef6e6132f66d5	181	187	19	23	6	4	0.03314917127071823	0.21052631578947367
17	length_balanced_17	2026100532	0.2	67	localentity:7536111106ec557185a3073b	localentity:e63625c4cedf6c47f2eb071c	6a381588b792d00e10645c33e2b246c2e8dbdbaf80400df2172c5e1674f28860	274898f8f29c4a0ca79574c52ea2b0d2fa0041429dc5414d0cce4c18bef56274	50	52	6	6	2	0	0.04	0.0
17	length_balanced_17	2026100532	0.2	67	localentity:782fc52de3b3df027712c4dc	localentity:9e736491b40ad49317383122	a40fd3def1140ad1bba96fe4389be43be9b052881fae50983fd2a798f43aa022	612987ee6997aed8fa39c1a8322093b5e85bad732a7b3d74ead7dbeb7c3956a2	153	148	17	15	5	2	0.032679738562091505	0.11764705882352941
17	length_balanced_17	2026100532	0.2	67	localentity:792c35007fd6b835fd4d16c4	localentity:454114ced8f67b52dae3185e	d72295968fc84ec82aa3ab17c7cef3a38ed13483e6b557f6cf646e28957ba38a	35ded772a20b7fbb3c620927a1460f61856d06d496d88ea19d6c36c0188b0899	99	101	13	11	2	2	0.020202020202020204	0.15384615384615385
17	length_balanced_17	2026100532	0.2	67	localentity:7ded944e56e6a89265bc4eae	localentity:07aa24afd39f643b44d67ee7	274898f8f29c4a0ca79574c52ea2b0d2fa0041429dc5414d0cce4c18bef56274	b6efa4d5ac11967babed26627536e32c9a19d562d5fa150f056f7744217939c6	52	55	6	6	3	0	0.057692307692307696	0.0
17	length_balanced_17	2026100532	0.2	67	localentity:8883362cb7bc384cdfb665b3	localentity:a7edcf0395abe679c80950da	cdc066e9f49b5c2fb8827c1f5709a1eb459a4fc63a5f435fad085dad1f35cfb3	e0a388cbaa922558e3f003bcafdff9e30d877ec0460ade601eacd926b751d8a2	379	691	41	78	312	37	0.8232189973614775	0.9024390243902439
17	length_balanced_17	2026100532	0.2	67	localentity:8b6ebc5c05ad29d84c76f634	localentity:d321ea3d68897e0102a9df19	24130a414d9acc8b9e0212a9d40c7da3764d4cd6b31e33a1086a9d59ffaa6525	55f3cd643eb9cfc1d63969b6f8834701d8783371fccecedac65b7b005d370208	67	63	8	8	4	0	0.05970149253731343	0.0
17	length_balanced_17	2026100532	0.2	67	localentity:8bf1d242afa1e522b26081a6	localentity:462e44494ff027730349f96b	7341dff866fcad6c986ae9ab80a58d9627e36feb7e5dba6415fe8582414ab990	1d8333f8fb7dcb825b9a1cd780cac90c433ce67e18341c63f77119b3cb86eba6	71	73	7	7	2	0	0.028169014084507043	0.0
17	length_balanced_17	2026100532	0.2	67	localentity:960ef9ebe8b264bf1051ee8c	localentity:ec908be7a236c726e270b643	1a0a0eba4cf56d9491264d3df1549007d1f533b72f592c1dd5aef6e6132f66d5	2f9dbc62c95bb68953a92d1e80f5f3f2e9e6fd873e180e77c5cfa8f9817f2ad1	187	213	23	20	26	3	0.13903743315508021	0.13043478260869565
17	length_balanced_17	2026100532	0.2	67	localentity:9e736491b40ad49317383122	localentity:b4cfbd0ef230b997b022b207	612987ee6997aed8fa39c1a8322093b5e85bad732a7b3d74ead7dbeb7c3956a2	b1c1241e17aca8ecd9ff64fa8a44e3cfa8b01e15ed834a54e2380c5ff0ef94bd	148	132	15	15	16	0	0.10810810810810811	0.0
17	length_balanced_17	2026100532	0.2	67	localentity:9ebaad993a34cb81c36093e5	localentity:aac1641eb6476d7d3274844b	80a99ce643c3daa2647011f1e2918826823a9a9fe01849fb296533e8a4550208	274898f8f29c4a0ca79574c52ea2b0d2fa0041429dc5414d0cce4c18bef56274	61	52	6	6	9	0	0.14754098360655737	0.0
17	length_balanced_17	2026100532	0.2	67	localentity:a6ecf5ebe170b8f50a18418f	localentity:b74ff55a2dc32c1ea5811fca	d942de671b2308a7ab59f39f18949c0f07f93b6768138c2720aacad06b3fbf8d	36afba0acdfc13e711109c074586876f9a4f15063ecb4075ece57f315eacaf4f	36	49	5	5	13	0	0.3611111111111111	0.0
17	length_balanced_17	2026100532	0.2	67	localentity:a7edcf0395abe679c80950da	localentity:e5404f13bc1e889099bae606	e0a388cbaa922558e3f003bcafdff9e30d877ec0460ade601eacd926b751d8a2	d58d2b6d4cfc44384af536672e0af7539b9dc919b0a6fc3d9e392258f4b1efec	691	369	78	39	322	39	0.46599131693198265	0.5
17	length_balanced_17	2026100532	0.2	67	localentity:aac1641eb6476d7d3274844b	localentity:028d462217cb771c4875d196	274898f8f29c4a0ca79574c52ea2b0d2fa0041429dc5414d0cce4c18bef56274	d942de671b2308a7ab59f39f18949c0f07f93b6768138c2720aacad06b3fbf8d	52	36	6	5	16	1	0.3076923076923077	0.16666666666666666
17	length_balanced_17	2026100532	0.2	67	localentity:aae4d88d7dd87a6b9b170cac	localentity:de0da30e013fa9b0ac4f3ed8	8fae9830656ace746d823f9b6392200ed2dd591fbc50da14e550ffd94e51dfd1	cb6d0c7d700ff6c2f2beef588640dc100d673f712b49c5e87e7a6e5f26a49da4	125	128	11	14	3	3	0.024	0.2727272727272727
17	length_balanced_17	2026100532	0.2	67	localentity:ad9318e0877eeaae6a8bbcfd	localentity:d23e1f8eaba7eba32c459796	94100b5ed4a54caf7ceb9240fbf5fd03f3a48f3fae05ffdf6dd43e0d4a867adf	55f3cd643eb9cfc1d63969b6f8834701d8783371fccecedac65b7b005d370208	54	63	8	8	9	0	0.16666666666666666	0.0
17	length_balanced_17	2026100532	0.2	67	localentity:b18ef729b45b2c454ac8932c	localentity:792c35007fd6b835fd4d16c4	8563557a9e62ba1e88d03fa5151ec3c4b6961a0264b5de8124c7cb52d75e99dd	d72295968fc84ec82aa3ab17c7cef3a38ed13483e6b557f6cf646e28957ba38a	110	99	12	13	11	1	0.1	0.08333333333333333
17	length_balanced_17	2026100532	0.2	67	localentity:b4cfbd0ef230b997b022b207	localentity:782fc52de3b3df027712c4dc	b1c1241e17aca8ecd9ff64fa8a44e3cfa8b01e15ed834a54e2380c5ff0ef94bd	a40fd3def1140ad1bba96fe4389be43be9b052881fae50983fd2a798f43aa022	132	153	15	17	21	2	0.1590909090909091	0.13333333333333333
17	length_balanced_17	2026100532	0.2	67	localentity:b4e7d8261502f18b0a9cbc87	localentity:eb7bac7a626cb929ed6d43aa	4845617182a06160ee3c7a095ce9a95bb8464c3b734de30ef1dd961e5f09ec21	35ded772a20b7fbb3c620927a1460f61856d06d496d88ea19d6c36c0188b0899	97	101	11	11	4	0	0.041237113402061855	0.0
17	length_balanced_17	2026100532	0.2	67	localentity:b50e885a27329923556ea367	localentity:6bfd4ac417754224d615e0fd	aad5fd5d9cca3ddbf8a90253a4561980ca60771585f0e8b7ae621777c594907a	851d8b37b1bb22190bdf7f01230f17635dd14eb362ae05346a7e8271647ffb6c	76	68	8	8	8	0	0.10526315789473684	0.0
17	length_balanced_17	2026100532	0.2	67	localentity:b74ff55a2dc32c1ea5811fca	localentity:fdb3569df605118d8a98eb43	36afba0acdfc13e711109c074586876f9a4f15063ecb4075ece57f315eacaf4f	d942de671b2308a7ab59f39f18949c0f07f93b6768138c2720aacad06b3fbf8d	49	36	5	5	13	0	0.2653061224489796	0.0
17	length_balanced_17	2026100532	0.2	67	localentity:b8414499f9575213bc9951c5	localentity:9ebaad993a34cb81c36093e5	5967f7b34279a307fce6ff054e26b2389341c16dc21d2ce884e098c9b8a46628	80a99ce643c3daa2647011f1e2918826823a9a9fe01849fb296533e8a4550208	60	61	6	6	1	0	0.016666666666666666	0.0
17	length_balanced_17	2026100532	0.2	67	localentity:bffd6428b58a617fcc19a9b8	localentity:dc353cf1b082054fe3df3b93	1d8333f8fb7dcb825b9a1cd780cac90c433ce67e18341c63f77119b3cb86eba6	00f2a54a074be251c2b6a807bf2a2bed61ee2a07a14fd06ad752ca2605e7d49a	73	73	7	7	0	0	0.0	0.0
17	length_balanced_17	2026100532	0.2	67	localentity:c1f58836c56bd545ab620fd4	localentity:ad9318e0877eeaae6a8bbcfd	90d984635d0cc6bb66a9539ed83153a79dd8b9ab8d5245ceaff2b02d5b2a9826	94100b5ed4a54caf7ceb9240fbf5fd03f3a48f3fae05ffdf6dd43e0d4a867adf	57	54	8	8	3	0	0.05263157894736842	0.0
17	length_balanced_17	2026100532	0.2	67	localentity:c74fdff99aead8264ce65d91	localentity:fcc22f2eac4763de5ab3b970	e87ba8e48fd8bc4d9a401ab5aa874c6f1f6dce49407760df2bc93c3417ab7ba7	011974d219bab421b78dfed01b30b647f142848b74956d1c3c6679b62f9ceb89	233	272	25	31	39	6	0.16738197424892703	0.24
17	length_balanced_17	2026100532	0.2	67	localentity:d23e1f8eaba7eba32c459796	localentity:e24cdf9c28a133f1f759182c	55f3cd643eb9cfc1d63969b6f8834701d8783371fccecedac65b7b005d370208	7729d359e95bcc669735c6b140878e92b5a69a0c31d217cc3178754fc515af07	63	71	8	9	8	1	0.12698412698412698	0.125
17	length_balanced_17	2026100532	0.2	67	localentity:d321ea3d68897e0102a9df19	localentity:272e9169628f3a6ba7420d76	55f3cd643eb9cfc1d63969b6f8834701d8783371fccecedac65b7b005d370208	93d04f2aa026899ac953748e356c886a68c42013012ba6f6eca775c25cae4a01	63	48	8	9	15	1	0.23809523809523808	0.125
17	length_balanced_17	2026100532	0.2	67	localentity:dc353cf1b082054fe3df3b93	localentity:6ea0c6e37fddf8fd506a9d36	00f2a54a074be251c2b6a807bf2a2bed61ee2a07a14fd06ad752ca2605e7d49a	7341dff866fcad6c986ae9ab80a58d9627e36feb7e5dba6415fe8582414ab990	73	71	7	7	2	0	0.0273972602739726	0.0
17	length_balanced_17	2026100532	0.2	67	localentity:ddcd67031137902587164378	localentity:587893b0464eb19053263023	7341dff866fcad6c986ae9ab80a58d9627e36feb7e5dba6415fe8582414ab990	1d8333f8fb7dcb825b9a1cd780cac90c433ce67e18341c63f77119b3cb86eba6	71	73	7	7	2	0	0.028169014084507043	0.0
17	length_balanced_17	2026100532	0.2	67	localentity:de0da30e013fa9b0ac4f3ed8	localentity:40b4083f36b311a7ee5ae78e	cb6d0c7d700ff6c2f2beef588640dc100d673f712b49c5e87e7a6e5f26a49da4	59a0c61d78b8bf664c061fca507c003c8899e0328136e92de65b0f461cbcb040	128	133	14	13	5	1	0.0390625	0.07142857142857142
17	length_balanced_17	2026100532	0.2	67	localentity:e24cdf9c28a133f1f759182c	localentity:b50e885a27329923556ea367	7729d359e95bcc669735c6b140878e92b5a69a0c31d217cc3178754fc515af07	aad5fd5d9cca3ddbf8a90253a4561980ca60771585f0e8b7ae621777c594907a	71	76	9	8	5	1	0.07042253521126761	0.1111111111111111
17	length_balanced_17	2026100532	0.2	67	localentity:e5404f13bc1e889099bae606	localentity:8883362cb7bc384cdfb665b3	d58d2b6d4cfc44384af536672e0af7539b9dc919b0a6fc3d9e392258f4b1efec	cdc066e9f49b5c2fb8827c1f5709a1eb459a4fc63a5f435fad085dad1f35cfb3	369	379	39	41	10	2	0.02710027100271003	0.05128205128205128
17	length_balanced_17	2026100532	0.2	67	localentity:e63625c4cedf6c47f2eb071c	localentity:2b1b3658c6caa3941ee28882	274898f8f29c4a0ca79574c52ea2b0d2fa0041429dc5414d0cce4c18bef56274	d942de671b2308a7ab59f39f18949c0f07f93b6768138c2720aacad06b3fbf8d	52	36	6	5	16	1	0.3076923076923077	0.16666666666666666
17	length_balanced_17	2026100532	0.2	67	localentity:eb7bac7a626cb929ed6d43aa	localentity:b18ef729b45b2c454ac8932c	35ded772a20b7fbb3c620927a1460f61856d06d496d88ea19d6c36c0188b0899	8563557a9e62ba1e88d03fa5151ec3c4b6961a0264b5de8124c7cb52d75e99dd	101	110	11	12	9	1	0.0891089108910891	0.09090909090909091
17	length_balanced_17	2026100532	0.2	67	localentity:ec908be7a236c726e270b643	localentity:7059ad6b26889a2a5fb6d28f	2f9dbc62c95bb68953a92d1e80f5f3f2e9e6fd873e180e77c5cfa8f9817f2ad1	7b73e415b7f1ffcb51a675e9f9874718829e1b0b6e0f245c194826331a288fd7	213	181	20	19	32	1	0.15023474178403756	0.05
17	length_balanced_17	2026100532	0.2	67	localentity:fcc22f2eac4763de5ab3b970	localentity:c74fdff99aead8264ce65d91	011974d219bab421b78dfed01b30b647f142848b74956d1c3c6679b62f9ceb89	e87ba8e48fd8bc4d9a401ab5aa874c6f1f6dce49407760df2bc93c3417ab7ba7	272	233	31	25	39	6	0.14338235294117646	0.1935483870967742
17	length_balanced_17	2026100532	0.2	67	localentity:fdb3569df605118d8a98eb43	localentity:5bf84d38d462be69ef4627e7	d942de671b2308a7ab59f39f18949c0f07f93b6768138c2720aacad06b3fbf8d	274898f8f29c4a0ca79574c52ea2b0d2fa0041429dc5414d0cce4c18bef56274	36	52	5	6	16	1	0.4444444444444444	0.2
18	length_balanced_18	2026100528	0.2	70	localentity:028d462217cb771c4875d196	localentity:7ded944e56e6a89265bc4eae	d942de671b2308a7ab59f39f18949c0f07f93b6768138c2720aacad06b3fbf8d	274898f8f29c4a0ca79574c52ea2b0d2fa0041429dc5414d0cce4c18bef56274	36	52	5	6	16	1	0.4444444444444444	0.2
18	length_balanced_18	2026100528	0.2	70	localentity:07aa24afd39f643b44d67ee7	localentity:aac1641eb6476d7d3274844b	b6efa4d5ac11967babed26627536e32c9a19d562d5fa150f056f7744217939c6	274898f8f29c4a0ca79574c52ea2b0d2fa0041429dc5414d0cce4c18bef56274	55	52	6	6	3	0	0.05454545454545454	0.0
18	length_balanced_18	2026100528	0.2	70	localentity:1e21c490ec65c6aa8f1d84b7	localentity:462e44494ff027730349f96b	04fbfd8af617351d4fe1d73b91d535ac0aa620a8b2567da12b8bdfed27807444	1d8333f8fb7dcb825b9a1cd780cac90c433ce67e18341c63f77119b3cb86eba6	68	73	7	7	5	0	0.07352941176470588	0.0
18	length_balanced_18	2026100528	0.2	70	localentity:272e9169628f3a6ba7420d76	localentity:ad9318e0877eeaae6a8bbcfd	93d04f2aa026899ac953748e356c886a68c42013012ba6f6eca775c25cae4a01	94100b5ed4a54caf7ceb9240fbf5fd03f3a48f3fae05ffdf6dd43e0d4a867adf	48	54	9	8	6	1	0.125	0.1111111111111111
18	length_balanced_18	2026100528	0.2	70	localentity:2b1b3658c6caa3941ee28882	localentity:b74ff55a2dc32c1ea5811fca	d942de671b2308a7ab59f39f18949c0f07f93b6768138c2720aacad06b3fbf8d	36afba0acdfc13e711109c074586876f9a4f15063ecb4075ece57f315eacaf4f	36	49	5	5	13	0	0.3611111111111111	0.0
18	length_balanced_18	2026100528	0.2	70	localentity:2e169a0857dc1d4f0315b724	localentity:36b6809cd394b93106bc4aaf	c80c4516676027fbb57a05c76f9efbebd7221038647165221af116aa69d65afb	2f633ad1cb4e3029dacc27a126a04e57fc0fe03da3b8baf559db189b0dd7f1cb	83	85	10	11	2	1	0.024096385542168676	0.1
18	length_balanced_18	2026100528	0.2	70	localentity:3310497069b0015d6d6866dc	localentity:ec908be7a236c726e270b643	81288f4bbd9799f7de93789ca60759f6382eb12b1942b0395d10fda06005e4d6	2f9dbc62c95bb68953a92d1e80f5f3f2e9e6fd873e180e77c5cfa8f9817f2ad1	171	213	20	20	42	0	0.24561403508771928	0.0
18	length_balanced_18	2026100528	0.2	70	localentity:36b6809cd394b93106bc4aaf	localentity:2e169a0857dc1d4f0315b724	2f633ad1cb4e3029dacc27a126a04e57fc0fe03da3b8baf559db189b0dd7f1cb	c80c4516676027fbb57a05c76f9efbebd7221038647165221af116aa69d65afb	85	83	11	10	2	1	0.023529411764705882	0.09090909090909091
18	length_balanced_18	2026100528	0.2	70	localentity:40b4083f36b311a7ee5ae78e	localentity:9e736491b40ad49317383122	59a0c61d78b8bf664c061fca507c003c8899e0328136e92de65b0f461cbcb040	612987ee6997aed8fa39c1a8322093b5e85bad732a7b3d74ead7dbeb7c3956a2	133	148	13	15	15	2	0.11278195488721804	0.15384615384615385
18	length_balanced_18	2026100528	0.2	70	localentity:454114ced8f67b52dae3185e	localentity:b4e7d8261502f18b0a9cbc87	35ded772a20b7fbb3c620927a1460f61856d06d496d88ea19d6c36c0188b0899	4845617182a06160ee3c7a095ce9a95bb8464c3b734de30ef1dd961e5f09ec21	101	97	11	11	4	0	0.039603960396039604	0.0
18	length_balanced_18	2026100528	0.2	70	localentity:462e44494ff027730349f96b	localentity:ddcd67031137902587164378	1d8333f8fb7dcb825b9a1cd780cac90c433ce67e18341c63f77119b3cb86eba6	7341dff866fcad6c986ae9ab80a58d9627e36feb7e5dba6415fe8582414ab990	73	71	7	7	2	0	0.0273972602739726	0.0
18	length_balanced_18	2026100528	0.2	70	localentity:50e3f15b00a2b0d9880bb228	localentity:782fc52de3b3df027712c4dc	63ac7e4ab709c319d833c06d289a7fd7af9d840d58f651410e402e8d7842553c	a40fd3def1140ad1bba96fe4389be43be9b052881fae50983fd2a798f43aa022	174	153	18	17	21	1	0.1206896551724138	0.05555555555555555
18	length_balanced_18	2026100528	0.2	70	localentity:587893b0464eb19053263023	localentity:8bf1d242afa1e522b26081a6	1d8333f8fb7dcb825b9a1cd780cac90c433ce67e18341c63f77119b3cb86eba6	7341dff866fcad6c986ae9ab80a58d9627e36feb7e5dba6415fe8582414ab990	73	71	7	7	2	0	0.0273972602739726	0.0
18	length_balanced_18	2026100528	0.2	70	localentity:5a14856655c54b0826e246b9	localentity:6ea0c6e37fddf8fd506a9d36	5b3ca63f99a0ccbc2a14f63444f3c7ae71f39a43b1e7f1203bb072723970b2ce	7341dff866fcad6c986ae9ab80a58d9627e36feb7e5dba6415fe8582414ab990	69	71	7	7	2	0	0.028985507246376812	0.0
18	length_balanced_18	2026100528	0.2	70	localentity:5bf84d38d462be69ef4627e7	localentity:028d462217cb771c4875d196	274898f8f29c4a0ca79574c52ea2b0d2fa0041429dc5414d0cce4c18bef56274	d942de671b2308a7ab59f39f18949c0f07f93b6768138c2720aacad06b3fbf8d	52	36	6	5	16	1	0.3076923076923077	0.16666666666666666
18	length_balanced_18	2026100528	0.2	70	localentity:5ce728e1957de53bf9e827ff	localentity:9ebaad993a34cb81c36093e5	53f9602d11058cd80e3f37ca3ae833affc28eacb99cf2f92726ca27666b1ddd6	80a99ce643c3daa2647011f1e2918826823a9a9fe01849fb296533e8a4550208	61	61	7	6	0	1	0.0	0.14285714285714285
18	length_balanced_18	2026100528	0.2	70	localentity:6286353b35f2d03c954476a4	localentity:a6ecf5ebe170b8f50a18418f	1a27139960ee752b6a8f6231ccd228040c70faf034a073556d99fd78d32c12cd	d942de671b2308a7ab59f39f18949c0f07f93b6768138c2720aacad06b3fbf8d	45	36	6	5	9	1	0.2	0.16666666666666666
18	length_balanced_18	2026100528	0.2	70	localentity:6bfd4ac417754224d615e0fd	localentity:e24cdf9c28a133f1f759182c	851d8b37b1bb22190bdf7f01230f17635dd14eb362ae05346a7e8271647ffb6c	7729d359e95bcc669735c6b140878e92b5a69a0c31d217cc3178754fc515af07	68	71	8	9	3	1	0.04411764705882353	0.125
18	length_balanced_18	2026100528	0.2	70	localentity:6cfed425bbe09fd2228dcdec	localentity:7059ad6b26889a2a5fb6d28f	ed0bb509307fea9c1b833c0d7e3e5313c42cfd669c9d19d24ccd9b810b63aa76	7b73e415b7f1ffcb51a675e9f9874718829e1b0b6e0f245c194826331a288fd7	177	181	19	19	4	0	0.022598870056497175	0.0
18	length_balanced_18	2026100528	0.2	70	localentity:6ea0c6e37fddf8fd506a9d36	localentity:587893b0464eb19053263023	7341dff866fcad6c986ae9ab80a58d9627e36feb7e5dba6415fe8582414ab990	1d8333f8fb7dcb825b9a1cd780cac90c433ce67e18341c63f77119b3cb86eba6	71	73	7	7	2	0	0.028169014084507043	0.0
18	length_balanced_18	2026100528	0.2	70	localentity:7059ad6b26889a2a5fb6d28f	localentity:960ef9ebe8b264bf1051ee8c	7b73e415b7f1ffcb51a675e9f9874718829e1b0b6e0f245c194826331a288fd7	1a0a0eba4cf56d9491264d3df1549007d1f533b72f592c1dd5aef6e6132f66d5	181	187	19	23	6	4	0.03314917127071823	0.21052631578947367
18	length_balanced_18	2026100528	0.2	70	localentity:7536111106ec557185a3073b	localentity:e63625c4cedf6c47f2eb071c	6a381588b792d00e10645c33e2b246c2e8dbdbaf80400df2172c5e1674f28860	274898f8f29c4a0ca79574c52ea2b0d2fa0041429dc5414d0cce4c18bef56274	50	52	6	6	2	0	0.04	0.0
18	length_balanced_18	2026100528	0.2	70	localentity:782fc52de3b3df027712c4dc	localentity:50e3f15b00a2b0d9880bb228	a40fd3def1140ad1bba96fe4389be43be9b052881fae50983fd2a798f43aa022	63ac7e4ab709c319d833c06d289a7fd7af9d840d58f651410e402e8d7842553c	153	174	17	18	21	1	0.13725490196078433	0.058823529411764705
18	length_balanced_18	2026100528	0.2	70	localentity:792c35007fd6b835fd4d16c4	localentity:b18ef729b45b2c454ac8932c	d72295968fc84ec82aa3ab17c7cef3a38ed13483e6b557f6cf646e28957ba38a	8563557a9e62ba1e88d03fa5151ec3c4b6961a0264b5de8124c7cb52d75e99dd	99	110	13	12	11	1	0.1111111111111111	0.07692307692307693
18	length_balanced_18	2026100528	0.2	70	localentity:7ded944e56e6a89265bc4eae	localentity:2b1b3658c6caa3941ee28882	274898f8f29c4a0ca79574c52ea2b0d2fa0041429dc5414d0cce4c18bef56274	d942de671b2308a7ab59f39f18949c0f07f93b6768138c2720aacad06b3fbf8d	52	36	6	5	16	1	0.3076923076923077	0.16666666666666666
18	length_balanced_18	2026100528	0.2	70	localentity:8883362cb7bc384cdfb665b3	localentity:a7edcf0395abe679c80950da	cdc066e9f49b5c2fb8827c1f5709a1eb459a4fc63a5f435fad085dad1f35cfb3	e0a388cbaa922558e3f003bcafdff9e30d877ec0460ade601eacd926b751d8a2	379	691	41	78	312	37	0.8232189973614775	0.9024390243902439
18	length_balanced_18	2026100528	0.2	70	localentity:8b6ebc5c05ad29d84c76f634	localentity:d321ea3d68897e0102a9df19	24130a414d9acc8b9e0212a9d40c7da3764d4cd6b31e33a1086a9d59ffaa6525	55f3cd643eb9cfc1d63969b6f8834701d8783371fccecedac65b7b005d370208	67	63	8	8	4	0	0.05970149253731343	0.0
18	length_balanced_18	2026100528	0.2	70	localentity:8bf1d242afa1e522b26081a6	localentity:bffd6428b58a617fcc19a9b8	7341dff866fcad6c986ae9ab80a58d9627e36feb7e5dba6415fe8582414ab990	1d8333f8fb7dcb825b9a1cd780cac90c433ce67e18341c63f77119b3cb86eba6	71	73	7	7	2	0	0.028169014084507043	0.0
18	length_balanced_18	2026100528	0.2	70	localentity:960ef9ebe8b264bf1051ee8c	localentity:3310497069b0015d6d6866dc	1a0a0eba4cf56d9491264d3df1549007d1f533b72f592c1dd5aef6e6132f66d5	81288f4bbd9799f7de93789ca60759f6382eb12b1942b0395d10fda06005e4d6	187	171	23	20	16	3	0.0855614973262032	0.13043478260869565
18	length_balanced_18	2026100528	0.2	70	localentity:9e736491b40ad49317383122	localentity:b4cfbd0ef230b997b022b207	612987ee6997aed8fa39c1a8322093b5e85bad732a7b3d74ead7dbeb7c3956a2	b1c1241e17aca8ecd9ff64fa8a44e3cfa8b01e15ed834a54e2380c5ff0ef94bd	148	132	15	15	16	0	0.10810810810810811	0.0
18	length_balanced_18	2026100528	0.2	70	localentity:9ebaad993a34cb81c36093e5	localentity:b8414499f9575213bc9951c5	80a99ce643c3daa2647011f1e2918826823a9a9fe01849fb296533e8a4550208	5967f7b34279a307fce6ff054e26b2389341c16dc21d2ce884e098c9b8a46628	61	60	6	6	1	0	0.01639344262295082	0.0
18	length_balanced_18	2026100528	0.2	70	localentity:a6ecf5ebe170b8f50a18418f	localentity:272e9169628f3a6ba7420d76	d942de671b2308a7ab59f39f18949c0f07f93b6768138c2720aacad06b3fbf8d	93d04f2aa026899ac953748e356c886a68c42013012ba6f6eca775c25cae4a01	36	48	5	9	12	4	0.3333333333333333	0.8
18	length_balanced_18	2026100528	0.2	70	localentity:a7edcf0395abe679c80950da	localentity:e5404f13bc1e889099bae606	e0a388cbaa922558e3f003bcafdff9e30d877ec0460ade601eacd926b751d8a2	d58d2b6d4cfc44384af536672e0af7539b9dc919b0a6fc3d9e392258f4b1efec	691	369	78	39	322	39	0.46599131693198265	0.5
18	length_balanced_18	2026100528	0.2	70	localentity:aac1641eb6476d7d3274844b	localentity:6286353b35f2d03c954476a4	274898f8f29c4a0ca79574c52ea2b0d2fa0041429dc5414d0cce4c18bef56274	1a27139960ee752b6a8f6231ccd228040c70faf034a073556d99fd78d32c12cd	52	45	6	6	7	0	0.1346153846153846	0.0
18	length_balanced_18	2026100528	0.2	70	localentity:aae4d88d7dd87a6b9b170cac	localentity:454114ced8f67b52dae3185e	8fae9830656ace746d823f9b6392200ed2dd591fbc50da14e550ffd94e51dfd1	35ded772a20b7fbb3c620927a1460f61856d06d496d88ea19d6c36c0188b0899	125	101	11	11	24	0	0.192	0.0
18	length_balanced_18	2026100528	0.2	70	localentity:ad9318e0877eeaae6a8bbcfd	localentity:c1f58836c56bd545ab620fd4	94100b5ed4a54caf7ceb9240fbf5fd03f3a48f3fae05ffdf6dd43e0d4a867adf	90d984635d0cc6bb66a9539ed83153a79dd8b9ab8d5245ceaff2b02d5b2a9826	54	57	8	8	3	0	0.05555555555555555	0.0
18	length_balanced_18	2026100528	0.2	70	localentity:b18ef729b45b2c454ac8932c	localentity:792c35007fd6b835fd4d16c4	8563557a9e62ba1e88d03fa5151ec3c4b6961a0264b5de8124c7cb52d75e99dd	d72295968fc84ec82aa3ab17c7cef3a38ed13483e6b557f6cf646e28957ba38a	110	99	12	13	11	1	0.1	0.08333333333333333
18	length_balanced_18	2026100528	0.2	70	localentity:b4cfbd0ef230b997b022b207	localentity:de0da30e013fa9b0ac4f3ed8	b1c1241e17aca8ecd9ff64fa8a44e3cfa8b01e15ed834a54e2380c5ff0ef94bd	cb6d0c7d700ff6c2f2beef588640dc100d673f712b49c5e87e7a6e5f26a49da4	132	128	15	14	4	1	0.030303030303030304	0.06666666666666667
18	length_balanced_18	2026100528	0.2	70	localentity:b4e7d8261502f18b0a9cbc87	localentity:eb7bac7a626cb929ed6d43aa	4845617182a06160ee3c7a095ce9a95bb8464c3b734de30ef1dd961e5f09ec21	35ded772a20b7fbb3c620927a1460f61856d06d496d88ea19d6c36c0188b0899	97	101	11	11	4	0	0.041237113402061855	0.0
18	length_balanced_18	2026100528	0.2	70	localentity:b50e885a27329923556ea367	localentity:8b6ebc5c05ad29d84c76f634	aad5fd5d9cca3ddbf8a90253a4561980ca60771585f0e8b7ae621777c594907a	24130a414d9acc8b9e0212a9d40c7da3764d4cd6b31e33a1086a9d59ffaa6525	76	67	8	8	9	0	0.11842105263157894	0.0
18	length_balanced_18	2026100528	0.2	70	localentity:b74ff55a2dc32c1ea5811fca	localentity:fdb3569df605118d8a98eb43	36afba0acdfc13e711109c074586876f9a4f15063ecb4075ece57f315eacaf4f	d942de671b2308a7ab59f39f18949c0f07f93b6768138c2720aacad06b3fbf8d	49	36	5	5	13	0	0.2653061224489796	0.0
18	length_balanced_18	2026100528	0.2	70	localentity:b8414499f9575213bc9951c5	localentity:5bf84d38d462be69ef4627e7	5967f7b34279a307fce6ff054e26b2389341c16dc21d2ce884e098c9b8a46628	274898f8f29c4a0ca79574c52ea2b0d2fa0041429dc5414d0cce4c18bef56274	60	52	6	6	8	0	0.13333333333333333	0.0
18	length_balanced_18	2026100528	0.2	70	localentity:bffd6428b58a617fcc19a9b8	localentity:dc353cf1b082054fe3df3b93	1d8333f8fb7dcb825b9a1cd780cac90c433ce67e18341c63f77119b3cb86eba6	00f2a54a074be251c2b6a807bf2a2bed61ee2a07a14fd06ad752ca2605e7d49a	73	73	7	7	0	0	0.0	0.0
18	length_balanced_18	2026100528	0.2	70	localentity:c1f58836c56bd545ab620fd4	localentity:d23e1f8eaba7eba32c459796	90d984635d0cc6bb66a9539ed83153a79dd8b9ab8d5245ceaff2b02d5b2a9826	55f3cd643eb9cfc1d63969b6f8834701d8783371fccecedac65b7b005d370208	57	63	8	8	6	0	0.10526315789473684	0.0
18	length_balanced_18	2026100528	0.2	70	localentity:c74fdff99aead8264ce65d91	localentity:fcc22f2eac4763de5ab3b970	e87ba8e48fd8bc4d9a401ab5aa874c6f1f6dce49407760df2bc93c3417ab7ba7	011974d219bab421b78dfed01b30b647f142848b74956d1c3c6679b62f9ceb89	233	272	25	31	39	6	0.16738197424892703	0.24
18	length_balanced_18	2026100528	0.2	70	localentity:d23e1f8eaba7eba32c459796	localentity:5ce728e1957de53bf9e827ff	55f3cd643eb9cfc1d63969b6f8834701d8783371fccecedac65b7b005d370208	53f9602d11058cd80e3f37ca3ae833affc28eacb99cf2f92726ca27666b1ddd6	63	61	8	7	2	1	0.031746031746031744	0.125
18	length_balanced_18	2026100528	0.2	70	localentity:d321ea3d68897e0102a9df19	localentity:6bfd4ac417754224d615e0fd	55f3cd643eb9cfc1d63969b6f8834701d8783371fccecedac65b7b005d370208	851d8b37b1bb22190bdf7f01230f17635dd14eb362ae05346a7e8271647ffb6c	63	68	8	8	5	0	0.07936507936507936	0.0
18	length_balanced_18	2026100528	0.2	70	localentity:dc353cf1b082054fe3df3b93	localentity:1e21c490ec65c6aa8f1d84b7	00f2a54a074be251c2b6a807bf2a2bed61ee2a07a14fd06ad752ca2605e7d49a	04fbfd8af617351d4fe1d73b91d535ac0aa620a8b2567da12b8bdfed27807444	73	68	7	7	5	0	0.0684931506849315	0.0
18	length_balanced_18	2026100528	0.2	70	localentity:ddcd67031137902587164378	localentity:5a14856655c54b0826e246b9	7341dff866fcad6c986ae9ab80a58d9627e36feb7e5dba6415fe8582414ab990	5b3ca63f99a0ccbc2a14f63444f3c7ae71f39a43b1e7f1203bb072723970b2ce	71	69	7	7	2	0	0.028169014084507043	0.0
18	length_balanced_18	2026100528	0.2	70	localentity:de0da30e013fa9b0ac4f3ed8	localentity:40b4083f36b311a7ee5ae78e	cb6d0c7d700ff6c2f2beef588640dc100d673f712b49c5e87e7a6e5f26a49da4	59a0c61d78b8bf664c061fca507c003c8899e0328136e92de65b0f461cbcb040	128	133	14	13	5	1	0.0390625	0.07142857142857142
18	length_balanced_18	2026100528	0.2	70	localentity:e24cdf9c28a133f1f759182c	localentity:b50e885a27329923556ea367	7729d359e95bcc669735c6b140878e92b5a69a0c31d217cc3178754fc515af07	aad5fd5d9cca3ddbf8a90253a4561980ca60771585f0e8b7ae621777c594907a	71	76	9	8	5	1	0.07042253521126761	0.1111111111111111
18	length_balanced_18	2026100528	0.2	70	localentity:e5404f13bc1e889099bae606	localentity:8883362cb7bc384cdfb665b3	d58d2b6d4cfc44384af536672e0af7539b9dc919b0a6fc3d9e392258f4b1efec	cdc066e9f49b5c2fb8827c1f5709a1eb459a4fc63a5f435fad085dad1f35cfb3	369	379	39	41	10	2	0.02710027100271003	0.05128205128205128
18	length_balanced_18	2026100528	0.2	70	localentity:e63625c4cedf6c47f2eb071c	localentity:07aa24afd39f643b44d67ee7	274898f8f29c4a0ca79574c52ea2b0d2fa0041429dc5414d0cce4c18bef56274	b6efa4d5ac11967babed26627536e32c9a19d562d5fa150f056f7744217939c6	52	55	6	6	3	0	0.057692307692307696	0.0
18	length_balanced_18	2026100528	0.2	70	localentity:eb7bac7a626cb929ed6d43aa	localentity:aae4d88d7dd87a6b9b170cac	35ded772a20b7fbb3c620927a1460f61856d06d496d88ea19d6c36c0188b0899	8fae9830656ace746d823f9b6392200ed2dd591fbc50da14e550ffd94e51dfd1	101	125	11	11	24	0	0.2376237623762376	0.0
18	length_balanced_18	2026100528	0.2	70	localentity:ec908be7a236c726e270b643	localentity:6cfed425bbe09fd2228dcdec	2f9dbc62c95bb68953a92d1e80f5f3f2e9e6fd873e180e77c5cfa8f9817f2ad1	ed0bb509307fea9c1b833c0d7e3e5313c42cfd669c9d19d24ccd9b810b63aa76	213	177	20	19	36	1	0.16901408450704225	0.05
18	length_balanced_18	2026100528	0.2	70	localentity:fcc22f2eac4763de5ab3b970	localentity:c74fdff99aead8264ce65d91	011974d219bab421b78dfed01b30b647f142848b74956d1c3c6679b62f9ceb89	e87ba8e48fd8bc4d9a401ab5aa874c6f1f6dce49407760df2bc93c3417ab7ba7	272	233	31	25	39	6	0.14338235294117646	0.1935483870967742
18	length_balanced_18	2026100528	0.2	70	localentity:fdb3569df605118d8a98eb43	localentity:7536111106ec557185a3073b	d942de671b2308a7ab59f39f18949c0f07f93b6768138c2720aacad06b3fbf8d	6a381588b792d00e10645c33e2b246c2e8dbdbaf80400df2172c5e1674f28860	36	50	5	6	14	1	0.3888888888888889	0.2
19	length_balanced_19	2026100526	0.2	76	localentity:028d462217cb771c4875d196	localentity:aac1641eb6476d7d3274844b	d942de671b2308a7ab59f39f18949c0f07f93b6768138c2720aacad06b3fbf8d	274898f8f29c4a0ca79574c52ea2b0d2fa0041429dc5414d0cce4c18bef56274	36	52	5	6	16	1	0.4444444444444444	0.2
19	length_balanced_19	2026100526	0.2	76	localentity:07aa24afd39f643b44d67ee7	localentity:e63625c4cedf6c47f2eb071c	b6efa4d5ac11967babed26627536e32c9a19d562d5fa150f056f7744217939c6	274898f8f29c4a0ca79574c52ea2b0d2fa0041429dc5414d0cce4c18bef56274	55	52	6	6	3	0	0.05454545454545454	0.0
19	length_balanced_19	2026100526	0.2	76	localentity:1e21c490ec65c6aa8f1d84b7	localentity:8bf1d242afa1e522b26081a6	04fbfd8af617351d4fe1d73b91d535ac0aa620a8b2567da12b8bdfed27807444	7341dff866fcad6c986ae9ab80a58d9627e36feb7e5dba6415fe8582414ab990	68	71	7	7	3	0	0.04411764705882353	0.0
19	length_balanced_19	2026100526	0.2	76	localentity:272e9169628f3a6ba7420d76	localentity:c1f58836c56bd545ab620fd4	93d04f2aa026899ac953748e356c886a68c42013012ba6f6eca775c25cae4a01	90d984635d0cc6bb66a9539ed83153a79dd8b9ab8d5245ceaff2b02d5b2a9826	48	57	9	8	9	1	0.1875	0.1111111111111111
19	length_balanced_19	2026100526	0.2	76	localentity:2b1b3658c6caa3941ee28882	localentity:7536111106ec557185a3073b	d942de671b2308a7ab59f39f18949c0f07f93b6768138c2720aacad06b3fbf8d	6a381588b792d00e10645c33e2b246c2e8dbdbaf80400df2172c5e1674f28860	36	50	5	6	14	1	0.3888888888888889	0.2
19	length_balanced_19	2026100526	0.2	76	localentity:2e169a0857dc1d4f0315b724	localentity:36b6809cd394b93106bc4aaf	c80c4516676027fbb57a05c76f9efbebd7221038647165221af116aa69d65afb	2f633ad1cb4e3029dacc27a126a04e57fc0fe03da3b8baf559db189b0dd7f1cb	83	85	10	11	2	1	0.024096385542168676	0.1
19	length_balanced_19	2026100526	0.2	76	localentity:3310497069b0015d6d6866dc	localentity:7059ad6b26889a2a5fb6d28f	81288f4bbd9799f7de93789ca60759f6382eb12b1942b0395d10fda06005e4d6	7b73e415b7f1ffcb51a675e9f9874718829e1b0b6e0f245c194826331a288fd7	171	181	20	19	10	1	0.05847953216374269	0.05
19	length_balanced_19	2026100526	0.2	76	localentity:36b6809cd394b93106bc4aaf	localentity:2e169a0857dc1d4f0315b724	2f633ad1cb4e3029dacc27a126a04e57fc0fe03da3b8baf559db189b0dd7f1cb	c80c4516676027fbb57a05c76f9efbebd7221038647165221af116aa69d65afb	85	83	11	10	2	1	0.023529411764705882	0.09090909090909091
19	length_balanced_19	2026100526	0.2	76	localentity:40b4083f36b311a7ee5ae78e	localentity:b4cfbd0ef230b997b022b207	59a0c61d78b8bf664c061fca507c003c8899e0328136e92de65b0f461cbcb040	b1c1241e17aca8ecd9ff64fa8a44e3cfa8b01e15ed834a54e2380c5ff0ef94bd	133	132	13	15	1	2	0.007518796992481203	0.15384615384615385
19	length_balanced_19	2026100526	0.2	76	localentity:454114ced8f67b52dae3185e	localentity:aae4d88d7dd87a6b9b170cac	35ded772a20b7fbb3c620927a1460f61856d06d496d88ea19d6c36c0188b0899	8fae9830656ace746d823f9b6392200ed2dd591fbc50da14e550ffd94e51dfd1	101	125	11	11	24	0	0.2376237623762376	0.0
19	length_balanced_19	2026100526	0.2	76	localentity:462e44494ff027730349f96b	localentity:dc353cf1b082054fe3df3b93	1d8333f8fb7dcb825b9a1cd780cac90c433ce67e18341c63f77119b3cb86eba6	00f2a54a074be251c2b6a807bf2a2bed61ee2a07a14fd06ad752ca2605e7d49a	73	73	7	7	0	0	0.0	0.0
19	length_balanced_19	2026100526	0.2	76	localentity:50e3f15b00a2b0d9880bb228	localentity:ec908be7a236c726e270b643	63ac7e4ab709c319d833c06d289a7fd7af9d840d58f651410e402e8d7842553c	2f9dbc62c95bb68953a92d1e80f5f3f2e9e6fd873e180e77c5cfa8f9817f2ad1	174	213	18	20	39	2	0.22413793103448276	0.1111111111111111
19	length_balanced_19	2026100526	0.2	76	localentity:587893b0464eb19053263023	localentity:ddcd67031137902587164378	1d8333f8fb7dcb825b9a1cd780cac90c433ce67e18341c63f77119b3cb86eba6	7341dff866fcad6c986ae9ab80a58d9627e36feb7e5dba6415fe8582414ab990	73	71	7	7	2	0	0.0273972602739726	0.0
19	length_balanced_19	2026100526	0.2	76	localentity:5a14856655c54b0826e246b9	localentity:587893b0464eb19053263023	5b3ca63f99a0ccbc2a14f63444f3c7ae71f39a43b1e7f1203bb072723970b2ce	1d8333f8fb7dcb825b9a1cd780cac90c433ce67e18341c63f77119b3cb86eba6	69	73	7	7	4	0	0.057971014492753624	0.0
19	length_balanced_19	2026100526	0.2	76	localentity:5bf84d38d462be69ef4627e7	localentity:fdb3569df605118d8a98eb43	274898f8f29c4a0ca79574c52ea2b0d2fa0041429dc5414d0cce4c18bef56274	d942de671b2308a7ab59f39f18949c0f07f93b6768138c2720aacad06b3fbf8d	52	36	6	5	16	1	0.3076923076923077	0.16666666666666666
19	length_balanced_19	2026100526	0.2	76	localentity:5ce728e1957de53bf9e827ff	localentity:6ea0c6e37fddf8fd506a9d36	53f9602d11058cd80e3f37ca3ae833affc28eacb99cf2f92726ca27666b1ddd6	7341dff866fcad6c986ae9ab80a58d9627e36feb7e5dba6415fe8582414ab990	61	71	7	7	10	0	0.16393442622950818	0.0
19	length_balanced_19	2026100526	0.2	76	localentity:6286353b35f2d03c954476a4	localentity:a6ecf5ebe170b8f50a18418f	1a27139960ee752b6a8f6231ccd228040c70faf034a073556d99fd78d32c12cd	d942de671b2308a7ab59f39f18949c0f07f93b6768138c2720aacad06b3fbf8d	45	36	6	5	9	1	0.2	0.16666666666666666
19	length_balanced_19	2026100526	0.2	76	localentity:6bfd4ac417754224d615e0fd	localentity:d321ea3d68897e0102a9df19	851d8b37b1bb22190bdf7f01230f17635dd14eb362ae05346a7e8271647ffb6c	55f3cd643eb9cfc1d63969b6f8834701d8783371fccecedac65b7b005d370208	68	63	8	8	5	0	0.07352941176470588	0.0
19	length_balanced_19	2026100526	0.2	76	localentity:6cfed425bbe09fd2228dcdec	localentity:3310497069b0015d6d6866dc	ed0bb509307fea9c1b833c0d7e3e5313c42cfd669c9d19d24ccd9b810b63aa76	81288f4bbd9799f7de93789ca60759f6382eb12b1942b0395d10fda06005e4d6	177	171	19	20	6	1	0.03389830508474576	0.05263157894736842
19	length_balanced_19	2026100526	0.2	76	localentity:6ea0c6e37fddf8fd506a9d36	localentity:5a14856655c54b0826e246b9	7341dff866fcad6c986ae9ab80a58d9627e36feb7e5dba6415fe8582414ab990	5b3ca63f99a0ccbc2a14f63444f3c7ae71f39a43b1e7f1203bb072723970b2ce	71	69	7	7	2	0	0.028169014084507043	0.0
19	length_balanced_19	2026100526	0.2	76	localentity:7059ad6b26889a2a5fb6d28f	localentity:960ef9ebe8b264bf1051ee8c	7b73e415b7f1ffcb51a675e9f9874718829e1b0b6e0f245c194826331a288fd7	1a0a0eba4cf56d9491264d3df1549007d1f533b72f592c1dd5aef6e6132f66d5	181	187	19	23	6	4	0.03314917127071823	0.21052631578947367
19	length_balanced_19	2026100526	0.2	76	localentity:7536111106ec557185a3073b	localentity:7ded944e56e6a89265bc4eae	6a381588b792d00e10645c33e2b246c2e8dbdbaf80400df2172c5e1674f28860	274898f8f29c4a0ca79574c52ea2b0d2fa0041429dc5414d0cce4c18bef56274	50	52	6	6	2	0	0.04	0.0
19	length_balanced_19	2026100526	0.2	76	localentity:782fc52de3b3df027712c4dc	localentity:9e736491b40ad49317383122	a40fd3def1140ad1bba96fe4389be43be9b052881fae50983fd2a798f43aa022	612987ee6997aed8fa39c1a8322093b5e85bad732a7b3d74ead7dbeb7c3956a2	153	148	17	15	5	2	0.032679738562091505	0.11764705882352941
19	length_balanced_19	2026100526	0.2	76	localentity:792c35007fd6b835fd4d16c4	localentity:b18ef729b45b2c454ac8932c	d72295968fc84ec82aa3ab17c7cef3a38ed13483e6b557f6cf646e28957ba38a	8563557a9e62ba1e88d03fa5151ec3c4b6961a0264b5de8124c7cb52d75e99dd	99	110	13	12	11	1	0.1111111111111111	0.07692307692307693
19	length_balanced_19	2026100526	0.2	76	localentity:7ded944e56e6a89265bc4eae	localentity:07aa24afd39f643b44d67ee7	274898f8f29c4a0ca79574c52ea2b0d2fa0041429dc5414d0cce4c18bef56274	b6efa4d5ac11967babed26627536e32c9a19d562d5fa150f056f7744217939c6	52	55	6	6	3	0	0.057692307692307696	0.0
19	length_balanced_19	2026100526	0.2	76	localentity:8883362cb7bc384cdfb665b3	localentity:e5404f13bc1e889099bae606	cdc066e9f49b5c2fb8827c1f5709a1eb459a4fc63a5f435fad085dad1f35cfb3	d58d2b6d4cfc44384af536672e0af7539b9dc919b0a6fc3d9e392258f4b1efec	379	369	41	39	10	2	0.026385224274406333	0.04878048780487805
19	length_balanced_19	2026100526	0.2	76	localentity:8b6ebc5c05ad29d84c76f634	localentity:d23e1f8eaba7eba32c459796	24130a414d9acc8b9e0212a9d40c7da3764d4cd6b31e33a1086a9d59ffaa6525	55f3cd643eb9cfc1d63969b6f8834701d8783371fccecedac65b7b005d370208	67	63	8	8	4	0	0.05970149253731343	0.0
19	length_balanced_19	2026100526	0.2	76	localentity:8bf1d242afa1e522b26081a6	localentity:1e21c490ec65c6aa8f1d84b7	7341dff866fcad6c986ae9ab80a58d9627e36feb7e5dba6415fe8582414ab990	04fbfd8af617351d4fe1d73b91d535ac0aa620a8b2567da12b8bdfed27807444	71	68	7	7	3	0	0.04225352112676056	0.0
19	length_balanced_19	2026100526	0.2	76	localentity:960ef9ebe8b264bf1051ee8c	localentity:50e3f15b00a2b0d9880bb228	1a0a0eba4cf56d9491264d3df1549007d1f533b72f592c1dd5aef6e6132f66d5	63ac7e4ab709c319d833c06d289a7fd7af9d840d58f651410e402e8d7842553c	187	174	23	18	13	5	0.06951871657754011	0.21739130434782608
19	length_balanced_19	2026100526	0.2	76	localentity:9e736491b40ad49317383122	localentity:782fc52de3b3df027712c4dc	612987ee6997aed8fa39c1a8322093b5e85bad732a7b3d74ead7dbeb7c3956a2	a40fd3def1140ad1bba96fe4389be43be9b052881fae50983fd2a798f43aa022	148	153	15	17	5	2	0.033783783783783786	0.13333333333333333
19	length_balanced_19	2026100526	0.2	76	localentity:9ebaad993a34cb81c36093e5	localentity:b8414499f9575213bc9951c5	80a99ce643c3daa2647011f1e2918826823a9a9fe01849fb296533e8a4550208	5967f7b34279a307fce6ff054e26b2389341c16dc21d2ce884e098c9b8a46628	61	60	6	6	1	0	0.01639344262295082	0.0
19	length_balanced_19	2026100526	0.2	76	localentity:a6ecf5ebe170b8f50a18418f	localentity:b74ff55a2dc32c1ea5811fca	d942de671b2308a7ab59f39f18949c0f07f93b6768138c2720aacad06b3fbf8d	36afba0acdfc13e711109c074586876f9a4f15063ecb4075ece57f315eacaf4f	36	49	5	5	13	0	0.3611111111111111	0.0
19	length_balanced_19	2026100526	0.2	76	localentity:a7edcf0395abe679c80950da	localentity:8883362cb7bc384cdfb665b3	e0a388cbaa922558e3f003bcafdff9e30d877ec0460ade601eacd926b751d8a2	cdc066e9f49b5c2fb8827c1f5709a1eb459a4fc63a5f435fad085dad1f35cfb3	691	379	78	41	312	37	0.4515195369030391	0.47435897435897434
19	length_balanced_19	2026100526	0.2	76	localentity:aac1641eb6476d7d3274844b	localentity:2b1b3658c6caa3941ee28882	274898f8f29c4a0ca79574c52ea2b0d2fa0041429dc5414d0cce4c18bef56274	d942de671b2308a7ab59f39f18949c0f07f93b6768138c2720aacad06b3fbf8d	52	36	6	5	16	1	0.3076923076923077	0.16666666666666666
19	length_balanced_19	2026100526	0.2	76	localentity:aae4d88d7dd87a6b9b170cac	localentity:b4e7d8261502f18b0a9cbc87	8fae9830656ace746d823f9b6392200ed2dd591fbc50da14e550ffd94e51dfd1	4845617182a06160ee3c7a095ce9a95bb8464c3b734de30ef1dd961e5f09ec21	125	97	11	11	28	0	0.224	0.0
19	length_balanced_19	2026100526	0.2	76	localentity:ad9318e0877eeaae6a8bbcfd	localentity:272e9169628f3a6ba7420d76	94100b5ed4a54caf7ceb9240fbf5fd03f3a48f3fae05ffdf6dd43e0d4a867adf	93d04f2aa026899ac953748e356c886a68c42013012ba6f6eca775c25cae4a01	54	48	8	9	6	1	0.1111111111111111	0.125
19	length_balanced_19	2026100526	0.2	76	localentity:b18ef729b45b2c454ac8932c	localentity:eb7bac7a626cb929ed6d43aa	8563557a9e62ba1e88d03fa5151ec3c4b6961a0264b5de8124c7cb52d75e99dd	35ded772a20b7fbb3c620927a1460f61856d06d496d88ea19d6c36c0188b0899	110	101	12	11	9	1	0.08181818181818182	0.08333333333333333
19	length_balanced_19	2026100526	0.2	76	localentity:b4cfbd0ef230b997b022b207	localentity:de0da30e013fa9b0ac4f3ed8	b1c1241e17aca8ecd9ff64fa8a44e3cfa8b01e15ed834a54e2380c5ff0ef94bd	cb6d0c7d700ff6c2f2beef588640dc100d673f712b49c5e87e7a6e5f26a49da4	132	128	15	14	4	1	0.030303030303030304	0.06666666666666667
19	length_balanced_19	2026100526	0.2	76	localentity:b4e7d8261502f18b0a9cbc87	localentity:454114ced8f67b52dae3185e	4845617182a06160ee3c7a095ce9a95bb8464c3b734de30ef1dd961e5f09ec21	35ded772a20b7fbb3c620927a1460f61856d06d496d88ea19d6c36c0188b0899	97	101	11	11	4	0	0.041237113402061855	0.0
19	length_balanced_19	2026100526	0.2	76	localentity:b50e885a27329923556ea367	localentity:e24cdf9c28a133f1f759182c	aad5fd5d9cca3ddbf8a90253a4561980ca60771585f0e8b7ae621777c594907a	7729d359e95bcc669735c6b140878e92b5a69a0c31d217cc3178754fc515af07	76	71	8	9	5	1	0.06578947368421052	0.125
19	length_balanced_19	2026100526	0.2	76	localentity:b74ff55a2dc32c1ea5811fca	localentity:028d462217cb771c4875d196	36afba0acdfc13e711109c074586876f9a4f15063ecb4075ece57f315eacaf4f	d942de671b2308a7ab59f39f18949c0f07f93b6768138c2720aacad06b3fbf8d	49	36	5	5	13	0	0.2653061224489796	0.0
19	length_balanced_19	2026100526	0.2	76	localentity:b8414499f9575213bc9951c5	localentity:9ebaad993a34cb81c36093e5	5967f7b34279a307fce6ff054e26b2389341c16dc21d2ce884e098c9b8a46628	80a99ce643c3daa2647011f1e2918826823a9a9fe01849fb296533e8a4550208	60	61	6	6	1	0	0.016666666666666666	0.0
19	length_balanced_19	2026100526	0.2	76	localentity:bffd6428b58a617fcc19a9b8	localentity:b50e885a27329923556ea367	1d8333f8fb7dcb825b9a1cd780cac90c433ce67e18341c63f77119b3cb86eba6	aad5fd5d9cca3ddbf8a90253a4561980ca60771585f0e8b7ae621777c594907a	73	76	7	8	3	1	0.0410958904109589	0.14285714285714285
19	length_balanced_19	2026100526	0.2	76	localentity:c1f58836c56bd545ab620fd4	localentity:ad9318e0877eeaae6a8bbcfd	90d984635d0cc6bb66a9539ed83153a79dd8b9ab8d5245ceaff2b02d5b2a9826	94100b5ed4a54caf7ceb9240fbf5fd03f3a48f3fae05ffdf6dd43e0d4a867adf	57	54	8	8	3	0	0.05263157894736842	0.0
19	length_balanced_19	2026100526	0.2	76	localentity:c74fdff99aead8264ce65d91	localentity:fcc22f2eac4763de5ab3b970	e87ba8e48fd8bc4d9a401ab5aa874c6f1f6dce49407760df2bc93c3417ab7ba7	011974d219bab421b78dfed01b30b647f142848b74956d1c3c6679b62f9ceb89	233	272	25	31	39	6	0.16738197424892703	0.24
19	length_balanced_19	2026100526	0.2	76	localentity:d23e1f8eaba7eba32c459796	localentity:8b6ebc5c05ad29d84c76f634	55f3cd643eb9cfc1d63969b6f8834701d8783371fccecedac65b7b005d370208	24130a414d9acc8b9e0212a9d40c7da3764d4cd6b31e33a1086a9d59ffaa6525	63	67	8	8	4	0	0.06349206349206349	0.0
19	length_balanced_19	2026100526	0.2	76	localentity:d321ea3d68897e0102a9df19	localentity:5ce728e1957de53bf9e827ff	55f3cd643eb9cfc1d63969b6f8834701d8783371fccecedac65b7b005d370208	53f9602d11058cd80e3f37ca3ae833affc28eacb99cf2f92726ca27666b1ddd6	63	61	8	7	2	1	0.031746031746031744	0.125
19	length_balanced_19	2026100526	0.2	76	localentity:dc353cf1b082054fe3df3b93	localentity:462e44494ff027730349f96b	00f2a54a074be251c2b6a807bf2a2bed61ee2a07a14fd06ad752ca2605e7d49a	1d8333f8fb7dcb825b9a1cd780cac90c433ce67e18341c63f77119b3cb86eba6	73	73	7	7	0	0	0.0	0.0
19	length_balanced_19	2026100526	0.2	76	localentity:ddcd67031137902587164378	localentity:bffd6428b58a617fcc19a9b8	7341dff866fcad6c986ae9ab80a58d9627e36feb7e5dba6415fe8582414ab990	1d8333f8fb7dcb825b9a1cd780cac90c433ce67e18341c63f77119b3cb86eba6	71	73	7	7	2	0	0.028169014084507043	0.0
19	length_balanced_19	2026100526	0.2	76	localentity:de0da30e013fa9b0ac4f3ed8	localentity:40b4083f36b311a7ee5ae78e	cb6d0c7d700ff6c2f2beef588640dc100d673f712b49c5e87e7a6e5f26a49da4	59a0c61d78b8bf664c061fca507c003c8899e0328136e92de65b0f461cbcb040	128	133	14	13	5	1	0.0390625	0.07142857142857142
19	length_balanced_19	2026100526	0.2	76	localentity:e24cdf9c28a133f1f759182c	localentity:6bfd4ac417754224d615e0fd	7729d359e95bcc669735c6b140878e92b5a69a0c31d217cc3178754fc515af07	851d8b37b1bb22190bdf7f01230f17635dd14eb362ae05346a7e8271647ffb6c	71	68	9	8	3	1	0.04225352112676056	0.1111111111111111
19	length_balanced_19	2026100526	0.2	76	localentity:e5404f13bc1e889099bae606	localentity:a7edcf0395abe679c80950da	d58d2b6d4cfc44384af536672e0af7539b9dc919b0a6fc3d9e392258f4b1efec	e0a388cbaa922558e3f003bcafdff9e30d877ec0460ade601eacd926b751d8a2	369	691	39	78	322	39	0.8726287262872628	1.0
19	length_balanced_19	2026100526	0.2	76	localentity:e63625c4cedf6c47f2eb071c	localentity:6286353b35f2d03c954476a4	274898f8f29c4a0ca79574c52ea2b0d2fa0041429dc5414d0cce4c18bef56274	1a27139960ee752b6a8f6231ccd228040c70faf034a073556d99fd78d32c12cd	52	45	6	6	7	0	0.1346153846153846	0.0
19	length_balanced_19	2026100526	0.2	76	localentity:eb7bac7a626cb929ed6d43aa	localentity:792c35007fd6b835fd4d16c4	35ded772a20b7fbb3c620927a1460f61856d06d496d88ea19d6c36c0188b0899	d72295968fc84ec82aa3ab17c7cef3a38ed13483e6b557f6cf646e28957ba38a	101	99	11	13	2	2	0.019801980198019802	0.18181818181818182
19	length_balanced_19	2026100526	0.2	76	localentity:ec908be7a236c726e270b643	localentity:6cfed425bbe09fd2228dcdec	2f9dbc62c95bb68953a92d1e80f5f3f2e9e6fd873e180e77c5cfa8f9817f2ad1	ed0bb509307fea9c1b833c0d7e3e5313c42cfd669c9d19d24ccd9b810b63aa76	213	177	20	19	36	1	0.16901408450704225	0.05
19	length_balanced_19	2026100526	0.2	76	localentity:fcc22f2eac4763de5ab3b970	localentity:c74fdff99aead8264ce65d91	011974d219bab421b78dfed01b30b647f142848b74956d1c3c6679b62f9ceb89	e87ba8e48fd8bc4d9a401ab5aa874c6f1f6dce49407760df2bc93c3417ab7ba7	272	233	31	25	39	6	0.14338235294117646	0.1935483870967742
19	length_balanced_19	2026100526	0.2	76	localentity:fdb3569df605118d8a98eb43	localentity:5bf84d38d462be69ef4627e7	d942de671b2308a7ab59f39f18949c0f07f93b6768138c2720aacad06b3fbf8d	274898f8f29c4a0ca79574c52ea2b0d2fa0041429dc5414d0cce4c18bef56274	36	52	5	6	16	1	0.4444444444444444	0.2
